T_len,rho,R2_target,phi_f,phi_eta,phi_u,z,rmsfe_base,rmsfe_rs,rel_rmsfe,rmse_pooled_base,rmse_pooled_rs,bias_base,var_base,bias_rs,var_rs,Q_ols,Q_rs_bag,Q_rs_subavg,L_ols,L_rs_bag,L_rs_subavg
500,0.000000,0.300000,0.3,0.7,0.0,2,1.079460,1.076399,0.997164,1.092913,1.089794,0.000004,1.194454,0.000005,1.187646,0.910284,1.178646,1.230642,1.011787,1.181064,1.233167
500,0.000000,0.300000,0.3,0.7,0.0,3,1.079460,1.072468,0.993523,1.092913,1.085764,0.000004,1.194454,0.000005,1.178878,0.910284,1.163042,1.208199,1.011787,1.167824,1.213166
500,0.000000,0.300000,0.3,0.7,0.0,4,1.079460,1.068635,0.989971,1.092913,1.081847,0.000004,1.194454,0.000006,1.170386,0.910284,1.147319,1.192505,1.011787,1.154410,1.199875
500,0.000000,0.300000,0.3,0.7,0.0,5,1.079460,1.064901,0.986513,1.092913,1.078030,0.000004,1.194454,0.000005,1.162144,0.910284,1.132167,1.179604,1.011787,1.141515,1.189344
500,0.000000,0.300000,0.3,0.7,0.0,6,1.079460,1.061373,0.983245,1.092913,1.074426,0.000004,1.194454,0.000006,1.154385,0.910284,1.117818,1.168246,1.011787,1.129379,1.180329
500,0.000000,0.300000,0.3,0.7,0.0,7,1.079460,1.058128,0.980238,1.092913,1.071101,0.000004,1.194454,0.000006,1.147250,0.910284,1.104211,1.157790,1.011787,1.117944,1.172189
500,0.000000,0.300000,0.3,0.7,0.0,8,1.079460,1.055273,0.977593,1.092913,1.068200,0.000004,1.194454,0.000007,1.141045,0.910284,1.091397,1.148004,1.011787,1.107266,1.164696
500,0.000000,0.300000,0.3,0.7,0.0,9,1.079460,1.052610,0.975126,1.092913,1.065470,0.000004,1.194454,0.000009,1.135218,0.910284,1.079336,1.138732,1.011787,1.097309,1.157693
500,0.000000,0.300000,0.3,0.7,0.0,10,1.079460,1.050217,0.972909,1.092913,1.063011,0.000004,1.194454,0.000009,1.129984,0.910284,1.068040,1.129904,1.011787,1.088089,1.151115
500,0.000000,0.300000,0.3,0.7,0.0,11,1.079460,1.047892,0.970756,1.092913,1.060668,0.000004,1.194454,0.000010,1.125007,0.910284,1.057383,1.121401,1.011787,1.079483,1.144840
500,0.000000,0.300000,0.3,0.7,0.0,12,1.079460,1.045851,0.968865,1.092913,1.058582,0.000004,1.194454,0.000010,1.120586,0.910284,1.047391,1.113223,1.011787,1.071523,1.138871
500,0.000000,0.300000,0.3,0.7,0.0,13,1.079460,1.043976,0.967128,1.092913,1.056669,0.000004,1.194454,0.000010,1.116539,0.910284,1.037977,1.105308,1.011787,1.064120,1.133148
500,0.000000,0.300000,0.3,0.7,0.0,14,1.079460,1.042385,0.965654,1.092913,1.055071,0.000004,1.194454,0.000011,1.113165,0.910284,1.029120,1.097635,1.011787,1.057259,1.127648
500,0.000000,0.300000,0.3,0.7,0.0,15,1.079460,1.041247,0.964600,1.092913,1.053881,0.000004,1.194454,0.000013,1.110652,0.910284,1.020770,1.090179,1.011787,1.050892,1.122348
500,0.000000,0.300000,0.3,0.7,0.0,16,1.079460,1.039856,0.963311,1.092913,1.052453,0.000004,1.194454,0.000013,1.107643,0.910284,1.012931,1.082947,1.011787,1.045023,1.117258
500,0.000000,0.300000,0.3,0.7,0.0,17,1.079460,1.038752,0.962289,1.092913,1.051352,0.000004,1.194454,0.000014,1.105326,0.910284,1.005546,1.075906,1.011787,1.039601,1.112344
500,0.000000,0.300000,0.3,0.7,0.0,18,1.079460,1.037839,0.961443,1.092913,1.050405,0.000004,1.194454,0.000016,1.103334,0.910284,0.998588,1.069050,1.011787,1.034597,1.107600
500,0.000000,0.300000,0.3,0.7,0.0,19,1.079460,1.036991,0.960657,1.092913,1.049536,0.000004,1.194454,0.000015,1.101511,0.910284,0.992032,1.062367,1.011787,1.029990,1.103015
500,0.000000,0.300000,0.3,0.7,0.0,20,1.079460,1.036502,0.960204,1.092913,1.049068,0.000004,1.194454,0.000016,1.100526,0.910284,0.985855,1.055840,1.011787,1.025757,1.098574
500,0.000000,0.300000,0.3,0.7,0.0,21,1.079460,1.035940,0.959683,1.092913,1.048476,0.000004,1.194454,0.000017,1.099286,0.910284,0.980033,1.049470,1.011787,1.021875,1.094278
500,0.000000,0.300000,0.3,0.7,0.0,22,1.079460,1.035709,0.959470,1.092913,1.048253,0.000004,1.194454,0.000018,1.098817,0.910284,0.974538,1.043237,1.011787,1.018320,1.090105
500,0.000000,0.300000,0.3,0.7,0.0,23,1.079460,1.035369,0.959154,1.092913,1.047891,0.000004,1.194454,0.000017,1.098059,0.910284,0.969390,1.037175,1.011787,1.015112,1.086095
500,0.000000,0.300000,0.3,0.7,0.0,24,1.079460,1.035301,0.959092,1.092913,1.047859,0.000004,1.194454,0.000019,1.097989,0.910284,0.964502,1.031207,1.011787,1.012163,1.082166
500,0.000000,0.300000,0.3,0.7,0.0,25,1.079460,1.035178,0.958977,1.092913,1.047713,0.000004,1.194454,0.000019,1.097682,0.910284,0.959931,1.025398,1.011787,1.009535,1.078386
500,0.000000,0.300000,0.3,0.7,0.0,26,1.079460,1.035519,0.959293,1.092913,1.048078,0.000004,1.194454,0.000021,1.098447,0.910284,0.955617,1.019702,1.011787,1.007167,1.074710
500,0.000000,0.300000,0.3,0.7,0.0,27,1.079460,1.035632,0.959398,1.092913,1.048173,0.000004,1.194454,0.000023,1.098644,0.910284,0.951564,1.014133,1.011787,1.005065,1.071152
500,0.000000,0.300000,0.3,0.7,0.0,28,1.079460,1.035981,0.959721,1.092913,1.048536,0.000004,1.194454,0.000025,1.099402,0.910284,0.947747,1.008665,1.011787,1.003202,1.067686
500,0.000000,0.300000,0.3,0.7,0.0,29,1.079460,1.036544,0.960243,1.092913,1.049121,0.000004,1.194454,0.000024,1.100631,0.910284,0.944155,1.003300,1.011787,1.001571,1.064313
500,0.000000,0.300000,0.3,0.7,0.0,30,1.079460,1.037090,0.960749,1.092913,1.049689,0.000004,1.194454,0.000024,1.101824,0.910284,0.940808,0.998070,1.011787,1.000193,1.061069
500,0.000000,0.300000,0.3,0.7,0.0,31,1.079460,1.037736,0.961347,1.092913,1.050345,0.000004,1.194454,0.000026,1.103200,0.910284,0.937656,0.992914,1.011787,0.999016,1.057890
500,0.000000,0.300000,0.3,0.7,0.0,32,1.079460,1.038345,0.961911,1.092913,1.050968,0.000004,1.194454,0.000026,1.104507,0.910284,0.934707,0.987862,1.011787,0.998051,1.054809
500,0.000000,0.300000,0.3,0.7,0.0,33,1.079460,1.039351,0.962843,1.092913,1.052013,0.000004,1.194454,0.000028,1.106704,0.910284,0.931953,0.982901,1.011787,0.997291,1.051810
500,0.000000,0.300000,0.3,0.7,0.0,34,1.079460,1.040292,0.963715,1.092913,1.052928,0.000004,1.194454,0.000029,1.108628,0.910284,0.929388,0.978029,1.011787,0.996729,1.048895
500,0.000000,0.300000,0.3,0.7,0.0,35,1.079460,1.041329,0.964676,1.092913,1.054026,0.000004,1.194454,0.000029,1.110941,0.910284,0.927006,0.973258,1.011787,0.996363,1.046075
500,0.000000,0.300000,0.3,0.7,0.0,36,1.079460,1.042382,0.965651,1.092913,1.055085,0.000004,1.194454,0.000030,1.113175,0.910284,0.924806,0.968573,1.011787,0.996190,1.043335
500,0.000000,0.300000,0.3,0.7,0.0,37,1.079460,1.043613,0.966792,1.092913,1.056339,0.000004,1.194454,0.000032,1.115820,0.910284,0.922765,0.963958,1.011787,0.996188,1.040660
500,0.000000,0.300000,0.3,0.7,0.0,38,1.079460,1.044814,0.967904,1.092913,1.057563,0.000004,1.194454,0.000030,1.118411,0.910284,0.920894,0.959420,1.011787,0.996371,1.038055
500,0.000000,0.300000,0.3,0.7,0.0,39,1.079460,1.046239,0.969224,1.092913,1.059016,0.000004,1.194454,0.000032,1.121482,0.910284,0.919181,0.954963,1.011787,0.996726,1.035526
500,0.000000,0.300000,0.3,0.7,0.0,40,1.079460,1.047716,0.970593,1.092913,1.060498,0.000004,1.194454,0.000032,1.124624,0.910284,0.917627,0.950572,1.011787,0.997254,1.033059
500,0.000000,0.300000,0.3,0.7,0.0,41,1.079460,1.049329,0.972087,1.092913,1.062144,0.000004,1.194454,0.000033,1.128117,0.910284,0.916228,0.946263,1.011787,0.997954,1.030669
500,0.000000,0.300000,0.3,0.7,0.0,42,1.079460,1.050981,0.973617,1.092913,1.063828,0.000004,1.194454,0.000035,1.131694,0.910284,0.914980,0.942018,1.011787,0.998823,1.028338
500,0.000000,0.300000,0.3,0.7,0.0,43,1.079460,1.052892,0.975387,1.092913,1.065758,0.000004,1.194454,0.000036,1.135804,0.910284,0.913881,0.937836,1.011787,0.999858,1.026067
500,0.000000,0.300000,0.3,0.7,0.0,44,1.079460,1.054556,0.976929,1.092913,1.067441,0.000004,1.194454,0.000037,1.139393,0.910284,0.912930,0.933724,1.011787,1.001060,1.023860
500,0.000000,0.300000,0.3,0.7,0.0,45,1.079460,1.056621,0.978842,1.092913,1.069539,0.000004,1.194454,0.000037,1.143877,0.910284,0.912125,0.929666,1.011787,1.002427,1.021705
500,0.000000,0.300000,0.3,0.7,0.0,46,1.079460,1.058693,0.980761,1.092913,1.071653,0.000004,1.194454,0.000038,1.148401,0.910284,0.911468,0.925683,1.011787,1.003964,1.019621
500,0.000000,0.300000,0.3,0.7,0.0,47,1.079460,1.060867,0.982776,1.092913,1.073858,0.000004,1.194454,0.000038,1.153133,0.910284,0.910953,0.921747,1.011787,1.005665,1.017581
500,0.000000,0.300000,0.3,0.7,0.0,48,1.079460,1.063071,0.984817,1.092913,1.076094,0.000004,1.194454,0.000040,1.157940,0.910284,0.910585,0.917878,1.011787,1.007536,1.015605
500,0.000000,0.300000,0.3,0.7,0.0,49,1.079460,1.065488,0.987056,1.092913,1.078536,0.000004,1.194454,0.000040,1.163200,0.910284,0.910361,0.914052,1.011787,1.009575,1.013669
500,0.000000,0.300000,0.3,0.7,0.0,50,1.079460,1.067940,0.989328,1.092913,1.081026,0.000004,1.194454,0.000041,1.168577,0.910284,0.910284,0.910284,1.011787,1.011787,1.011787
500,0.000000,0.300000,0.7,0.3,0.0,2,1.009314,1.008257,0.998952,1.023402,1.022313,0.000121,1.047231,0.000119,1.045006,0.901106,1.056950,1.107099,1.001586,1.059118,1.109370
500,0.000000,0.300000,0.7,0.3,0.0,3,1.009314,1.006889,0.997597,1.023402,1.020906,0.000121,1.047231,0.000120,1.042129,0.901106,1.049150,1.087329,1.001586,1.053464,1.091800
500,0.000000,0.300000,0.7,0.3,0.0,4,1.009314,1.005730,0.996449,1.023402,1.019733,0.000121,1.047231,0.000120,1.039734,0.901106,1.041353,1.075295,1.001586,1.047789,1.081940
500,0.000000,0.300000,0.7,0.3,0.0,5,1.009314,1.004523,0.995253,1.023402,1.018526,0.000121,1.047231,0.000121,1.037275,0.901106,1.033747,1.066367,1.001586,1.042283,1.075172
500,0.000000,0.300000,0.7,0.3,0.0,6,1.009314,1.003685,0.994423,1.023402,1.017660,0.000121,1.047231,0.000120,1.035511,0.901106,1.026396,1.059018,1.001586,1.037011,1.069971
500,0.000000,0.300000,0.7,0.3,0.0,7,1.009314,1.002712,0.993459,1.023402,1.016686,0.000121,1.047231,0.000121,1.033529,0.901106,1.019341,1.052606,1.001586,1.032018,1.065697
500,0.000000,0.300000,0.7,0.3,0.0,8,1.009314,1.001990,0.992743,1.023402,1.015941,0.000121,1.047231,0.000119,1.032018,0.901106,1.012593,1.046811,1.001586,1.027316,1.062032
500,0.000000,0.300000,0.7,0.3,0.0,9,1.009314,1.001208,0.991968,1.023402,1.015148,0.000121,1.047231,0.000117,1.030410,0.901106,1.006115,1.041420,1.001586,1.022868,1.058761
500,0.000000,0.300000,0.7,0.3,0.0,10,1.009314,1.000675,0.991440,1.023402,1.014594,0.000121,1.047231,0.000121,1.029280,0.901106,0.999943,1.036360,1.001586,1.018714,1.055815
500,0.000000,0.300000,0.7,0.3,0.0,11,1.009314,1.000134,0.990905,1.023402,1.014052,0.000121,1.047231,0.000117,1.028185,0.901106,0.994002,1.031510,1.001586,1.014778,1.053070
500,0.000000,0.300000,0.7,0.3,0.0,12,1.009314,0.999803,0.990576,1.023402,1.013704,0.000121,1.047231,0.000119,1.027477,0.901106,0.988351,1.026878,1.001586,1.011122,1.050537
500,0.000000,0.300000,0.7,0.3,0.0,13,1.009314,0.999434,0.990211,1.023402,1.013343,0.000121,1.047231,0.000119,1.026744,0.901106,0.982935,1.022389,1.001586,1.007692,1.048140
500,0.000000,0.300000,0.7,0.3,0.0,14,1.009314,0.999376,0.990154,1.023402,1.013275,0.000121,1.047231,0.000119,1.026606,0.901106,0.977775,1.018045,1.001586,1.004511,1.045882
500,0.000000,0.300000,0.7,0.3,0.0,15,1.009314,0.999210,0.989989,1.023402,1.013079,0.000121,1.047231,0.000119,1.026210,0.901106,0.972843,1.013814,1.001586,1.001550,1.043730
500,0.000000,0.300000,0.7,0.3,0.0,16,1.009314,0.999257,0.990035,1.023402,1.013145,0.000121,1.047231,0.000118,1.026345,0.901106,0.968124,1.009678,1.001586,0.998798,1.041669
500,0.000000,0.300000,0.7,0.3,0.0,17,1.009314,0.999237,0.990015,1.023402,1.013137,0.000121,1.047231,0.000119,1.026327,0.901106,0.963638,1.005645,1.001586,0.996274,1.039703
500,0.000000,0.300000,0.7,0.3,0.0,18,1.009314,0.999367,0.990145,1.023402,1.013248,0.000121,1.047231,0.000114,1.026558,0.901106,0.959351,1.001689,1.001586,0.993945,1.037810
500,0.000000,0.300000,0.7,0.3,0.0,19,1.009314,0.999525,0.990301,1.023402,1.013443,0.000121,1.047231,0.000117,1.026949,0.901106,0.955283,0.997825,1.001586,0.991835,1.036004
500,0.000000,0.300000,0.7,0.3,0.0,20,1.009314,0.999881,0.990654,1.023402,1.013805,0.000121,1.047231,0.000118,1.027683,0.901106,0.951392,0.994019,1.001586,0.989899,1.034252
500,0.000000,0.300000,0.7,0.3,0.0,21,1.009314,1.000258,0.991028,1.023402,1.014163,0.000121,1.047231,0.000119,1.028407,0.901106,0.947695,0.990285,1.001586,0.988158,1.032566
500,0.000000,0.300000,0.7,0.3,0.0,22,1.009314,1.000731,0.991496,1.023402,1.014648,0.000121,1.047231,0.000117,1.029393,0.901106,0.944171,0.986606,1.001586,0.986589,1.030930
500,0.000000,0.300000,0.7,0.3,0.0,23,1.009314,1.001199,0.991959,1.023402,1.015142,0.000121,1.047231,0.000118,1.030396,0.901106,0.940818,0.982982,1.001586,0.985193,1.029345
500,0.000000,0.300000,0.7,0.3,0.0,24,1.009314,1.001789,0.992544,1.023402,1.015742,0.000121,1.047231,0.000117,1.031614,0.901106,0.937642,0.979423,1.001586,0.983977,1.027822
500,0.000000,0.300000,0.7,0.3,0.0,25,1.009314,1.002405,0.993155,1.023402,1.016342,0.000121,1.047231,0.000122,1.032829,0.901106,0.934632,0.975918,1.001586,0.982929,1.026349
500,0.000000,0.300000,0.7,0.3,0.0,26,1.009314,1.003157,0.993899,1.023402,1.017119,0.000121,1.047231,0.000117,1.034414,0.901106,0.931782,0.972468,1.001586,0.982047,1.024928
500,0.000000,0.300000,0.7,0.3,0.0,27,1.009314,1.004021,0.994756,1.023402,1.017974,0.000121,1.047231,0.000119,1.036151,0.901106,0.929077,0.969059,1.001586,0.981314,1.023544
500,0.000000,0.300000,0.7,0.3,0.0,28,1.009314,1.004810,0.995537,1.023402,1.018788,0.000121,1.047231,0.000122,1.037807,0.901106,0.926527,0.965705,1.001586,0.980741,1.022212
500,0.000000,0.300000,0.7,0.3,0.0,29,1.009314,1.005627,0.996347,1.023402,1.019635,0.000121,1.047231,0.000119,1.039537,0.901106,0.924112,0.962383,1.001586,0.980309,1.020908
500,0.000000,0.300000,0.7,0.3,0.0,30,1.009314,1.006856,0.997565,1.023402,1.020871,0.000121,1.047231,0.000117,1.042061,0.901106,0.921843,0.959114,1.001586,0.980031,1.019654
500,0.000000,0.300000,0.7,0.3,0.0,31,1.009314,1.007792,0.998492,1.023402,1.021826,0.000121,1.047231,0.000118,1.044011,0.901106,0.919704,0.955881,1.001586,0.979890,1.018434
500,0.000000,0.300000,0.7,0.3,0.0,32,1.009314,1.008761,0.999451,1.023402,1.022822,0.000121,1.047231,0.000118,1.046048,0.901106,0.917700,0.952690,1.001586,0.979892,1.017253
500,0.000000,0.300000,0.7,0.3,0.0,33,1.009314,1.009949,1.000629,1.023402,1.024041,0.000121,1.047231,0.000119,1.048540,0.901106,0.915829,0.949548,1.001586,0.980037,1.016120
500,0.000000,0.300000,0.7,0.3,0.0,34,1.009314,1.011134,1.001803,1.023402,1.025229,0.000121,1.047231,0.000117,1.050978,0.901106,0.914078,0.946431,1.001586,0.980310,1.015008
500,0.000000,0.300000,0.7,0.3,0.0,35,1.009314,1.012534,1.003189,1.023402,1.026664,0.000121,1.047231,0.000120,1.053919,0.901106,0.912454,0.943367,1.001586,0.980722,1.013948
500,0.000000,0.300000,0.7,0.3,0.0,36,1.009314,1.013715,1.004360,1.023402,1.027874,0.000121,1.047231,0.000119,1.056406,0.901106,0.910940,0.940320,1.001586,0.981254,1.012903
500,0.000000,0.300000,0.7,0.3,0.0,37,1.009314,1.015095,1.005727,1.023402,1.029272,0.000121,1.047231,0.000118,1.059284,0.901106,0.909550,0.937323,1.001586,0.981922,1.011905
500,0.000000,0.300000,0.7,0.3,0.0,38,1.009314,1.016510,1.007130,1.023402,1.030701,0.000121,1.047231,0.000122,1.062224,0.901106,0.908268,0.934348,1.001586,0.982711,1.010928
500,0.000000,0.300000,0.7,0.3,0.0,39,1.009314,1.017958,1.008564,1.023402,1.032181,0.000121,1.047231,0.000119,1.065279,0.901106,0.907103,0.931421,1.001586,0.983629,1.009999
500,0.000000,0.300000,0.7,0.3,0.0,40,1.009314,1.019463,1.010055,1.023402,1.033712,0.000121,1.047231,0.000119,1.068442,0.901106,0.906045,0.928518,1.001586,0.984668,1.009091
500,0.000000,0.300000,0.7,0.3,0.0,41,1.009314,1.020990,1.011568,1.023402,1.035255,0.000121,1.047231,0.000120,1.071633,0.901106,0.905092,0.925642,1.001586,0.985826,1.008209
500,0.000000,0.300000,0.7,0.3,0.0,42,1.009314,1.022789,1.013350,1.023402,1.037087,0.000121,1.047231,0.000121,1.075428,0.901106,0.904247,0.922802,1.001586,0.987107,1.007362
500,0.000000,0.300000,0.7,0.3,0.0,43,1.009314,1.024518,1.015063,1.023402,1.038847,0.000121,1.047231,0.000121,1.079083,0.901106,0.903504,0.919988,1.001586,0.988505,1.006540
500,0.000000,0.300000,0.7,0.3,0.0,44,1.009314,1.026252,1.016781,1.023402,1.040599,0.000121,1.047231,0.000123,1.082723,0.901106,0.902866,0.917213,1.001586,0.990024,1.005757
500,0.000000,0.300000,0.7,0.3,0.0,45,1.009314,1.028067,1.018579,1.023402,1.042439,0.000121,1.047231,0.000124,1.086556,0.901106,0.902327,0.914458,1.001586,0.991659,1.004992
500,0.000000,0.300000,0.7,0.3,0.0,46,1.009314,1.029890,1.020386,1.023402,1.044302,0.000121,1.047231,0.000124,1.090444,0.901106,0.901887,0.911733,1.001586,0.993411,1.004257
500,0.000000,0.300000,0.7,0.3,0.0,47,1.009314,1.031820,1.022298,1.023402,1.046259,0.000121,1.047231,0.000124,1.094533,0.901106,0.901546,0.909039,1.001586,0.995281,1.003553
500,0.000000,0.300000,0.7,0.3,0.0,48,1.009314,1.033784,1.024244,1.023402,1.048261,0.000121,1.047231,0.000124,1.098726,0.901106,0.901303,0.906370,1.001586,0.997266,1.002872
500,0.000000,0.300000,0.7,0.3,0.0,49,1.009314,1.035793,1.026235,1.023402,1.050303,0.000121,1.047231,0.000124,1.103012,0.901106,0.901156,0.903725,1.001586,0.999368,1.002216
500,0.000000,0.300000,0.7,0.3,0.0,50,1.009314,1.037858,1.028280,1.023402,1.052406,0.000121,1.047231,0.000125,1.107435,0.901106,0.901106,0.901106,1.001586,1.001586,1.001586
500,0.000000,0.500000,0.3,0.7,0.0,2,1.187884,1.182363,0.995353,1.204864,1.199284,0.000052,1.451645,0.000051,1.438233,0.976403,1.433801,1.549233,1.085279,1.436743,1.552412
500,0.000000,0.500000,0.3,0.7,0.0,3,1.187884,1.174980,0.989137,1.204864,1.191819,0.000052,1.451645,0.000055,1.420378,0.976403,1.407873,1.501766,1.085279,1.413662,1.507940
500,0.000000,0.500000,0.3,0.7,0.0,4,1.187884,1.167707,0.983014,1.204864,1.184480,0.000052,1.451645,0.000052,1.402940,0.976403,1.381796,1.470656,1.085279,1.390336,1.479745
500,0.000000,0.500000,0.3,0.7,0.0,5,1.187884,1.160548,0.976988,1.204864,1.177253,0.000052,1.451645,0.000057,1.385867,0.976403,1.356580,1.446202,1.085279,1.367781,1.458144
500,0.000000,0.500000,0.3,0.7,0.0,6,1.187884,1.153751,0.971266,1.204864,1.170385,0.000052,1.451645,0.000056,1.369746,0.976403,1.332598,1.425265,1.085279,1.346381,1.440006
500,0.000000,0.500000,0.3,0.7,0.0,7,1.187884,1.147332,0.965863,1.204864,1.163945,0.000052,1.451645,0.000059,1.354708,0.976403,1.309829,1.406438,1.085279,1.326119,1.423930
500,0.000000,0.500000,0.3,0.7,0.0,8,1.187884,1.141183,0.960686,1.204864,1.157735,0.000052,1.451645,0.000060,1.340291,0.976403,1.288386,1.389119,1.085279,1.307118,1.409316
500,0.000000,0.500000,0.3,0.7,0.0,9,1.187884,1.135319,0.955749,1.204864,1.151841,0.000052,1.451645,0.000057,1.326680,0.976403,1.267986,1.372753,1.085279,1.289100,1.395612
500,0.000000,0.500000,0.3,0.7,0.0,10,1.187884,1.130154,0.951401,1.204864,1.146680,0.000052,1.451645,0.000062,1.314813,0.976403,1.248844,1.357308,1.085279,1.272287,1.382788
500,0.000000,0.500000,0.3,0.7,0.0,11,1.187884,1.124940,0.947012,1.204864,1.141454,0.000052,1.451645,0.000064,1.302854,0.976403,1.230747,1.342507,1.085279,1.256471,1.370567
500,0.000000,0.500000,0.3,0.7,0.0,12,1.187884,1.120512,0.943285,1.204864,1.137040,0.000052,1.451645,0.000064,1.292795,0.976403,1.213706,1.328300,1.085279,1.241670,1.358903
500,0.000000,0.500000,0.3,0.7,0.0,13,1.187884,1.115996,0.939483,1.204864,1.132450,0.000052,1.451645,0.000070,1.282373,0.976403,1.197585,1.314564,1.085279,1.227748,1.347674
500,0.000000,0.500000,0.3,0.7,0.0,14,1.187884,1.112067,0.936175,1.204864,1.128504,0.000052,1.451645,0.000065,1.273455,0.976403,1.182412,1.301297,1.085279,1.214743,1.336879
500,0.000000,0.500000,0.3,0.7,0.0,15,1.187884,1.108070,0.932810,1.204864,1.124571,0.000052,1.451645,0.000064,1.264595,0.976403,1.168047,1.288392,1.085279,1.202515,1.326411
500,0.000000,0.500000,0.3,0.7,0.0,16,1.187884,1.104569,0.929863,1.204864,1.121062,0.000052,1.451645,0.000068,1.256713,0.976403,1.154570,1.275928,1.085279,1.191150,1.316354
500,0.000000,0.500000,0.3,0.7,0.0,17,1.187884,1.101227,0.927049,1.204864,1.117677,0.000052,1.451645,0.000069,1.249133,0.976403,1.141782,1.263727,1.085279,1.180451,1.306526
500,0.000000,0.500000,0.3,0.7,0.0,18,1.187884,1.098482,0.924739,1.204864,1.114943,0.000052,1.451645,0.000074,1.243025,0.976403,1.129733,1.251859,1.085279,1.170471,1.297002
500,0.000000,0.500000,0.3,0.7,0.0,19,1.187884,1.095595,0.922308,1.204864,1.112137,0.000052,1.451645,0.000069,1.236780,0.976403,1.118340,1.240270,1.085279,1.161130,1.287725
500,0.000000,0.500000,0.3,0.7,0.0,20,1.187884,1.093172,0.920269,1.204864,1.109694,0.000052,1.451645,0.000074,1.231347,0.976403,1.107639,1.229008,1.085279,1.152470,1.278751
500,0.000000,0.500000,0.3,0.7,0.0,21,1.187884,1.090619,0.918120,1.204864,1.107144,0.000052,1.451645,0.000077,1.225690,0.976403,1.097495,1.217962,1.085279,1.144352,1.269963
500,0.000000,0.500000,0.3,0.7,0.0,22,1.187884,1.088720,0.916521,1.204864,1.105274,0.000052,1.451645,0.000076,1.221556,0.976403,1.087935,1.207175,1.085279,1.136811,1.261408
500,0.000000,0.500000,0.3,0.7,0.0,23,1.187884,1.086882,0.914974,1.204864,1.103429,0.000052,1.451645,0.000077,1.217477,0.976403,1.078953,1.196655,1.085279,1.129843,1.253096
500,0.000000,0.500000,0.3,0.7,0.0,24,1.187884,1.085504,0.913813,1.204864,1.102092,0.000052,1.451645,0.000079,1.214528,0.976403,1.070447,1.186316,1.085279,1.123343,1.244939
500,0.000000,0.500000,0.3,0.7,0.0,25,1.187884,1.084010,0.912556,1.204864,1.100623,0.000052,1.451645,0.000084,1.211286,0.976403,1.062448,1.176218,1.085279,1.117350,1.236999
500,0.000000,0.500000,0.3,0.7,0.0,26,1.187884,1.082785,0.911525,1.204864,1.099390,0.000052,1.451645,0.000086,1.208573,0.976403,1.054927,1.166338,1.085279,1.111834,1.229256
500,0.000000,0.500000,0.3,0.7,0.0,27,1.187884,1.081579,0.910509,1.204864,1.098225,0.000052,1.451645,0.000086,1.206013,0.976403,1.047836,1.156643,1.085279,1.106749,1.221674
500,0.000000,0.500000,0.3,0.7,0.0,28,1.187884,1.080665,0.909740,1.204864,1.097338,0.000052,1.451645,0.000089,1.204063,0.976403,1.041192,1.147171,1.085279,1.102115,1.214295
500,0.000000,0.500000,0.3,0.7,0.0,29,1.187884,1.080226,0.909370,1.204864,1.096941,0.000052,1.451645,0.000090,1.203190,0.976403,1.034951,1.137879,1.085279,1.097888,1.207075
500,0.000000,0.500000,0.3,0.7,0.0,30,1.187884,1.079686,0.908915,1.204864,1.096386,0.000052,1.451645,0.000093,1.201969,0.976403,1.029067,1.128720,1.085279,1.094022,1.199965
500,0.000000,0.500000,0.3,0.7,0.0,31,1.187884,1.079491,0.908751,1.204864,1.096248,0.000052,1.451645,0.000093,1.201666,0.976403,1.023571,1.119763,1.085279,1.090553,1.193040
500,0.000000,0.500000,0.3,0.7,0.0,32,1.187884,1.079351,0.908634,1.204864,1.096089,0.000052,1.451645,0.000097,1.201314,0.976403,1.018451,1.110992,1.085279,1.087471,1.186283
500,0.000000,0.500000,0.3,0.7,0.0,33,1.187884,1.079504,0.908763,1.204864,1.096284,0.000052,1.451645,0.000103,1.201736,0.976403,1.013657,1.102349,1.085279,1.084722,1.179633
500,0.000000,0.500000,0.3,0.7,0.0,34,1.187884,1.079631,0.908869,1.204864,1.096412,0.000052,1.451645,0.000102,1.202017,0.976403,1.009218,1.093908,1.085279,1.082344,1.173171
500,0.000000,0.500000,0.3,0.7,0.0,35,1.187884,1.079938,0.909128,1.204864,1.096734,0.000052,1.451645,0.000109,1.202716,0.976403,1.005081,1.085584,1.085279,1.080279,1.166805
500,0.000000,0.500000,0.3,0.7,0.0,36,1.187884,1.080731,0.909795,1.204864,1.097587,0.000052,1.451645,0.000112,1.204586,0.976403,1.001258,1.077420,1.085279,1.078543,1.160584
500,0.000000,0.500000,0.3,0.7,0.0,37,1.187884,1.081325,0.910296,1.204864,1.098203,0.000052,1.451645,0.000118,1.205932,0.976403,0.997731,1.069386,1.085279,1.077119,1.154476
500,0.000000,0.500000,0.3,0.7,0.0,38,1.187884,1.082065,0.910918,1.204864,1.098978,0.000052,1.451645,0.000116,1.207636,0.976403,0.994500,1.061502,1.085279,1.076010,1.148503
500,0.000000,0.500000,0.3,0.7,0.0,39,1.187884,1.083108,0.911797,1.204864,1.100038,0.000052,1.451645,0.000119,1.209964,0.976403,0.991561,1.053761,1.085279,1.075211,1.142659
500,0.000000,0.500000,0.3,0.7,0.0,40,1.187884,1.084366,0.912856,1.204864,1.101323,0.000052,1.451645,0.000120,1.212792,0.976403,0.988891,1.046146,1.085279,1.074702,1.136926
500,0.000000,0.500000,0.3,0.7,0.0,41,1.187884,1.085657,0.913943,1.204864,1.102636,0.000052,1.451645,0.000126,1.215680,0.976403,0.986494,1.038659,1.085279,1.074488,1.131306
500,0.000000,0.500000,0.3,0.7,0.0,42,1.187884,1.087217,0.915255,1.204864,1.104228,0.000052,1.451645,0.000129,1.219191,0.976403,0.984356,1.031280,1.085279,1.074555,1.125780
500,0.000000,0.500000,0.3,0.7,0.0,43,1.187884,1.088865,0.916643,1.204864,1.105883,0.000052,1.451645,0.000135,1.222842,0.976403,0.982486,1.024041,1.085279,1.074917,1.120381
500,0.000000,0.500000,0.3,0.7,0.0,44,1.187884,1.090749,0.918229,1.204864,1.107800,0.000052,1.451645,0.000138,1.227083,0.976403,0.980870,1.016908,1.085279,1.075558,1.115075
500,0.000000,0.500000,0.3,0.7,0.0,45,1.187884,1.092641,0.919822,1.204864,1.109738,0.000052,1.451645,0.000145,1.231373,0.976403,0.979505,1.009883,1.085279,1.076478,1.109863
500,0.000000,0.500000,0.3,0.7,0.0,46,1.187884,1.094852,0.921683,1.204864,1.111962,0.000052,1.451645,0.000151,1.236308,0.976403,0.978392,1.002981,1.085279,1.077680,1.104764
500,0.000000,0.500000,0.3,0.7,0.0,47,1.187884,1.097183,0.923645,1.204864,1.114321,0.000052,1.451645,0.000155,1.241557,0.976403,0.977526,0.996188,1.085279,1.079159,1.099762
500,0.000000,0.500000,0.3,0.7,0.0,48,1.187884,1.099700,0.925764,1.204864,1.116884,0.000052,1.451645,0.000160,1.247269,0.976403,0.976906,0.989484,1.085279,1.080918,1.094835
500,0.000000,0.500000,0.3,0.7,0.0,49,1.187884,1.102287,0.927942,1.204864,1.119473,0.000052,1.451645,0.000165,1.253054,0.976403,0.976532,0.982898,1.085279,1.082958,1.090017
500,0.000000,0.500000,0.3,0.7,0.0,50,1.187884,1.105122,0.930329,1.204864,1.122338,0.000052,1.451645,0.000172,1.259470,0.976403,0.976403,0.976403,1.085279,1.085279,1.085279
500,0.000000,0.500000,0.7,0.3,0.0,2,1.053890,1.052154,0.998353,1.068103,1.066317,0.000019,1.140825,0.000017,1.137015,0.926704,1.144385,1.255283,1.030038,1.146733,1.257858
500,0.000000,0.500000,0.7,0.3,0.0,3,1.053890,1.050231,0.996528,1.068103,1.064333,0.000019,1.140825,0.000016,1.132790,0.926704,1.134163,1.213574,1.030038,1.138826,1.218564
500,0.000000,0.500000,0.7,0.3,0.0,4,1.053890,1.048125,0.994529,1.068103,1.062202,0.000019,1.140825,0.000014,1.128260,0.926704,1.123948,1.189923,1.030038,1.130894,1.197277
500,0.000000,0.500000,0.7,0.3,0.0,5,1.053890,1.046192,0.992695,1.068103,1.060193,0.000019,1.140825,0.000012,1.123996,0.926704,1.113980,1.173535,1.030038,1.123178,1.183225
500,0.000000,0.500000,0.7,0.3,0.0,6,1.053890,1.044627,0.991210,1.068103,1.058566,0.000019,1.140825,0.000011,1.120551,0.926704,1.104257,1.160741,1.030038,1.115678,1.172746
500,0.000000,0.500000,0.7,0.3,0.0,7,1.053890,1.042888,0.989560,1.068103,1.056765,0.000019,1.140825,0.000009,1.116743,0.926704,1.094912,1.150085,1.030038,1.108530,1.164389
500,0.000000,0.500000,0.7,0.3,0.0,8,1.053890,1.041472,0.988217,1.068103,1.055305,0.000019,1.140825,0.000008,1.113660,0.926704,1.085913,1.140788,1.030038,1.101702,1.157375
500,0.000000,0.500000,0.7,0.3,0.0,9,1.053890,1.039977,0.986798,1.068103,1.053789,0.000019,1.140825,0.000007,1.110464,0.926704,1.077175,1.132335,1.030038,1.095112,1.151190
500,0.000000,0.500000,0.7,0.3,0.0,10,1.053890,1.038812,0.985693,1.068103,1.052574,0.000019,1.140825,0.000006,1.107906,0.926704,1.068825,1.124583,1.030038,1.088889,1.145694
500,0.000000,0.500000,0.7,0.3,0.0,11,1.053890,1.037787,0.984720,1.068103,1.051516,0.000019,1.140825,0.000005,1.105680,0.926704,1.060771,1.117297,1.030038,1.082943,1.140650
500,0.000000,0.500000,0.7,0.3,0.0,12,1.053890,1.036682,0.983672,1.068103,1.050360,0.000019,1.140825,0.000004,1.103252,0.926704,1.053011,1.110377,1.030038,1.077272,1.135960
500,0.000000,0.500000,0.7,0.3,0.0,13,1.053890,1.035719,0.982758,1.068103,1.049360,0.000019,1.140825,0.000003,1.101154,0.926704,1.045574,1.103772,1.030038,1.071909,1.131573
500,0.000000,0.500000,0.7,0.3,0.0,14,1.053890,1.035043,0.982116,1.068103,1.048625,0.000019,1.140825,0.000002,1.099612,0.926704,1.038433,1.097414,1.030038,1.066827,1.127422
500,0.000000,0.500000,0.7,0.3,0.0,15,1.053890,1.034329,0.981439,1.068103,1.047856,0.000019,1.140825,0.000002,1.098001,0.926704,1.031563,1.091250,1.030038,1.062004,1.123451
500,0.000000,0.500000,0.7,0.3,0.0,16,1.053890,1.033562,0.980711,1.068103,1.047074,0.000019,1.140825,0.000001,1.096362,0.926704,1.024996,1.085284,1.030038,1.057471,1.119670
500,0.000000,0.500000,0.7,0.3,0.0,17,1.053890,1.033061,0.980236,1.068103,1.046536,0.000019,1.140825,0.000001,1.095237,0.926704,1.018679,1.079444,1.030038,1.053179,1.116002
500,0.000000,0.500000,0.7,0.3,0.0,18,1.053890,1.032742,0.979933,1.068103,1.046209,0.000019,1.140825,0.000001,1.094553,0.926704,1.012634,1.073754,1.030038,1.049150,1.112474
500,0.000000,0.500000,0.7,0.3,0.0,19,1.053890,1.032717,0.979909,1.068103,1.046099,0.000019,1.140825,0.000000,1.094323,0.926704,1.006847,1.068188,1.030038,1.045372,1.109060
500,0.000000,0.500000,0.7,0.3,0.0,20,1.053890,1.032408,0.979616,1.068103,1.045787,0.000019,1.140825,0.000000,1.093670,0.926704,1.001294,1.062704,1.030038,1.041821,1.105716
500,0.000000,0.500000,0.7,0.3,0.0,21,1.053890,1.032369,0.979579,1.068103,1.045729,0.000019,1.140825,0.000000,1.093548,0.926704,0.995990,1.057330,1.030038,1.038514,1.102474
500,0.000000,0.500000,0.7,0.3,0.0,22,1.053890,1.032476,0.979681,1.068103,1.045790,0.000019,1.140825,0.000000,1.093677,0.926704,0.990929,1.052053,1.030038,1.035447,1.099318
500,0.000000,0.500000,0.7,0.3,0.0,23,1.053890,1.032453,0.979659,1.068103,1.045729,0.000019,1.140825,0.000000,1.093549,0.926704,0.986099,1.046859,1.030038,1.032609,1.096236
500,0.000000,0.500000,0.7,0.3,0.0,24,1.053890,1.032796,0.979985,1.068103,1.046066,0.000019,1.140825,0.000000,1.094253,0.926704,0.981473,1.041724,1.030038,1.029974,1.093202
500,0.000000,0.500000,0.7,0.3,0.0,25,1.053890,1.033118,0.980290,1.068103,1.046357,0.000019,1.140825,0.000000,1.094862,0.926704,0.977089,1.036684,1.030038,1.027581,1.090255
500,0.000000,0.500000,0.7,0.3,0.0,26,1.053890,1.033438,0.980593,1.068103,1.046660,0.000019,1.140825,0.000001,1.095496,0.926704,0.972903,1.031688,1.030038,1.025386,1.087343
500,0.000000,0.500000,0.7,0.3,0.0,27,1.053890,1.034041,0.981165,1.068103,1.047209,0.000019,1.140825,0.000001,1.096646,0.926704,0.968917,1.026760,1.030038,1.023394,1.084489
500,0.000000,0.500000,0.7,0.3,0.0,28,1.053890,1.034592,0.981689,1.068103,1.047733,0.000019,1.140825,0.000002,1.097744,0.926704,0.965152,1.021904,1.030038,1.021626,1.081699
500,0.000000,0.500000,0.7,0.3,0.0,29,1.053890,1.035299,0.982360,1.068103,1.048455,0.000019,1.140825,0.000001,1.099257,0.926704,0.961583,1.017103,1.030038,1.020059,1.078955
500,0.000000,0.500000,0.7,0.3,0.0,30,1.053890,1.036101,0.983121,1.068103,1.049228,0.000019,1.140825,0.000003,1.100877,0.926704,0.958218,1.012377,1.030038,1.018702,1.076279
500,0.000000,0.500000,0.7,0.3,0.0,31,1.053890,1.037013,0.983986,1.068103,1.050120,0.000019,1.140825,0.000003,1.102748,0.926704,0.955035,1.007687,1.030038,1.017532,1.073631
500,0.000000,0.500000,0.7,0.3,0.0,32,1.053890,1.037903,0.984830,1.068103,1.050993,0.000019,1.140825,0.000004,1.104583,0.926704,0.952019,1.003027,1.030038,1.016536,1.071001
500,0.000000,0.500000,0.7,0.3,0.0,33,1.053890,1.039064,0.985932,1.068103,1.052145,0.000019,1.140825,0.000005,1.107005,0.926704,0.949204,0.998438,1.030038,1.015752,1.068438
500,0.000000,0.500000,0.7,0.3,0.0,34,1.053890,1.040026,0.986845,1.068103,1.053106,0.000019,1.140825,0.000006,1.109026,0.926704,0.946568,0.993898,1.030038,1.015155,1.065914
500,0.000000,0.500000,0.7,0.3,0.0,35,1.053890,1.041289,0.988043,1.068103,1.054343,0.000019,1.140825,0.000007,1.111633,0.926704,0.944112,0.989411,1.030038,1.014749,1.063437
500,0.000000,0.500000,0.7,0.3,0.0,36,1.053890,1.042449,0.989144,1.068103,1.055515,0.000019,1.140825,0.000008,1.114103,0.926704,0.941822,0.984955,1.030038,1.014520,1.060982
500,0.000000,0.500000,0.7,0.3,0.0,37,1.053890,1.043877,0.990499,1.068103,1.056902,0.000019,1.140825,0.000008,1.117033,0.926704,0.939701,0.980544,1.030038,1.014473,1.058565
500,0.000000,0.500000,0.7,0.3,0.0,38,1.053890,1.045372,0.991917,1.068103,1.058382,0.000019,1.140825,0.000010,1.120164,0.926704,0.937748,0.976170,1.030038,1.014607,1.056178
500,0.000000,0.500000,0.7,0.3,0.0,39,1.053890,1.046783,0.993256,1.068103,1.059815,0.000019,1.140825,0.000011,1.123196,0.926704,0.935962,0.971843,1.030038,1.014923,1.053831
500,0.000000,0.500000,0.7,0.3,0.0,40,1.053890,1.048548,0.994931,1.068103,1.061561,0.000019,1.140825,0.000012,1.126899,0.926704,0.934340,0.967557,1.030038,1.015418,1.051518
500,0.000000,0.500000,0.7,0.3,0.0,41,1.053890,1.050228,0.996525,1.068103,1.063239,0.000019,1.140825,0.000015,1.130464,0.926704,0.932878,0.963309,1.030038,1.016090,1.049236
500,0.000000,0.500000,0.7,0.3,0.0,42,1.053890,1.051998,0.998204,1.068103,1.065009,0.000019,1.140825,0.000016,1.134228,0.926704,0.931576,0.959102,1.030038,1.016940,1.046988
500,0.000000,0.500000,0.7,0.3,0.0,43,1.053890,1.053905,1.000014,1.068103,1.066920,0.000019,1.140825,0.000019,1.138299,0.926704,0.930432,0.954935,1.030038,1.017965,1.044775
500,0.000000,0.500000,0.7,0.3,0.0,44,1.053890,1.055834,1.001844,1.068103,1.068853,0.000019,1.140825,0.000018,1.142428,0.926704,0.929438,0.950784,1.030038,1.019161,1.042568
500,0.000000,0.500000,0.7,0.3,0.0,45,1.053890,1.057880,1.003785,1.068103,1.070901,0.000019,1.140825,0.000021,1.146807,0.926704,0.928604,0.946694,1.030038,1.020538,1.040419
500,0.000000,0.500000,0.7,0.3,0.0,46,1.053890,1.059946,1.005746,1.068103,1.072973,0.000019,1.140825,0.000023,1.151247,0.926704,0.927922,0.942631,1.030038,1.022088,1.038290
500,0.000000,0.500000,0.7,0.3,0.0,47,1.053890,1.062245,1.007928,1.068103,1.075275,0.000019,1.140825,0.000025,1.156190,0.926704,0.927391,0.938600,1.030038,1.023812,1.036186
500,0.000000,0.500000,0.7,0.3,0.0,48,1.053890,1.064467,1.010036,1.068103,1.077510,0.000019,1.140825,0.000028,1.161001,0.926704,0.927012,0.934607,1.030038,1.025712,1.034115
500,0.000000,0.500000,0.7,0.3,0.0,49,1.053890,1.066914,1.012358,1.068103,1.079962,0.000019,1.140825,0.000029,1.166290,0.926704,0.926782,0.930634,1.030038,1.027786,1.032058
500,0.000000,0.500000,0.7,0.3,0.0,50,1.053890,1.069321,1.014642,1.068103,1.082387,0.000019,1.140825,0.000032,1.171530,0.926704,0.926704,0.926704,1.030038,1.030038,1.030038
500,0.000000,0.100000,0.3,0.7,0.0,2,0.991918,0.990312,0.998380,1.005255,1.003624,0.000005,1.010533,0.000007,1.007254,0.916245,1.044997,1.061976,1.018415,1.047141,1.064155
500,0.000000,0.100000,0.3,0.7,0.0,3,0.991918,0.988045,0.996096,1.005255,1.001312,0.000005,1.010533,0.000010,1.002616,0.916245,1.035538,1.053445,1.018415,1.039796,1.057776
500,0.000000,0.100000,0.3,0.7,0.0,4,0.991918,0.985955,0.993988,1.005255,0.999209,0.000005,1.010533,0.000014,0.998404,0.916245,1.026220,1.046485,1.018415,1.032562,1.052952
500,0.000000,0.100000,0.3,0.7,0.0,5,0.991918,0.984050,0.992068,1.005255,0.997287,0.000005,1.010533,0.000018,0.994563,0.916245,1.017527,1.040284,1.018415,1.025929,1.048874
500,0.000000,0.100000,0.3,0.7,0.0,6,0.991918,0.982435,0.990439,1.005255,0.995635,0.000005,1.010533,0.000022,0.991268,0.916245,1.009519,1.034561,1.018415,1.019960,1.045261
500,0.000000,0.100000,0.3,0.7,0.0,7,0.991918,0.981172,0.989166,1.005255,0.994373,0.000005,1.010533,0.000026,0.988752,0.916245,1.002207,1.029224,1.018415,1.014671,1.042025
500,0.000000,0.100000,0.3,0.7,0.0,8,0.991918,0.979962,0.987947,1.005255,0.993141,0.000005,1.010533,0.000030,0.986300,0.916245,0.995513,1.024188,1.018415,1.009987,1.039080
500,0.000000,0.100000,0.3,0.7,0.0,9,0.991918,0.979147,0.987125,1.005255,0.992319,0.000005,1.010533,0.000034,0.984662,0.916245,0.989432,1.019448,1.018415,1.005908,1.036424
500,0.000000,0.100000,0.3,0.7,0.0,10,0.991918,0.978497,0.986469,1.005255,0.991672,0.000005,1.010533,0.000038,0.983375,0.916245,0.983844,1.014929,1.018415,1.002313,1.033981
500,0.000000,0.100000,0.3,0.7,0.0,11,0.991918,0.977806,0.985773,1.005255,0.990986,0.000005,1.010533,0.000045,0.982008,0.916245,0.978728,1.010627,1.018415,0.999185,1.031751
500,0.000000,0.100000,0.3,0.7,0.0,12,0.991918,0.977446,0.985410,1.005255,0.990652,0.000005,1.010533,0.000050,0.981341,0.916245,0.974022,1.006515,1.018415,0.996464,1.029705
500,0.000000,0.100000,0.3,0.7,0.0,13,0.991918,0.977250,0.985213,1.005255,0.990432,0.000005,1.010533,0.000052,0.980904,0.916245,0.969700,1.002589,1.018415,0.994124,1.027842
500,0.000000,0.100000,0.3,0.7,0.0,14,0.991918,0.977040,0.985001,1.005255,0.990242,0.000005,1.010533,0.000057,0.980523,0.916245,0.965710,0.998825,1.018415,0.992116,1.026136
500,0.000000,0.100000,0.3,0.7,0.0,15,0.991918,0.976997,0.984958,1.005255,0.990211,0.000005,1.010533,0.000062,0.980456,0.916245,0.962022,0.995214,1.018415,0.990410,1.024582
500,0.000000,0.100000,0.3,0.7,0.0,16,0.991918,0.977017,0.984977,1.005255,0.990238,0.000005,1.010533,0.000065,0.980505,0.916245,0.958613,0.991747,1.018415,0.988985,1.023169
500,0.000000,0.100000,0.3,0.7,0.0,17,0.991918,0.977027,0.984988,1.005255,0.990249,0.000005,1.010533,0.000069,0.980523,0.916245,0.955439,0.988401,1.018415,0.987798,1.021876
500,0.000000,0.100000,0.3,0.7,0.0,18,0.991918,0.977223,0.985185,1.005255,0.990476,0.000005,1.010533,0.000073,0.980969,0.916245,0.952501,0.985188,1.018415,0.986848,1.020715
500,0.000000,0.100000,0.3,0.7,0.0,19,0.991918,0.977504,0.985468,1.005255,0.990763,0.000005,1.010533,0.000077,0.981534,0.916245,0.949753,0.982076,1.018415,0.986093,1.019653
500,0.000000,0.100000,0.3,0.7,0.0,20,0.991918,0.977749,0.985715,1.005255,0.991021,0.000005,1.010533,0.000082,0.982042,0.916245,0.947198,0.979078,1.018415,0.985535,1.018706
500,0.000000,0.100000,0.3,0.7,0.0,21,0.991918,0.978228,0.986198,1.005255,0.991470,0.000005,1.010533,0.000083,0.982929,0.916245,0.944801,0.976167,1.018415,0.985140,1.017845
500,0.000000,0.100000,0.3,0.7,0.0,22,0.991918,0.978652,0.986625,1.005255,0.991928,0.000005,1.010533,0.000088,0.983833,0.916245,0.942564,0.973354,1.018415,0.984910,1.017083
500,0.000000,0.100000,0.3,0.7,0.0,23,0.991918,0.979082,0.987059,1.005255,0.992374,0.000005,1.010533,0.000093,0.984714,0.916245,0.940464,0.970621,1.018415,0.984823,1.016402
500,0.000000,0.100000,0.3,0.7,0.0,24,0.991918,0.979703,0.987686,1.005255,0.993015,0.000005,1.010533,0.000095,0.985983,0.916245,0.938500,0.967972,1.018415,0.984877,1.015806
500,0.000000,0.100000,0.3,0.7,0.0,25,0.991918,0.980225,0.988212,1.005255,0.993523,0.000005,1.010533,0.000098,0.986989,0.916245,0.936663,0.965409,1.018415,0.985066,1.015298
500,0.000000,0.100000,0.3,0.7,0.0,26,0.991918,0.980772,0.988763,1.005255,0.994075,0.000005,1.010533,0.000101,0.988084,0.916245,0.934923,0.962898,1.018415,0.985358,1.014842
500,0.000000,0.100000,0.3,0.7,0.0,27,0.991918,0.981588,0.989586,1.005255,0.994909,0.000005,1.010533,0.000105,0.989739,0.916245,0.933294,0.960462,1.018415,0.985769,1.014464
500,0.000000,0.100000,0.3,0.7,0.0,28,0.991918,0.982147,0.990150,1.005255,0.995496,0.000005,1.010533,0.000110,0.990903,0.916245,0.931760,0.958083,1.018415,0.986281,1.014145
500,0.000000,0.100000,0.3,0.7,0.0,29,0.991918,0.982976,0.990985,1.005255,0.996342,0.000005,1.010533,0.000113,0.992584,0.916245,0.930327,0.955778,1.018415,0.986903,1.013901
500,0.000000,0.100000,0.3,0.7,0.0,30,0.991918,0.983697,0.991712,1.005255,0.997059,0.000005,1.010533,0.000116,0.994010,0.916245,0.928969,0.953508,1.018415,0.987607,1.013695
500,0.000000,0.100000,0.3,0.7,0.0,31,0.991918,0.984589,0.992612,1.005255,0.997953,0.000005,1.010533,0.000119,0.995792,0.916245,0.927701,0.951303,1.018415,0.988410,1.013557
500,0.000000,0.100000,0.3,0.7,0.0,32,0.991918,0.985351,0.993379,1.005255,0.998743,0.000005,1.010533,0.000123,0.997364,0.916245,0.926504,0.949136,1.018415,0.989293,1.013460
500,0.000000,0.100000,0.3,0.7,0.0,33,0.991918,0.986210,0.994246,1.005255,0.999631,0.000005,1.010533,0.000126,0.999136,0.916245,0.925385,0.947022,1.018415,0.990263,1.013418
500,0.000000,0.100000,0.3,0.7,0.0,34,0.991918,0.987180,0.995224,1.005255,1.000591,0.000005,1.010533,0.000128,1.001055,0.916245,0.924339,0.944956,1.018415,0.991316,1.013427
500,0.000000,0.100000,0.3,0.7,0.0,35,0.991918,0.988032,0.996082,1.005255,1.001470,0.000005,1.010533,0.000131,1.002812,0.916245,0.923362,0.942928,1.018415,0.992448,1.013478
500,0.000000,0.100000,0.3,0.7,0.0,36,0.991918,0.989134,0.997194,1.005255,1.002585,0.000005,1.010533,0.000135,1.005041,0.916245,0.922453,0.940942,1.018415,0.993656,1.013573
500,0.000000,0.100000,0.3,0.7,0.0,37,0.991918,0.990249,0.998317,1.005255,1.003716,0.000005,1.010533,0.000138,1.007308,0.916245,0.921607,0.938991,1.018415,0.994940,1.013707
500,0.000000,0.100000,0.3,0.7,0.0,38,0.991918,0.991233,0.999309,1.005255,1.004720,0.000005,1.010533,0.000140,1.009322,0.916245,0.920825,0.937074,1.018415,0.996298,1.013879
500,0.000000,0.100000,0.3,0.7,0.0,39,0.991918,0.992368,1.000453,1.005255,1.005874,0.000005,1.010533,0.000144,1.011638,0.916245,0.920107,0.935193,1.018415,0.997731,1.014090
500,0.000000,0.100000,0.3,0.7,0.0,40,0.991918,0.993527,1.001622,1.005255,1.007056,0.000005,1.010533,0.000148,1.014014,0.916245,0.919448,0.933339,1.018415,0.999234,1.014331
500,0.000000,0.100000,0.3,0.7,0.0,41,0.991918,0.994688,1.002793,1.005255,1.008218,0.000005,1.010533,0.000152,1.016352,0.916245,0.918852,0.931521,1.018415,1.000814,1.014613
500,0.000000,0.100000,0.3,0.7,0.0,42,0.991918,0.995944,1.004059,1.005255,1.009485,0.000005,1.010533,0.000154,1.018906,0.916245,0.918315,0.929728,1.018415,1.002464,1.014923
500,0.000000,0.100000,0.3,0.7,0.0,43,0.991918,0.997241,1.005366,1.005255,1.010806,0.000005,1.010533,0.000157,1.021572,0.916245,0.917839,0.927962,1.018415,1.004190,1.015265
500,0.000000,0.100000,0.3,0.7,0.0,44,0.991918,0.998608,1.006744,1.005255,1.012187,0.000005,1.010533,0.000160,1.024363,0.916245,0.917423,0.926216,1.018415,1.005988,1.015629
500,0.000000,0.100000,0.3,0.7,0.0,45,0.991918,0.999987,1.008134,1.005255,1.013585,0.000005,1.010533,0.000164,1.027190,0.916245,0.917070,0.924504,1.018415,1.007864,1.016034
500,0.000000,0.100000,0.3,0.7,0.0,46,0.991918,1.001399,1.009558,1.005255,1.015016,0.000005,1.010533,0.000168,1.030091,0.916245,0.916777,0.922807,1.018415,1.009814,1.016456
500,0.000000,0.100000,0.3,0.7,0.0,47,0.991918,1.002861,1.011032,1.005255,1.016498,0.000005,1.010533,0.000170,1.033097,0.916245,0.916548,0.921138,1.018415,1.011843,1.016911
500,0.000000,0.100000,0.3,0.7,0.0,48,0.991918,1.004415,1.012598,1.005255,1.018077,0.000005,1.010533,0.000175,1.036307,0.916245,0.916382,0.919487,1.018415,1.013952,1.017388
500,0.000000,0.100000,0.3,0.7,0.0,49,0.991918,1.005996,1.014192,1.005255,1.019674,0.000005,1.010533,0.000177,1.039559,0.916245,0.916280,0.917858,1.018415,1.016141,1.017891
500,0.000000,0.100000,0.3,0.7,0.0,50,0.991918,1.007650,1.015860,1.005255,1.021348,0.000005,1.010533,0.000181,1.042971,0.916245,0.916245,0.916245,1.018415,1.018415,1.018415
500,0.000000,0.100000,0.7,0.3,0.0,2,1.000599,0.999750,0.999151,1.014551,1.013677,0.000030,1.029283,0.000028,1.027513,0.917403,1.006370,1.022146,1.019701,1.008434,1.024243
500,0.000000,0.100000,0.7,0.3,0.0,3,1.000599,0.998820,0.998221,1.014551,1.012715,0.000030,1.029283,0.000026,1.025566,0.917403,1.000210,1.014833,1.019701,1.004323,1.019006
500,0.000000,0.100000,0.7,0.3,0.0,4,1.000599,0.998088,0.997490,1.014551,1.011963,0.000030,1.029283,0.000024,1.024046,0.917403,0.994239,1.009506,1.019701,1.000383,1.015744
500,0.000000,0.100000,0.7,0.3,0.0,5,1.000599,0.997371,0.996773,1.014551,1.011226,0.000030,1.029283,0.000021,1.022558,0.917403,0.988632,1.005045,1.019701,0.996795,1.013344
500,0.000000,0.100000,0.7,0.3,0.0,6,1.000599,0.996926,0.996328,1.014551,1.010756,0.000030,1.029283,0.000018,1.021609,0.917403,0.983400,1.001065,1.019701,0.993571,1.011419
500,0.000000,0.100000,0.7,0.3,0.0,7,1.000599,0.996357,0.995760,1.014551,1.010189,0.000030,1.029283,0.000017,1.020464,0.917403,0.978530,0.997405,1.019701,0.990700,1.009809
500,0.000000,0.100000,0.7,0.3,0.0,8,1.000599,0.996060,0.995464,1.014551,1.009862,0.000030,1.029283,0.000014,1.019808,0.917403,0.974024,0.993996,1.019701,0.988187,1.008449
500,0.000000,0.100000,0.7,0.3,0.0,9,1.000599,0.995938,0.995342,1.014551,1.009717,0.000030,1.029283,0.000013,1.019515,0.917403,0.969840,0.990777,1.019701,0.985989,1.007275
500,0.000000,0.100000,0.7,0.3,0.0,10,1.000599,0.995747,0.995151,1.014551,1.009519,0.000030,1.029283,0.000012,1.019117,0.917403,0.965958,0.987719,1.019701,0.984091,1.006261
500,0.000000,0.100000,0.7,0.3,0.0,11,1.000599,0.995763,0.995167,1.014551,1.009523,0.000030,1.029283,0.000010,1.019126,0.917403,0.962339,0.984789,1.019701,0.982454,1.005372
500,0.000000,0.100000,0.7,0.3,0.0,12,1.000599,0.995773,0.995176,1.014551,1.009526,0.000030,1.029283,0.000008,1.019135,0.917403,0.958982,0.981988,1.019701,0.981077,1.004613
500,0.000000,0.100000,0.7,0.3,0.0,13,1.000599,0.995934,0.995338,1.014551,1.009676,0.000030,1.029283,0.000007,1.019438,0.917403,0.955870,0.979304,1.019701,0.979946,1.003970
500,0.000000,0.100000,0.7,0.3,0.0,14,1.000599,0.996128,0.995531,1.014551,1.009845,0.000030,1.029283,0.000006,1.019781,0.917403,0.952953,0.976704,1.019701,0.979010,1.003410
500,0.000000,0.100000,0.7,0.3,0.0,15,1.000599,0.996386,0.995789,1.014551,1.010113,0.000030,1.029283,0.000006,1.020323,0.917403,0.950242,0.974201,1.019701,0.978282,1.002949
500,0.000000,0.100000,0.7,0.3,0.0,16,1.000599,0.996712,0.996115,1.014551,1.010432,0.000030,1.029283,0.000004,1.020968,0.917403,0.947716,0.971785,1.019701,0.977743,1.002574
500,0.000000,0.100000,0.7,0.3,0.0,17,1.000599,0.996951,0.996354,1.014551,1.010663,0.000030,1.029283,0.000003,1.021437,0.917403,0.945361,0.969447,1.019701,0.977378,1.002280
500,0.000000,0.100000,0.7,0.3,0.0,18,1.000599,0.997387,0.996790,1.014551,1.011099,0.000030,1.029283,0.000003,1.022319,0.917403,0.943165,0.967184,1.019701,0.977176,1.002061
500,0.000000,0.100000,0.7,0.3,0.0,19,1.000599,0.997853,0.997255,1.014551,1.011557,0.000030,1.029283,0.000002,1.023245,0.917403,0.941101,0.964977,1.019701,0.977110,1.001900
500,0.000000,0.100000,0.7,0.3,0.0,20,1.000599,0.998256,0.997658,1.014551,1.011946,0.000030,1.029283,0.000001,1.024033,0.917403,0.939188,0.962851,1.019701,0.977201,1.001822
500,0.000000,0.100000,0.7,0.3,0.0,21,1.000599,0.998833,0.998235,1.014551,1.012532,0.000030,1.029283,0.000001,1.025221,0.917403,0.937398,0.960780,1.019701,0.977421,1.001801
500,0.000000,0.100000,0.7,0.3,0.0,22,1.000599,0.999393,0.998794,1.014551,1.013094,0.000030,1.029283,0.000001,1.026358,0.917403,0.935721,0.958764,1.019701,0.977759,1.001838
500,0.000000,0.100000,0.7,0.3,0.0,23,1.000599,0.999982,0.999382,1.014551,1.013687,0.000030,1.029283,0.000000,1.027562,0.917403,0.934161,0.956809,1.019701,0.978222,1.001939
500,0.000000,0.100000,0.7,0.3,0.0,24,1.000599,1.000597,0.999998,1.014551,1.014292,0.000030,1.029283,0.000000,1.028789,0.917403,0.932696,0.954900,1.019701,0.978786,1.002087
500,0.000000,0.100000,0.7,0.3,0.0,25,1.000599,1.001272,1.000672,1.014551,1.014972,0.000030,1.029283,0.000000,1.030168,0.917403,0.931328,0.953037,1.019701,0.979455,1.002286
500,0.000000,0.100000,0.7,0.3,0.0,26,1.000599,1.001887,1.001286,1.014551,1.015593,0.000030,1.029283,0.000000,1.031429,0.917403,0.930051,0.951225,1.019701,0.980223,1.002539
500,0.000000,0.100000,0.7,0.3,0.0,27,1.000599,1.002613,1.002012,1.014551,1.016318,0.000030,1.029283,0.000000,1.032902,0.917403,0.928859,0.949456,1.019701,0.981083,1.002838
500,0.000000,0.100000,0.7,0.3,0.0,28,1.000599,1.003195,1.002594,1.014551,1.016902,0.000030,1.029283,0.000000,1.034091,0.917403,0.927747,0.947727,1.019701,0.982032,1.003182
500,0.000000,0.100000,0.7,0.3,0.0,29,1.000599,1.004027,1.003425,1.014551,1.017731,0.000030,1.029283,0.000000,1.035776,0.917403,0.926707,0.946036,1.019701,0.983062,1.003567
500,0.000000,0.100000,0.7,0.3,0.0,30,1.000599,1.004710,1.004108,1.014551,1.018420,0.000030,1.029283,0.000001,1.037178,0.917403,0.925741,0.944388,1.019701,0.984175,1.003999
500,0.000000,0.100000,0.7,0.3,0.0,31,1.000599,1.005512,1.004910,1.014551,1.019234,0.000030,1.029283,0.000001,1.038836,0.917403,0.924843,0.942777,1.019701,0.985365,1.004473
500,0.000000,0.100000,0.7,0.3,0.0,32,1.000599,1.006333,1.005730,1.014551,1.020060,0.000030,1.029283,0.000001,1.040522,0.917403,0.924011,0.941204,1.019701,0.986631,1.004990
500,0.000000,0.100000,0.7,0.3,0.0,33,1.000599,1.007204,1.006600,1.014551,1.020964,0.000030,1.029283,0.000001,1.042366,0.917403,0.923237,0.939658,1.019701,0.987964,1.005537
500,0.000000,0.100000,0.7,0.3,0.0,34,1.000599,1.008069,1.007465,1.014551,1.021817,0.000030,1.029283,0.000002,1.044108,0.917403,0.922518,0.938142,1.019701,0.989363,1.006119
500,0.000000,0.100000,0.7,0.3,0.0,35,1.000599,1.008879,1.008275,1.014551,1.022635,0.000030,1.029283,0.000002,1.045781,0.917403,0.921858,0.936661,1.019701,0.990831,1.006741
500,0.000000,0.100000,0.7,0.3,0.0,36,1.000599,1.009849,1.009244,1.014551,1.023610,0.000030,1.029283,0.000003,1.047774,0.917403,0.921253,0.935214,1.019701,0.992364,1.007403
500,0.000000,0.100000,0.7,0.3,0.0,37,1.000599,1.010670,1.010065,1.014551,1.024446,0.000030,1.029283,0.000003,1.049486,0.917403,0.920697,0.933794,1.019701,0.993958,1.008096
500,0.000000,0.100000,0.7,0.3,0.0,38,1.000599,1.011628,1.011022,1.014551,1.025399,0.000030,1.029283,0.000004,1.051439,0.917403,0.920188,0.932392,1.019701,0.995608,1.008813
500,0.000000,0.100000,0.7,0.3,0.0,39,1.000599,1.012537,1.011930,1.014551,1.026331,0.000030,1.029283,0.000005,1.053350,0.917403,0.919727,0.931021,1.019701,0.997318,1.009566
500,0.000000,0.100000,0.7,0.3,0.0,40,1.000599,1.013469,1.012862,1.014551,1.027264,0.000030,1.029283,0.000005,1.055265,0.917403,0.919312,0.929678,1.019701,0.999087,1.010352
500,0.000000,0.100000,0.7,0.3,0.0,41,1.000599,1.014442,1.013834,1.014551,1.028257,0.000030,1.029283,0.000006,1.057305,0.917403,0.918939,0.928353,1.019701,1.000909,1.011162
500,0.000000,0.100000,0.7,0.3,0.0,42,1.000599,1.015407,1.014799,1.014551,1.029238,0.000030,1.029283,0.000007,1.059324,0.917403,0.918612,0.927059,1.019701,1.002789,1.012010
500,0.000000,0.100000,0.7,0.3,0.0,43,1.000599,1.016509,1.015900,1.014551,1.030343,0.000030,1.029283,0.000008,1.061599,0.917403,0.918325,0.925782,1.019701,1.004721,1.012880
500,0.000000,0.100000,0.7,0.3,0.0,44,1.000599,1.017560,1.016950,1.014551,1.031408,0.000030,1.029283,0.000009,1.063792,0.917403,0.918077,0.924525,1.019701,1.006705,1.013775
500,0.000000,0.100000,0.7,0.3,0.0,45,1.000599,1.018601,1.017991,1.014551,1.032464,0.000030,1.029283,0.000010,1.065973,0.917403,0.917870,0.923290,1.019701,1.008742,1.014699
500,0.000000,0.100000,0.7,0.3,0.0,46,1.000599,1.019651,1.019040,1.014551,1.033532,0.000030,1.029283,0.000011,1.068177,0.917403,0.917702,0.922078,1.019701,1.010832,1.015653
500,0.000000,0.100000,0.7,0.3,0.0,47,1.000599,1.020769,1.020158,1.014551,1.034663,0.000030,1.029283,0.000012,1.070515,0.917403,0.917571,0.920882,1.019701,1.012973,1.016628
500,0.000000,0.100000,0.7,0.3,0.0,48,1.000599,1.021845,1.021233,1.014551,1.035754,0.000030,1.029283,0.000014,1.072773,0.917403,0.917478,0.919705,1.019701,1.015165,1.017628
500,0.000000,0.100000,0.7,0.3,0.0,49,1.000599,1.022987,1.022374,1.014551,1.036913,0.000030,1.029283,0.000014,1.075174,0.917403,0.917423,0.918547,1.019701,1.017408,1.018654
500,0.000000,0.100000,0.7,0.3,0.0,50,1.000599,1.024150,1.023537,1.014551,1.038092,0.000030,1.029283,0.000016,1.077620,0.917403,0.917403,0.917403,1.019701,1.019701,1.019701
500,0.800000,0.300000,0.3,0.7,0.0,2,1.095696,1.075228,0.981319,1.110261,1.089248,0.000007,1.232672,0.000008,1.186454,0.909636,1.163276,1.234404,1.011068,1.165663,1.236936
500,0.800000,0.300000,0.3,0.7,0.0,3,1.095696,1.056962,0.964649,1.110261,1.070597,0.000007,1.232672,0.000007,1.146170,0.909636,1.117900,1.194854,1.011068,1.122496,1.199767
500,0.800000,0.300000,0.3,0.7,0.0,4,1.095696,1.043319,0.952197,1.110261,1.056624,0.000007,1.232672,0.000007,1.116448,0.909636,1.083729,1.163761,1.011068,1.090427,1.170953
500,0.800000,0.300000,0.3,0.7,0.0,5,1.095696,1.033482,0.943220,1.110261,1.046506,0.000007,1.232672,0.000007,1.095168,0.909636,1.057924,1.138124,1.011068,1.066659,1.147521
500,0.800000,0.300000,0.3,0.7,0.0,6,1.095696,1.026305,0.936669,1.110261,1.039200,0.000007,1.232672,0.000007,1.079930,0.909636,1.038150,1.116548,1.011068,1.048887,1.128096
500,0.800000,0.300000,0.3,0.7,0.0,7,1.095696,1.020815,0.931658,1.110261,1.033565,0.000007,1.232672,0.000007,1.068249,0.909636,1.022699,1.098136,1.011068,1.035419,1.111794
500,0.800000,0.300000,0.3,0.7,0.0,8,1.095696,1.016750,0.927949,1.110261,1.029426,0.000007,1.232672,0.000006,1.059711,0.909636,1.010394,1.082258,1.011068,1.025085,1.097994
500,0.800000,0.300000,0.3,0.7,0.0,9,1.095696,1.013937,0.925381,1.110261,1.026549,0.000007,1.232672,0.000006,1.053797,0.909636,1.000461,1.068527,1.011068,1.017120,1.086320
500,0.800000,0.300000,0.3,0.7,0.0,10,1.095696,1.011678,0.923319,1.110261,1.024242,0.000007,1.232672,0.000006,1.049066,0.909636,0.992205,1.056432,1.011068,1.010831,1.076263
500,0.800000,0.300000,0.3,0.7,0.0,11,1.095696,1.010000,0.921788,1.110261,1.022525,0.000007,1.232672,0.000005,1.045551,0.909636,0.985255,1.045739,1.011068,1.005848,1.067596
500,0.800000,0.300000,0.3,0.7,0.0,12,1.095696,1.008823,0.920714,1.110261,1.021339,0.000007,1.232672,0.000006,1.043127,0.909636,0.979352,1.036335,1.011068,1.001916,1.060212
500,0.800000,0.300000,0.3,0.7,0.0,13,1.095696,1.007964,0.919930,1.110261,1.020451,0.000007,1.232672,0.000005,1.041316,0.909636,0.974179,1.027861,1.011068,0.998716,1.053750
500,0.800000,0.300000,0.3,0.7,0.0,14,1.095696,1.007632,0.919627,1.110261,1.020095,0.000007,1.232672,0.000005,1.040587,0.909636,0.969602,1.020230,1.011068,0.996114,1.048127
500,0.800000,0.300000,0.3,0.7,0.0,15,1.095696,1.007212,0.919244,1.110261,1.019669,0.000007,1.232672,0.000005,1.039720,0.909636,0.965517,1.013346,1.011068,0.994009,1.043248
500,0.800000,0.300000,0.3,0.7,0.0,16,1.095696,1.007159,0.919196,1.110261,1.019605,0.000007,1.232672,0.000005,1.039588,0.909636,0.961800,1.007041,1.011068,0.992273,1.038947
500,0.800000,0.300000,0.3,0.7,0.0,17,1.095696,1.007201,0.919233,1.110261,1.019657,0.000007,1.232672,0.000005,1.039695,0.909636,0.958398,1.001304,1.011068,0.990856,1.035215
500,0.800000,0.300000,0.3,0.7,0.0,18,1.095696,1.007449,0.919460,1.110261,1.019887,0.000007,1.232672,0.000005,1.040165,0.909636,0.955244,0.996013,1.011068,0.989691,1.031929
500,0.800000,0.300000,0.3,0.7,0.0,19,1.095696,1.007681,0.919672,1.110261,1.020131,0.000007,1.232672,0.000005,1.040662,0.909636,0.952301,0.991093,1.011068,0.988738,1.029015
500,0.800000,0.300000,0.3,0.7,0.0,20,1.095696,1.008135,0.920086,1.110261,1.020574,0.000007,1.232672,0.000004,1.041566,0.909636,0.949539,0.986533,1.011068,0.987970,1.026463
500,0.800000,0.300000,0.3,0.7,0.0,21,1.095696,1.008555,0.920470,1.110261,1.021018,0.000007,1.232672,0.000005,1.042474,0.909636,0.946933,0.982280,1.011068,0.987362,1.024219
500,0.800000,0.300000,0.3,0.7,0.0,22,1.095696,1.009088,0.920956,1.110261,1.021564,0.000007,1.232672,0.000004,1.043588,0.909636,0.944469,0.978279,1.011068,0.986900,1.022230
500,0.800000,0.300000,0.3,0.7,0.0,23,1.095696,1.009734,0.921546,1.110261,1.022201,0.000007,1.232672,0.000004,1.044891,0.909636,0.942113,0.974515,1.011068,0.986549,1.020479
500,0.800000,0.300000,0.3,0.7,0.0,24,1.095696,1.010356,0.922113,1.110261,1.022846,0.000007,1.232672,0.000004,1.046210,0.909636,0.939872,0.970967,1.011068,0.986316,1.018948
500,0.800000,0.300000,0.3,0.7,0.0,25,1.095696,1.011082,0.922776,1.110261,1.023560,0.000007,1.232672,0.000004,1.047671,0.909636,0.937726,0.967581,1.011068,0.986184,1.017582
500,0.800000,0.300000,0.3,0.7,0.0,26,1.095696,1.011741,0.923377,1.110261,1.024260,0.000007,1.232672,0.000003,1.049105,0.909636,0.935679,0.964361,1.011068,0.986154,1.016383
500,0.800000,0.300000,0.3,0.7,0.0,27,1.095696,1.012559,0.924123,1.110261,1.025065,0.000007,1.232672,0.000003,1.050755,0.909636,0.933707,0.961289,1.011068,0.986204,1.015337
500,0.800000,0.300000,0.3,0.7,0.0,28,1.095696,1.013468,0.924953,1.110261,1.025990,0.000007,1.232672,0.000003,1.052653,0.909636,0.931820,0.958343,1.011068,0.986344,1.014419
500,0.800000,0.300000,0.3,0.7,0.0,29,1.095696,1.014370,0.925776,1.110261,1.026915,0.000007,1.232672,0.000003,1.054552,0.909636,0.930011,0.955509,1.011068,0.986567,1.013615
500,0.800000,0.300000,0.3,0.7,0.0,30,1.095696,1.015375,0.926694,1.110261,1.027926,0.000007,1.232672,0.000003,1.056629,0.909636,0.928276,0.952776,1.011068,0.986870,1.012916
500,0.800000,0.300000,0.3,0.7,0.0,31,1.095696,1.016423,0.927651,1.110261,1.029011,0.000007,1.232672,0.000002,1.058861,0.909636,0.926616,0.950146,1.011068,0.987254,1.012324
500,0.800000,0.300000,0.3,0.7,0.0,32,1.095696,1.017504,0.928637,1.110261,1.030080,0.000007,1.232672,0.000002,1.061063,0.909636,0.925024,0.947589,1.011068,0.987712,1.011806
500,0.800000,0.300000,0.3,0.7,0.0,33,1.095696,1.018599,0.929636,1.110261,1.031209,0.000007,1.232672,0.000002,1.063390,0.909636,0.923505,0.945109,1.011068,0.988251,1.011369
500,0.800000,0.300000,0.3,0.7,0.0,34,1.095696,1.019674,0.930617,1.110261,1.032277,0.000007,1.232672,0.000001,1.065594,0.909636,0.922051,0.942689,1.011068,0.988861,1.010995
500,0.800000,0.300000,0.3,0.7,0.0,35,1.095696,1.020934,0.931767,1.110261,1.033547,0.000007,1.232672,0.000001,1.068219,0.909636,0.920673,0.940337,1.011068,0.989556,1.010692
500,0.800000,0.300000,0.3,0.7,0.0,36,1.095696,1.022260,0.932977,1.110261,1.034897,0.000007,1.232672,0.000001,1.071011,0.909636,0.919367,0.938045,1.011068,0.990332,1.010451
500,0.800000,0.300000,0.3,0.7,0.0,37,1.095696,1.023634,0.934232,1.110261,1.036275,0.000007,1.232672,0.000000,1.073865,0.909636,0.918133,0.935801,1.011068,0.991189,1.010263
500,0.800000,0.300000,0.3,0.7,0.0,38,1.095696,1.025053,0.935526,1.110261,1.037715,0.000007,1.232672,0.000000,1.076852,0.909636,0.916968,0.933597,1.011068,0.992124,1.010116
500,0.800000,0.300000,0.3,0.7,0.0,39,1.095696,1.026490,0.936838,1.110261,1.039157,0.000007,1.232672,0.000000,1.079847,0.909636,0.915880,0.931443,1.011068,0.993147,1.010022
500,0.800000,0.300000,0.3,0.7,0.0,40,1.095696,1.027991,0.938208,1.110261,1.040683,0.000007,1.232672,0.000000,1.083022,0.909636,0.914871,0.929325,1.011068,0.994260,1.009968
500,0.800000,0.300000,0.3,0.7,0.0,41,1.095696,1.029452,0.939542,1.110261,1.042157,0.000007,1.232672,0.000000,1.086091,0.909636,0.913937,0.927238,1.011068,0.995459,1.009947
500,0.800000,0.300000,0.3,0.7,0.0,42,1.095696,1.031220,0.941155,1.110261,1.043956,0.000007,1.232672,0.000000,1.089843,0.909636,0.913085,0.925185,1.011068,0.996754,1.009963
500,0.800000,0.300000,0.3,0.7,0.0,43,1.095696,1.032967,0.942749,1.110261,1.045698,0.000007,1.232672,0.000000,1.093484,0.909636,0.912320,0.923163,1.011068,0.998150,1.010013
500,0.800000,0.300000,0.3,0.7,0.0,44,1.095696,1.034828,0.944448,1.110261,1.047580,0.000007,1.232672,0.000000,1.097423,0.909636,0.911640,0.921164,1.011068,0.999645,1.010089
500,0.800000,0.300000,0.3,0.7,0.0,45,1.095696,1.036607,0.946071,1.110261,1.049378,0.000007,1.232672,0.000001,1.101193,0.909636,0.911051,0.919193,1.011068,1.001248,1.010196
500,0.800000,0.300000,0.3,0.7,0.0,46,1.095696,1.038640,0.947927,1.110261,1.051432,0.000007,1.232672,0.000001,1.105508,0.909636,0.910559,0.917245,1.011068,1.002963,1.010328
500,0.800000,0.300000,0.3,0.7,0.0,47,1.095696,1.040639,0.949751,1.110261,1.053450,0.000007,1.232672,0.000002,1.109754,0.909636,0.910166,0.915317,1.011068,1.004796,1.010483
500,0.800000,0.300000,0.3,0.7,0.0,48,1.095696,1.042768,0.951694,1.110261,1.055604,0.000007,1.232672,0.000003,1.114296,0.909636,0.909877,0.913409,1.011068,1.006753,1.010661
500,0.800000,0.300000,0.3,0.7,0.0,49,1.095696,1.045046,0.953773,1.110261,1.057894,0.000007,1.232672,0.000004,1.119135,0.909636,0.909699,0.911514,1.011068,1.008841,1.010855
500,0.800000,0.300000,0.3,0.7,0.0,50,1.095696,1.047400,0.955922,1.110261,1.060271,0.000007,1.232672,0.000005,1.124169,0.909636,0.909636,0.909636,1.011068,1.011068,1.011068
500,0.800000,0.300000,0.7,0.3,0.0,2,1.031588,1.021278,0.990005,1.044519,1.034115,0.000305,1.090714,0.000277,1.069117,0.907702,1.077018,1.130161,1.008919,1.079228,1.132480
500,0.800000,0.300000,0.7,0.3,0.0,3,1.031588,1.012473,0.981471,1.044519,1.025242,0.000305,1.090714,0.000255,1.050865,0.907702,1.054690,1.103397,1.008919,1.059026,1.107933
500,0.800000,0.300000,0.7,0.3,0.0,4,1.031588,1.005956,0.975153,1.044519,1.018699,0.000305,1.090714,0.000231,1.037518,0.907702,1.036987,1.084376,1.008919,1.043396,1.091078
500,0.800000,0.300000,0.7,0.3,0.0,5,1.031588,1.001181,0.970524,1.044519,1.013914,0.000305,1.090714,0.000209,1.027812,0.907702,1.022841,1.069253,1.008919,1.031287,1.078082
500,0.800000,0.300000,0.7,0.3,0.0,6,1.031588,0.997687,0.967137,1.044519,1.010441,0.000305,1.090714,0.000192,1.020799,0.907702,1.011496,1.056772,1.008919,1.021957,1.067702
500,0.800000,0.300000,0.7,0.3,0.0,7,1.031588,0.994985,0.964518,1.044519,1.007744,0.000305,1.090714,0.000173,1.015374,0.907702,1.002153,1.046086,1.008919,1.014617,1.059096
500,0.800000,0.300000,0.7,0.3,0.0,8,1.031588,0.993301,0.962886,1.044519,1.006087,0.000305,1.090714,0.000168,1.012043,0.907702,0.994363,1.036859,1.008919,1.008821,1.051935
500,0.800000,0.300000,0.7,0.3,0.0,9,1.031588,0.991781,0.961412,1.044519,1.004558,0.000305,1.090714,0.000155,1.008983,0.907702,0.987695,1.028680,1.008919,1.004142,1.045809
500,0.800000,0.300000,0.7,0.3,0.0,10,1.031588,0.990926,0.960583,1.044519,1.003748,0.000305,1.090714,0.000146,1.007365,0.907702,0.981896,1.021387,1.008919,1.000328,1.040560
500,0.800000,0.300000,0.7,0.3,0.0,11,1.031588,0.990574,0.960242,1.044519,1.003385,0.000305,1.090714,0.000137,1.006644,0.907702,0.976807,1.014875,1.008919,0.997223,1.036087
500,0.800000,0.300000,0.7,0.3,0.0,12,1.031588,0.990127,0.959808,1.044519,1.002973,0.000305,1.090714,0.000129,1.005825,0.907702,0.972228,1.008933,1.008919,0.994628,1.032178
500,0.800000,0.300000,0.7,0.3,0.0,13,1.031588,0.990030,0.959714,1.044519,1.002891,0.000305,1.090714,0.000123,1.005667,0.907702,0.968083,1.003516,1.008919,0.992466,1.028792
500,0.800000,0.300000,0.7,0.3,0.0,14,1.031588,0.990126,0.959807,1.044519,1.002998,0.000305,1.090714,0.000116,1.005889,0.907702,0.964278,0.998537,1.008919,0.990644,1.025841
500,0.800000,0.300000,0.7,0.3,0.0,15,1.031588,0.990170,0.959850,1.044519,1.003056,0.000305,1.090714,0.000110,1.006012,0.907702,0.960747,0.993929,1.008919,0.989098,1.023259
500,0.800000,0.300000,0.7,0.3,0.0,16,1.031588,0.990578,0.960245,1.044519,1.003459,0.000305,1.090714,0.000106,1.006824,0.907702,0.957456,0.989640,1.008919,0.987791,1.020995
500,0.800000,0.300000,0.7,0.3,0.0,17,1.031588,0.990773,0.960434,1.044519,1.003674,0.000305,1.090714,0.000100,1.007262,0.907702,0.954367,0.985632,1.008919,0.986689,1.019013
500,0.800000,0.300000,0.7,0.3,0.0,18,1.031588,0.991461,0.961102,1.044519,1.004365,0.000305,1.090714,0.000095,1.008653,0.907702,0.951445,0.981851,1.008919,0.985755,1.017257
500,0.800000,0.300000,0.7,0.3,0.0,19,1.031588,0.991719,0.961352,1.044519,1.004638,0.000305,1.090714,0.000092,1.009206,0.907702,0.948662,0.978286,1.008919,0.984961,1.015718
500,0.800000,0.300000,0.7,0.3,0.0,20,1.031588,0.992405,0.962016,1.044519,1.005310,0.000305,1.090714,0.000088,1.010561,0.907702,0.946014,0.974888,1.008919,0.984304,1.014346
500,0.800000,0.300000,0.7,0.3,0.0,21,1.031588,0.992866,0.962463,1.044519,1.005786,0.000305,1.090714,0.000083,1.011523,0.907702,0.943498,0.971661,1.008919,0.983782,1.013147
500,0.800000,0.300000,0.7,0.3,0.0,22,1.031588,0.993600,0.963175,1.044519,1.006531,0.000305,1.090714,0.000081,1.013023,0.907702,0.941079,0.968570,1.008919,0.983358,1.012084
500,0.800000,0.300000,0.7,0.3,0.0,23,1.031588,0.994296,0.963850,1.044519,1.007248,0.000305,1.090714,0.000075,1.014474,0.907702,0.938769,0.965617,1.008919,0.983047,1.011162
500,0.800000,0.300000,0.7,0.3,0.0,24,1.031588,0.994948,0.964482,1.044519,1.007890,0.000305,1.090714,0.000072,1.015771,0.907702,0.936558,0.962770,1.008919,0.982839,1.010347
500,0.800000,0.300000,0.7,0.3,0.0,25,1.031588,0.995631,0.965144,1.044519,1.008571,0.000305,1.090714,0.000071,1.017146,0.907702,0.934431,0.960015,1.008919,0.982719,1.009624
500,0.800000,0.300000,0.7,0.3,0.0,26,1.031588,0.996474,0.965961,1.044519,1.009427,0.000305,1.090714,0.000068,1.018875,0.907702,0.932392,0.957355,1.008919,0.982690,1.009000
500,0.800000,0.300000,0.7,0.3,0.0,27,1.031588,0.997332,0.966793,1.044519,1.010283,0.000305,1.090714,0.000064,1.020608,0.907702,0.930448,0.954782,1.008919,0.982762,1.008464
500,0.800000,0.300000,0.7,0.3,0.0,28,1.031588,0.998195,0.967630,1.044519,1.011151,0.000305,1.090714,0.000061,1.022364,0.907702,0.928574,0.952275,1.008919,0.982908,1.007996
500,0.800000,0.300000,0.7,0.3,0.0,29,1.031588,0.999068,0.968476,1.044519,1.012037,0.000305,1.090714,0.000058,1.024162,0.907702,0.926794,0.949846,1.008919,0.983155,1.007609
500,0.800000,0.300000,0.7,0.3,0.0,30,1.031588,1.000075,0.969452,1.044519,1.013049,0.000305,1.090714,0.000055,1.026213,0.907702,0.925083,0.947462,1.008919,0.983475,1.007267
500,0.800000,0.300000,0.7,0.3,0.0,31,1.031588,1.000908,0.970259,1.044519,1.013886,0.000305,1.090714,0.000054,1.027911,0.907702,0.923457,0.945149,1.008919,0.983888,1.007000
500,0.800000,0.300000,0.7,0.3,0.0,32,1.031588,1.001974,0.971292,1.044519,1.014950,0.000305,1.090714,0.000051,1.030072,0.907702,0.921904,0.942878,1.008919,0.984381,1.006777
500,0.800000,0.300000,0.7,0.3,0.0,33,1.031588,1.002986,0.972274,1.044519,1.015979,0.000305,1.090714,0.000050,1.032163,0.907702,0.920431,0.940655,1.008919,0.984961,1.006603
500,0.800000,0.300000,0.7,0.3,0.0,34,1.031588,1.004039,0.973294,1.044519,1.017032,0.000305,1.090714,0.000048,1.034306,0.907702,0.919035,0.938477,1.008919,0.985627,1.006478
500,0.800000,0.300000,0.7,0.3,0.0,35,1.031588,1.005137,0.974359,1.044519,1.018136,0.000305,1.090714,0.000044,1.036557,0.907702,0.917718,0.936340,1.008919,0.986381,1.006396
500,0.800000,0.300000,0.7,0.3,0.0,36,1.031588,1.006230,0.975419,1.044519,1.019248,0.000305,1.090714,0.000041,1.038826,0.907702,0.916477,0.934241,1.008919,0.987219,1.006354
500,0.800000,0.300000,0.7,0.3,0.0,37,1.031588,1.007403,0.976556,1.044519,1.020424,0.000305,1.090714,0.000040,1.041226,0.907702,0.915313,0.932174,1.008919,0.988144,1.006348
500,0.800000,0.300000,0.7,0.3,0.0,38,1.031588,1.008626,0.977741,1.044519,1.021652,0.000305,1.090714,0.000038,1.043734,0.907702,0.914227,0.930142,1.008919,0.989159,1.006378
500,0.800000,0.300000,0.7,0.3,0.0,39,1.031588,1.009803,0.978882,1.044519,1.022842,0.000305,1.090714,0.000036,1.046170,0.907702,0.913224,0.928143,1.008919,0.990267,1.006445
500,0.800000,0.300000,0.7,0.3,0.0,40,1.031588,1.011164,0.980201,1.044519,1.024212,0.000305,1.090714,0.000034,1.048975,0.907702,0.912295,0.926167,1.008919,0.991461,1.006536
500,0.800000,0.300000,0.7,0.3,0.0,41,1.031588,1.012641,0.981633,1.044519,1.025686,0.000305,1.090714,0.000033,1.051999,0.907702,0.911450,0.924221,1.008919,0.992751,1.006662
500,0.800000,0.300000,0.7,0.3,0.0,42,1.031588,1.013912,0.982865,1.044519,1.026975,0.000305,1.090714,0.000031,1.054647,0.907702,0.910685,0.922298,1.008919,0.994135,1.006812
500,0.800000,0.300000,0.7,0.3,0.0,43,1.031588,1.015382,0.984290,1.044519,1.028454,0.000305,1.090714,0.000030,1.057688,0.907702,0.910004,0.920399,1.008919,0.995616,1.006990
500,0.800000,0.300000,0.7,0.3,0.0,44,1.031588,1.016854,0.985717,1.044519,1.029936,0.000305,1.090714,0.000028,1.060740,0.907702,0.909408,0.918524,1.008919,0.997198,1.007195
500,0.800000,0.300000,0.7,0.3,0.0,45,1.031588,1.018360,0.987177,1.044519,1.031451,0.000305,1.090714,0.000027,1.063864,0.907702,0.908898,0.916675,1.008919,0.998882,1.007429
500,0.800000,0.300000,0.7,0.3,0.0,46,1.031588,1.019911,0.988680,1.044519,1.033018,0.000305,1.090714,0.000025,1.067101,0.907702,0.908475,0.914842,1.008919,1.000668,1.007682
500,0.800000,0.300000,0.7,0.3,0.0,47,1.031588,1.021571,0.990290,1.044519,1.034685,0.000305,1.090714,0.000024,1.070550,0.907702,0.908142,0.913029,1.008919,1.002562,1.007958
500,0.800000,0.300000,0.7,0.3,0.0,48,1.031588,1.023220,0.991888,1.044519,1.036345,0.000305,1.090714,0.000023,1.073988,0.907702,0.907900,0.911235,1.008919,1.004567,1.008256
500,0.800000,0.300000,0.7,0.3,0.0,49,1.031588,1.024926,0.993542,1.044519,1.038063,0.000305,1.090714,0.000022,1.077553,0.907702,0.907753,0.909459,1.008919,1.006684,1.008577
500,0.800000,0.300000,0.7,0.3,0.0,50,1.031588,1.026730,0.995291,1.044519,1.039884,0.000305,1.090714,0.000020,1.081338,0.907702,0.907702,0.907702,1.008919,1.008919,1.008919
500,0.800000,0.500000,0.3,0.7,0.0,2,1.211659,1.167877,0.963866,1.226613,1.181938,0.000473,1.504106,0.000318,1.396660,0.901750,1.386825,1.551279,1.002301,1.389670,1.554461
500,0.800000,0.500000,0.3,0.7,0.0,3,1.211659,1.128320,0.931219,1.226613,1.141733,0.000473,1.504106,0.000198,1.303357,0.901750,1.285767,1.461372,1.002301,1.291054,1.467380
500,0.800000,0.500000,0.3,0.7,0.0,4,1.211659,1.098238,0.906392,1.226613,1.111258,0.000473,1.504106,0.000123,1.234771,0.901750,1.210645,1.391353,1.002301,1.218127,1.399952
500,0.800000,0.500000,0.3,0.7,0.0,5,1.211659,1.075599,0.887708,1.226613,1.088381,0.000473,1.504106,0.000070,1.184503,0.901750,1.154793,1.334092,1.002301,1.164328,1.345108
500,0.800000,0.500000,0.3,0.7,0.0,6,1.211659,1.058617,0.873692,1.226613,1.071263,0.000473,1.504106,0.000044,1.147560,0.901750,1.112829,1.286441,1.002301,1.124338,1.299747
500,0.800000,0.500000,0.3,0.7,0.0,7,1.211659,1.046126,0.863383,1.226613,1.058758,0.000473,1.504106,0.000027,1.120942,0.901750,1.080755,1.246079,1.002301,1.094196,1.261577
500,0.800000,0.500000,0.3,0.7,0.0,8,1.211659,1.036175,0.855170,1.226613,1.048704,0.000473,1.504106,0.000014,1.099766,0.901750,1.056013,1.211850,1.002301,1.071367,1.229471
500,0.800000,0.500000,0.3,0.7,0.0,9,1.211659,1.028761,0.849052,1.226613,1.041308,0.000473,1.504106,0.000006,1.084317,0.901750,1.036445,1.182296,1.002301,1.053703,1.201984
500,0.800000,0.500000,0.3,0.7,0.0,10,1.211659,1.023267,0.844518,1.226613,1.035820,0.000473,1.504106,0.000003,1.072921,0.901750,1.020795,1.156665,1.002301,1.039957,1.178379
500,0.800000,0.500000,0.3,0.7,0.0,11,1.211659,1.019142,0.841113,1.226613,1.031746,0.000473,1.504106,0.000002,1.064498,0.901750,1.008079,1.134361,1.002301,1.029150,1.158071
500,0.800000,0.500000,0.3,0.7,0.0,12,1.211659,1.016016,0.838533,1.226613,1.028600,0.000473,1.504106,0.000000,1.058017,0.901750,0.997552,1.114740,1.002301,1.020536,1.140424
500,0.800000,0.500000,0.3,0.7,0.0,13,1.211659,1.013628,0.836562,1.226613,1.026261,0.000473,1.504106,0.000000,1.053211,0.901750,0.988783,1.097526,1.002301,1.013687,1.125169
500,0.800000,0.500000,0.3,0.7,0.0,14,1.211659,1.011858,0.835101,1.226613,1.024499,0.000473,1.504106,0.000000,1.049599,0.901750,0.981268,1.082171,1.002301,1.008099,1.111761
500,0.800000,0.500000,0.3,0.7,0.0,15,1.211659,1.010655,0.834108,1.226613,1.023284,0.000473,1.504106,0.000000,1.047110,0.901750,0.974779,1.068543,1.002301,1.003543,1.100075
500,0.800000,0.500000,0.3,0.7,0.0,16,1.211659,1.009899,0.833485,1.226613,1.022570,0.000473,1.504106,0.000001,1.045650,0.901750,0.969091,1.056317,1.002301,0.999795,1.089785
500,0.800000,0.500000,0.3,0.7,0.0,17,1.211659,1.009511,0.833165,1.226613,1.022186,0.000473,1.504106,0.000000,1.044863,0.901750,0.964021,1.045244,1.002301,0.996670,1.080643
500,0.800000,0.500000,0.3,0.7,0.0,18,1.211659,1.009270,0.832966,1.226613,1.021969,0.000473,1.504106,0.000001,1.044421,0.901750,0.959458,1.035247,1.002301,0.994056,1.072578
500,0.800000,0.500000,0.3,0.7,0.0,19,1.211659,1.009240,0.832941,1.226613,1.021955,0.000473,1.504106,0.000001,1.044390,0.901750,0.955332,1.026182,1.002301,0.991885,1.065446
500,0.800000,0.500000,0.3,0.7,0.0,20,1.211659,1.009372,0.833049,1.226613,1.022105,0.000473,1.504106,0.000001,1.044697,0.901750,0.951506,1.017845,1.002301,0.990017,1.059041
500,0.800000,0.500000,0.3,0.7,0.0,21,1.211659,1.009577,0.833219,1.226613,1.022325,0.000473,1.504106,0.000001,1.045147,0.901750,0.947986,1.010219,1.002301,0.988461,1.053350
500,0.800000,0.500000,0.3,0.7,0.0,22,1.211659,1.010266,0.833788,1.226613,1.023010,0.000473,1.504106,0.000001,1.046549,0.901750,0.944700,1.003175,1.002301,0.987142,1.048244
500,0.800000,0.500000,0.3,0.7,0.0,23,1.211659,1.010687,0.834135,1.226613,1.023487,0.000473,1.504106,0.000001,1.047525,0.901750,0.941627,0.996673,1.002301,0.986040,1.043682
500,0.800000,0.500000,0.3,0.7,0.0,24,1.211659,1.011258,0.834606,1.226613,1.024062,0.000473,1.504106,0.000002,1.048701,0.901750,0.938714,0.990598,1.002301,0.985102,1.039550
500,0.800000,0.500000,0.3,0.7,0.0,25,1.211659,1.012209,0.835391,1.226613,1.025016,0.000473,1.504106,0.000002,1.050657,0.901750,0.935977,0.984965,1.002301,0.984344,1.035864
500,0.800000,0.500000,0.3,0.7,0.0,26,1.211659,1.012830,0.835904,1.226613,1.025654,0.000473,1.504106,0.000002,1.051965,0.901750,0.933376,0.979673,1.002301,0.983727,1.032522
500,0.800000,0.500000,0.3,0.7,0.0,27,1.211659,1.013871,0.836763,1.226613,1.026713,0.000473,1.504106,0.000002,1.054139,0.901750,0.930898,0.974692,1.002301,0.983237,1.029493
500,0.800000,0.500000,0.3,0.7,0.0,28,1.211659,1.014514,0.837293,1.226613,1.027376,0.000473,1.504106,0.000002,1.055500,0.901750,0.928542,0.970001,1.002301,0.982873,1.026759
500,0.800000,0.500000,0.3,0.7,0.0,29,1.211659,1.015738,0.838303,1.226613,1.028623,0.000473,1.504106,0.000001,1.058063,0.901750,0.926289,0.965552,1.002301,0.982618,1.024270
500,0.800000,0.500000,0.3,0.7,0.0,30,1.211659,1.016726,0.839119,1.226613,1.029606,0.000473,1.504106,0.000001,1.060088,0.901750,0.924150,0.961331,1.002301,0.982483,1.022011
500,0.800000,0.500000,0.3,0.7,0.0,31,1.211659,1.017861,0.840056,1.226613,1.030774,0.000473,1.504106,0.000001,1.062495,0.901750,0.922105,0.957303,1.002301,0.982448,1.019949
500,0.800000,0.500000,0.3,0.7,0.0,32,1.211659,1.019110,0.841087,1.226613,1.032031,0.000473,1.504106,0.000001,1.065087,0.901750,0.920157,0.953465,1.002301,0.982515,1.018081
500,0.800000,0.500000,0.3,0.7,0.0,33,1.211659,1.020257,0.842034,1.226613,1.033199,0.000473,1.504106,0.000001,1.067500,0.901750,0.918309,0.949794,1.002301,0.982690,1.016383
500,0.800000,0.500000,0.3,0.7,0.0,34,1.211659,1.021562,0.843110,1.226613,1.034492,0.000473,1.504106,0.000001,1.070173,0.901750,0.916545,0.946264,1.002301,0.982956,1.014829
500,0.800000,0.500000,0.3,0.7,0.0,35,1.211659,1.022945,0.844251,1.226613,1.035917,0.000473,1.504106,0.000001,1.073123,0.901750,0.914876,0.942854,1.002301,0.983325,1.013397
500,0.800000,0.500000,0.3,0.7,0.0,36,1.211659,1.024237,0.845318,1.226613,1.037217,0.000473,1.504106,0.000001,1.075818,0.901750,0.913301,0.939583,1.002301,0.983798,1.012108
500,0.800000,0.500000,0.3,0.7,0.0,37,1.211659,1.025834,0.846636,1.226613,1.038830,0.000473,1.504106,0.000001,1.079167,0.901750,0.911813,0.936414,1.002301,0.984365,1.010924
500,0.800000,0.500000,0.3,0.7,0.0,38,1.211659,1.027134,0.847709,1.226613,1.040166,0.000473,1.504106,0.000000,1.081944,0.901750,0.910421,0.933344,1.002301,0.985040,1.009843
500,0.800000,0.500000,0.3,0.7,0.0,39,1.211659,1.028887,0.849155,1.226613,1.041929,0.000473,1.504106,0.000000,1.085616,0.901750,0.909122,0.930367,1.002301,0.985819,1.008856
500,0.800000,0.500000,0.3,0.7,0.0,40,1.211659,1.030474,0.850466,1.226613,1.043534,0.000473,1.504106,0.000000,1.088964,0.901750,0.907918,0.927466,1.002301,0.986703,1.007948
500,0.800000,0.500000,0.3,0.7,0.0,41,1.211659,1.032146,0.851845,1.226613,1.045238,0.000473,1.504106,0.000000,1.092522,0.901750,0.906811,0.924651,1.002301,0.987698,1.007129
500,0.800000,0.500000,0.3,0.7,0.0,42,1.211659,1.033905,0.853297,1.226613,1.047018,0.000473,1.504106,0.000000,1.096246,0.901750,0.905802,0.921893,1.002301,0.988804,1.006369
500,0.800000,0.500000,0.3,0.7,0.0,43,1.211659,1.035702,0.854780,1.226613,1.048818,0.000473,1.504106,0.000000,1.100020,0.901750,0.904893,0.919196,1.002301,0.990024,1.005673
500,0.800000,0.500000,0.3,0.7,0.0,44,1.211659,1.037560,0.856314,1.226613,1.050702,0.000473,1.504106,0.000000,1.103974,0.901750,0.904094,0.916564,1.002301,0.991370,1.005045
500,0.800000,0.500000,0.3,0.7,0.0,45,1.211659,1.039572,0.857974,1.226613,1.052741,0.000473,1.504106,0.000000,1.108264,0.901750,0.903403,0.913985,1.002301,0.992842,1.004472
500,0.800000,0.500000,0.3,0.7,0.0,46,1.211659,1.041545,0.859603,1.226613,1.054736,0.000473,1.504106,0.000000,1.112469,0.901750,0.902825,0.911456,1.002301,0.994445,1.003951
500,0.800000,0.500000,0.3,0.7,0.0,47,1.211659,1.043741,0.861415,1.226613,1.056960,0.000473,1.504106,0.000000,1.117165,0.901750,0.902366,0.908967,1.002301,0.996185,1.003472
500,0.800000,0.500000,0.3,0.7,0.0,48,1.211659,1.045874,0.863175,1.226613,1.059119,0.000473,1.504106,0.000000,1.121733,0.901750,0.902029,0.906522,1.002301,0.998069,1.003041
500,0.800000,0.500000,0.3,0.7,0.0,49,1.211659,1.048187,0.865084,1.226613,1.061461,0.000473,1.504106,0.000000,1.126699,0.901750,0.901822,0.904120,1.002301,1.000106,1.002655
500,0.800000,0.500000,0.3,0.7,0.0,50,1.211659,1.050582,0.867061,1.226613,1.063883,0.000473,1.504106,0.000000,1.131847,0.901750,0.901750,0.901750,1.002301,1.002301,1.002301
500,0.800000,0.500000,0.7,0.3,0.0,2,1.090369,1.069027,0.980426,1.104073,1.082371,0.000018,1.218960,0.000026,1.171502,0.900519,1.182600,1.302511,1.000934,1.185026,1.305184
500,0.800000,0.500000,0.7,0.3,0.0,3,1.090369,1.050295,0.963247,1.104073,1.063387,0.000018,1.218960,0.000034,1.130759,0.900519,1.136013,1.243352,1.000934,1.140684,1.248464
500,0.800000,0.500000,0.7,0.3,0.0,4,1.090369,1.035998,0.950135,1.104073,1.048899,0.000018,1.218960,0.000037,1.100152,0.900519,1.099936,1.202237,1.000934,1.106734,1.209667
500,0.800000,0.500000,0.7,0.3,0.0,5,1.090369,1.025387,0.940403,1.104073,1.038181,0.000018,1.218960,0.000046,1.077775,0.900519,1.071996,1.170306,1.000934,1.080848,1.179969
500,0.800000,0.500000,0.7,0.3,0.0,6,1.090369,1.017078,0.932783,1.104073,1.029734,0.000018,1.218960,0.000048,1.060304,0.900519,1.050177,1.144299,1.000934,1.061039,1.156134
500,0.800000,0.500000,0.7,0.3,0.0,7,1.090369,1.010958,0.927171,1.104073,1.023613,0.000018,1.218960,0.000051,1.047733,0.900519,1.032845,1.122509,1.000934,1.045691,1.136470
500,0.800000,0.500000,0.7,0.3,0.0,8,1.090369,1.006332,0.922928,1.104073,1.018933,0.000018,1.218960,0.000054,1.038172,0.900519,1.018886,1.103914,1.000934,1.033700,1.119965
500,0.800000,0.500000,0.7,0.3,0.0,9,1.090369,1.002788,0.919677,1.104073,1.015389,0.000018,1.218960,0.000059,1.030956,0.900519,1.007444,1.087856,1.000934,1.024219,1.105971
500,0.800000,0.500000,0.7,0.3,0.0,10,1.090369,1.000218,0.917320,1.104073,1.012809,0.000018,1.218960,0.000061,1.025721,0.900519,0.997872,1.073772,1.000934,1.016604,1.093929
500,0.800000,0.500000,0.7,0.3,0.0,11,1.090369,0.998338,0.915597,1.104073,1.010894,0.000018,1.218960,0.000060,1.021847,0.900519,0.989800,1.061408,1.000934,1.010489,1.083593
500,0.800000,0.500000,0.7,0.3,0.0,12,1.090369,0.997030,0.914397,1.104073,1.009565,0.000018,1.218960,0.000061,1.019160,0.900519,0.982826,1.050382,1.000934,1.005470,1.074582
500,0.800000,0.500000,0.7,0.3,0.0,13,1.090369,0.996130,0.913571,1.104073,1.008674,0.000018,1.218960,0.000065,1.017359,0.900519,0.976714,1.040530,1.000934,1.001314,1.066738
500,0.800000,0.500000,0.7,0.3,0.0,14,1.090369,0.995361,0.912866,1.104073,1.007920,0.000018,1.218960,0.000065,1.015836,0.900519,0.971292,1.031602,1.000934,0.997851,1.059810
500,0.800000,0.500000,0.7,0.3,0.0,15,1.090369,0.994983,0.912519,1.104073,1.007533,0.000018,1.218960,0.000068,1.015055,0.900519,0.966428,1.023545,1.000934,0.994946,1.053749
500,0.800000,0.500000,0.7,0.3,0.0,16,1.090369,0.994814,0.912365,1.104073,1.007367,0.000018,1.218960,0.000070,1.014719,0.900519,0.962000,1.016186,1.000934,0.992480,1.048383
500,0.800000,0.500000,0.7,0.3,0.0,17,1.090369,0.994666,0.912229,1.104073,1.007218,0.000018,1.218960,0.000071,1.014417,0.900519,0.957929,1.009452,1.000934,0.990371,1.043639
500,0.800000,0.500000,0.7,0.3,0.0,18,1.090369,0.994883,0.912427,1.104073,1.007406,0.000018,1.218960,0.000074,1.014793,0.900519,0.954158,1.003240,1.000934,0.988565,1.039417
500,0.800000,0.500000,0.7,0.3,0.0,19,1.090369,0.995092,0.912620,1.104073,1.007616,0.000018,1.218960,0.000076,1.015214,0.900519,0.950635,0.997460,1.000934,0.987009,1.035626
500,0.800000,0.500000,0.7,0.3,0.0,20,1.090369,0.995527,0.913019,1.104073,1.008038,0.000018,1.218960,0.000078,1.016061,0.900519,0.947312,0.992096,1.000934,0.985654,1.032250
500,0.800000,0.500000,0.7,0.3,0.0,21,1.090369,0.995875,0.913338,1.104073,1.008375,0.000018,1.218960,0.000082,1.016738,0.900519,0.944192,0.987079,1.000934,0.984505,1.029223
500,0.800000,0.500000,0.7,0.3,0.0,22,1.090369,0.996292,0.913720,1.104073,1.008794,0.000018,1.218960,0.000082,1.017583,0.900519,0.941222,0.982360,1.000934,0.983508,1.026494
500,0.800000,0.500000,0.7,0.3,0.0,23,1.090369,0.996956,0.914329,1.104073,1.009457,0.000018,1.218960,0.000083,1.018920,0.900519,0.938399,0.977912,1.000934,0.982660,1.024037
500,0.800000,0.500000,0.7,0.3,0.0,24,1.090369,0.997564,0.914886,1.104073,1.010050,0.000018,1.218960,0.000087,1.020113,0.900519,0.935709,0.973710,1.000934,0.981948,1.021828
500,0.800000,0.500000,0.7,0.3,0.0,25,1.090369,0.998372,0.915627,1.104073,1.010848,0.000018,1.218960,0.000088,1.021725,0.900519,0.933120,0.969671,1.000934,0.981340,1.019780
500,0.800000,0.500000,0.7,0.3,0.0,26,1.090369,0.998976,0.916181,1.104073,1.011455,0.000018,1.218960,0.000093,1.022947,0.900519,0.930669,0.965863,1.000934,0.980875,1.017967
500,0.800000,0.500000,0.7,0.3,0.0,27,1.090369,0.999843,0.916976,1.104073,1.012322,0.000018,1.218960,0.000096,1.024701,0.900519,0.928315,0.962216,1.000934,0.980509,1.016316
500,0.800000,0.500000,0.7,0.3,0.0,28,1.090369,1.000773,0.917829,1.104073,1.013245,0.000018,1.218960,0.000098,1.026567,0.900519,0.926059,0.958698,1.000934,0.980246,1.014795
500,0.800000,0.500000,0.7,0.3,0.0,29,1.090369,1.001531,0.918525,1.104073,1.014002,0.000018,1.218960,0.000100,1.028101,0.900519,0.923899,0.955317,1.000934,0.980084,1.013413
500,0.800000,0.500000,0.7,0.3,0.0,30,1.090369,1.002503,0.919416,1.104073,1.014967,0.000018,1.218960,0.000106,1.030053,0.900519,0.921836,0.952055,1.000934,0.980024,1.012150
500,0.800000,0.500000,0.7,0.3,0.0,31,1.090369,1.003522,0.920351,1.104073,1.015981,0.000018,1.218960,0.000106,1.032112,0.900519,0.919867,0.948907,1.000934,0.980064,1.011004
500,0.800000,0.500000,0.7,0.3,0.0,32,1.090369,1.004725,0.921453,1.104073,1.017189,0.000018,1.218960,0.000111,1.034564,0.900519,0.917989,0.945852,1.000934,0.980201,1.009952
500,0.800000,0.500000,0.7,0.3,0.0,33,1.090369,1.005645,0.922298,1.104073,1.018123,0.000018,1.218960,0.000114,1.036460,0.900519,0.916201,0.942884,1.000934,0.980435,1.008989
500,0.800000,0.500000,0.7,0.3,0.0,34,1.090369,1.006766,0.923325,1.104073,1.019232,0.000018,1.218960,0.000119,1.038715,0.900519,0.914500,0.939988,1.000934,0.980764,1.008099
500,0.800000,0.500000,0.7,0.3,0.0,35,1.090369,1.008059,0.924511,1.104073,1.020526,0.000018,1.218960,0.000120,1.041354,0.900519,0.912893,0.937170,1.000934,0.981194,1.007289
500,0.800000,0.500000,0.7,0.3,0.0,36,1.090369,1.009257,0.925610,1.104073,1.021720,0.000018,1.218960,0.000122,1.043789,0.900519,0.911376,0.934418,1.000934,0.981725,1.006545
500,0.800000,0.500000,0.7,0.3,0.0,37,1.090369,1.010668,0.926904,1.104073,1.023134,0.000018,1.218960,0.000128,1.046674,0.900519,0.909952,0.931726,1.000934,0.982357,1.005864
500,0.800000,0.500000,0.7,0.3,0.0,38,1.090369,1.012017,0.928141,1.104073,1.024504,0.000018,1.218960,0.000132,1.049476,0.900519,0.908621,0.929091,1.000934,0.983093,1.005241
500,0.800000,0.500000,0.7,0.3,0.0,39,1.090369,1.013466,0.929471,1.104073,1.025953,0.000018,1.218960,0.000135,1.052444,0.900519,0.907386,0.926512,1.000934,0.983937,1.004676
500,0.800000,0.500000,0.7,0.3,0.0,40,1.090369,1.014903,0.930788,1.104073,1.027382,0.000018,1.218960,0.000138,1.055376,0.900519,0.906240,0.923967,1.000934,0.984881,1.004146
500,0.800000,0.500000,0.7,0.3,0.0,41,1.090369,1.016433,0.932191,1.104073,1.028937,0.000018,1.218960,0.000141,1.058570,0.900519,0.905198,0.921478,1.000934,0.985941,1.003674
500,0.800000,0.500000,0.7,0.3,0.0,42,1.090369,1.018105,0.933725,1.104073,1.030620,0.000018,1.218960,0.000147,1.062030,0.900519,0.904248,0.919018,1.000934,0.987108,1.003231
500,0.800000,0.500000,0.7,0.3,0.0,43,1.090369,1.019827,0.935304,1.104073,1.032326,0.000018,1.218960,0.000150,1.065546,0.900519,0.903402,0.916598,1.000934,0.988394,1.002832
500,0.800000,0.500000,0.7,0.3,0.0,44,1.090369,1.021498,0.936837,1.104073,1.034010,0.000018,1.218960,0.000153,1.069023,0.900519,0.902660,0.914221,1.000934,0.989799,1.002476
500,0.800000,0.500000,0.7,0.3,0.0,45,1.090369,1.023345,0.938531,1.104073,1.035876,0.000018,1.218960,0.000160,1.072880,0.900519,0.902021,0.911864,1.000934,0.991324,1.002141
500,0.800000,0.500000,0.7,0.3,0.0,46,1.090369,1.025184,0.940217,1.104073,1.037739,0.000018,1.218960,0.000163,1.076739,0.900519,0.901491,0.909543,1.000934,0.992976,1.001845
500,0.800000,0.500000,0.7,0.3,0.0,47,1.090369,1.027136,0.942008,1.104073,1.039698,0.000018,1.218960,0.000166,1.080806,0.900519,0.901074,0.907252,1.000934,0.994759,1.001580
500,0.800000,0.500000,0.7,0.3,0.0,48,1.090369,1.029178,0.943880,1.104073,1.041756,0.000018,1.218960,0.000170,1.085086,0.900519,0.900770,0.904982,1.000934,0.996676,1.001337
500,0.800000,0.500000,0.7,0.3,0.0,49,1.090369,1.031255,0.945785,1.104073,1.043851,0.000018,1.218960,0.000174,1.089451,0.900519,0.900584,0.902740,1.000934,0.998733,1.001124
500,0.800000,0.500000,0.7,0.3,0.0,50,1.090369,1.033430,0.947780,1.104073,1.046043,0.000018,1.218960,0.000179,1.094026,0.900519,0.900519,0.900519,1.000934,1.000934,1.000934
500,0.800000,0.100000,0.3,0.7,0.0,2,1.015330,1.008453,0.993226,1.028874,1.021894,0.000001,1.058581,0.000000,1.044268,0.923659,1.035940,1.056018,1.026655,1.038066,1.058185
500,0.800000,0.100000,0.3,0.7,0.0,3,1.015330,1.002109,0.986978,1.028874,1.015459,0.000001,1.058581,0.000005,1.031152,0.923659,1.021589,1.044307,1.026655,1.025789,1.048600
500,0.800000,0.100000,0.3,0.7,0.0,4,1.015330,0.997559,0.982497,1.028874,1.010863,0.000001,1.058581,0.000011,1.021832,0.923659,1.010371,1.034701,1.026655,1.016615,1.041095
500,0.800000,0.100000,0.3,0.7,0.0,5,1.015330,0.994240,0.979228,1.028874,1.007540,0.000001,1.058581,0.000020,1.015116,0.923659,1.001667,1.026603,1.026655,1.009938,1.035080
500,0.800000,0.100000,0.3,0.7,0.0,6,1.015330,0.991933,0.976955,1.028874,1.005205,0.000001,1.058581,0.000029,1.010409,0.923659,0.994789,1.019692,1.026655,1.005077,1.030238
500,0.800000,0.100000,0.3,0.7,0.0,7,1.015330,0.990337,0.975384,1.028874,1.003600,0.000001,1.058581,0.000036,1.007176,0.923659,0.989155,1.013652,1.026655,1.001457,1.026259
500,0.800000,0.100000,0.3,0.7,0.0,8,1.015330,0.989174,0.974239,1.028874,1.002423,0.000001,1.058581,0.000045,1.004806,0.923659,0.984471,1.008349,1.026655,0.998785,1.023010
500,0.800000,0.100000,0.3,0.7,0.0,9,1.015330,0.988357,0.973434,1.028874,1.001610,0.000001,1.058581,0.000052,1.003170,0.923659,0.980480,1.003667,1.026655,0.996806,1.020379
500,0.800000,0.100000,0.3,0.7,0.0,10,1.015330,0.988000,0.973082,1.028874,1.001253,0.000001,1.058581,0.000059,1.002449,0.923659,0.976977,0.999442,1.026655,0.995318,1.018204
500,0.800000,0.100000,0.3,0.7,0.0,11,1.015330,0.987691,0.972778,1.028874,1.000969,0.000001,1.058581,0.000066,1.001873,0.923659,0.973862,0.995631,1.026655,0.994218,1.016441
500,0.800000,0.100000,0.3,0.7,0.0,12,1.015330,0.987603,0.972691,1.028874,1.000885,0.000001,1.058581,0.000069,1.001702,0.923659,0.971046,0.992153,1.026655,0.993419,1.015013
500,0.800000,0.100000,0.3,0.7,0.0,13,1.015330,0.987615,0.972703,1.028874,1.000898,0.000001,1.058581,0.000074,1.001722,0.923659,0.968460,0.988951,1.026655,0.992853,1.013860
500,0.800000,0.100000,0.3,0.7,0.0,14,1.015330,0.987834,0.972919,1.028874,1.001139,0.000001,1.058581,0.000077,1.002203,0.923659,0.966060,0.985992,1.026655,0.992475,1.012953
500,0.800000,0.100000,0.3,0.7,0.0,15,1.015330,0.987903,0.972987,1.028874,1.001239,0.000001,1.058581,0.000081,1.002399,0.923659,0.963811,0.983228,1.026655,0.992252,1.012242
500,0.800000,0.100000,0.3,0.7,0.0,16,1.015330,0.988218,0.973297,1.028874,1.001557,0.000001,1.058581,0.000083,1.003033,0.923659,0.961679,0.980633,1.026655,0.992148,1.011703
500,0.800000,0.100000,0.3,0.7,0.0,17,1.015330,0.988684,0.973756,1.028874,1.002021,0.000001,1.058581,0.000086,1.003960,0.923659,0.959648,0.978188,1.026655,0.992149,1.011316
500,0.800000,0.100000,0.3,0.7,0.0,18,1.015330,0.988966,0.974034,1.028874,1.002316,0.000001,1.058581,0.000087,1.004551,0.923659,0.957713,0.975873,1.026655,0.992249,1.011064
500,0.800000,0.100000,0.3,0.7,0.0,19,1.015330,0.989445,0.974505,1.028874,1.002836,0.000001,1.058581,0.000087,1.005593,0.923659,0.955846,0.973664,1.026655,0.992419,1.010919
500,0.800000,0.100000,0.3,0.7,0.0,20,1.015330,0.989916,0.974969,1.028874,1.003304,0.000001,1.058581,0.000088,1.006531,0.923659,0.954049,0.971553,1.026655,0.992664,1.010876
500,0.800000,0.100000,0.3,0.7,0.0,21,1.015330,0.990392,0.975438,1.028874,1.003813,0.000001,1.058581,0.000088,1.007553,0.923659,0.952309,0.969520,1.026655,0.992969,1.010915
500,0.800000,0.100000,0.3,0.7,0.0,22,1.015330,0.990997,0.976034,1.028874,1.004442,0.000001,1.058581,0.000088,1.008816,0.923659,0.950624,0.967558,1.026655,0.993332,1.011027
500,0.800000,0.100000,0.3,0.7,0.0,23,1.015330,0.991596,0.976624,1.028874,1.005046,0.000001,1.058581,0.000089,1.010028,0.923659,0.948991,0.965665,1.026655,0.993752,1.011212
500,0.800000,0.100000,0.3,0.7,0.0,24,1.015330,0.992151,0.977171,1.028874,1.005628,0.000001,1.058581,0.000087,1.011201,0.923659,0.947405,0.963824,1.026655,0.994223,1.011453
500,0.800000,0.100000,0.3,0.7,0.0,25,1.015330,0.992835,0.977844,1.028874,1.006338,0.000001,1.058581,0.000085,1.012632,0.923659,0.945861,0.962030,1.026655,0.994740,1.011744
500,0.800000,0.100000,0.3,0.7,0.0,26,1.015330,0.993525,0.978524,1.028874,1.007048,0.000001,1.058581,0.000085,1.014061,0.923659,0.944369,0.960284,1.026655,0.995314,1.012087
500,0.800000,0.100000,0.3,0.7,0.0,27,1.015330,0.994283,0.979270,1.028874,1.007817,0.000001,1.058581,0.000083,1.015612,0.923659,0.942916,0.958574,1.026655,0.995932,1.012469
500,0.800000,0.100000,0.3,0.7,0.0,28,1.015330,0.995037,0.980013,1.028874,1.008591,0.000001,1.058581,0.000082,1.017175,0.923659,0.941499,0.956887,1.026655,0.996590,1.012878
500,0.800000,0.100000,0.3,0.7,0.0,29,1.015330,0.995775,0.980740,1.028874,1.009352,0.000001,1.058581,0.000080,1.018713,0.923659,0.940131,0.955240,1.026655,0.997303,1.013330
500,0.800000,0.100000,0.3,0.7,0.0,30,1.015330,0.996655,0.981606,1.028874,1.010254,0.000001,1.058581,0.000080,1.020533,0.923659,0.938802,0.953613,1.026655,0.998060,1.013807
500,0.800000,0.100000,0.3,0.7,0.0,31,1.015330,0.997387,0.982328,1.028874,1.011012,0.000001,1.058581,0.000076,1.022070,0.923659,0.937524,0.952018,1.026655,0.998876,1.014319
500,0.800000,0.100000,0.3,0.7,0.0,32,1.015330,0.998318,0.983245,1.028874,1.011967,0.000001,1.058581,0.000075,1.024002,0.923659,0.936279,0.950434,1.026655,0.999730,1.014845
500,0.800000,0.100000,0.3,0.7,0.0,33,1.015330,0.999224,0.984137,1.028874,1.012907,0.000001,1.058581,0.000072,1.025908,0.923659,0.935081,0.948871,1.026655,1.000639,1.015396
500,0.800000,0.100000,0.3,0.7,0.0,34,1.015330,1.000175,0.985073,1.028874,1.013888,0.000001,1.058581,0.000071,1.027897,0.923659,0.933931,0.947326,1.026655,1.001602,1.015968
500,0.800000,0.100000,0.3,0.7,0.0,35,1.015330,1.001171,0.986055,1.028874,1.014900,0.000001,1.058581,0.000068,1.029954,0.923659,0.932825,0.945789,1.026655,1.002618,1.016552
500,0.800000,0.100000,0.3,0.7,0.0,36,1.015330,1.002294,0.987160,1.028874,1.016057,0.000001,1.058581,0.000065,1.032308,0.923659,0.931772,0.944271,1.026655,1.003695,1.017159
500,0.800000,0.100000,0.3,0.7,0.0,37,1.015330,1.003371,0.988221,1.028874,1.017161,0.000001,1.058581,0.000062,1.034553,0.923659,0.930768,0.942759,1.026655,1.004829,1.017775
500,0.800000,0.100000,0.3,0.7,0.0,38,1.015330,1.004448,0.989282,1.028874,1.018262,0.000001,1.058581,0.000060,1.036798,0.923659,0.929819,0.941263,1.026655,1.006028,1.018410
500,0.800000,0.100000,0.3,0.7,0.0,39,1.015330,1.005616,0.990432,1.028874,1.019468,0.000001,1.058581,0.000057,1.039259,0.923659,0.928920,0.939764,1.026655,1.007287,1.019046
500,0.800000,0.100000,0.3,0.7,0.0,40,1.015330,1.006926,0.991723,1.028874,1.020804,0.000001,1.058581,0.000054,1.041988,0.923659,0.928085,0.938284,1.026655,1.008621,1.019705
500,0.800000,0.100000,0.3,0.7,0.0,41,1.015330,1.008230,0.993007,1.028874,1.022144,0.000001,1.058581,0.000053,1.044726,0.923659,0.927309,0.936806,1.026655,1.010025,1.020370
500,0.800000,0.100000,0.3,0.7,0.0,42,1.015330,1.009491,0.994249,1.028874,1.023444,0.000001,1.058581,0.000050,1.047388,0.923659,0.926594,0.935330,1.026655,1.011502,1.021039
500,0.800000,0.100000,0.3,0.7,0.0,43,1.015330,1.010939,0.995675,1.028874,1.024920,0.000001,1.058581,0.000047,1.050414,0.923659,0.925950,0.933863,1.026655,1.013063,1.021721
500,0.800000,0.100000,0.3,0.7,0.0,44,1.015330,1.012460,0.997173,1.028874,1.026485,0.000001,1.058581,0.000044,1.053627,0.923659,0.925375,0.932399,1.026655,1.014707,1.022409
500,0.800000,0.100000,0.3,0.7,0.0,45,1.015330,1.014030,0.998719,1.028874,1.028069,0.000001,1.058581,0.000042,1.056884,0.923659,0.924874,0.930937,1.026655,1.016440,1.023103
500,0.800000,0.100000,0.3,0.7,0.0,46,1.015330,1.015638,1.000303,1.028874,1.029715,0.000001,1.058581,0.000039,1.060274,0.923659,0.924453,0.929476,1.026655,1.018268,1.023801
500,0.800000,0.100000,0.3,0.7,0.0,47,1.015330,1.017341,1.001980,1.028874,1.031453,0.000001,1.058581,0.000036,1.063859,0.923659,0.924116,0.928023,1.026655,1.020198,1.024511
500,0.800000,0.100000,0.3,0.7,0.0,48,1.015330,1.019157,1.003769,1.028874,1.033306,0.000001,1.058581,0.000034,1.067687,0.923659,0.923867,0.926568,1.026655,1.022234,1.025222
500,0.800000,0.100000,0.3,0.7,0.0,49,1.015330,1.021003,1.005587,1.028874,1.035192,0.000001,1.058581,0.000031,1.071591,0.923659,0.923713,0.925113,1.026655,1.024384,1.025936
500,0.800000,0.100000,0.3,0.7,0.0,50,1.015330,1.022957,1.007511,1.028874,1.037185,0.000001,1.058581,0.000029,1.075724,0.923659,0.923659,0.923659,1.026655,1.026655,1.026655
500,0.800000,0.100000,0.7,0.3,0.0,2,1.003952,1.001287,0.997345,1.016953,1.014305,0.000023,1.034170,0.000024,1.028791,0.933718,1.013958,1.029825,1.037836,1.016039,1.031938
500,0.800000,0.100000,0.7,0.3,0.0,3,1.003952,0.999142,0.995208,1.016953,1.012186,0.000023,1.034170,0.000024,1.024497,0.933718,1.005207,1.021116,1.037836,1.009340,1.025315
500,0.800000,0.100000,0.7,0.3,0.0,4,1.003952,0.997745,0.993817,1.016953,1.010813,0.000023,1.034170,0.000025,1.021718,0.933718,0.997992,1.014459,1.037836,1.004159,1.020729
500,0.800000,0.100000,0.7,0.3,0.0,5,1.003952,0.996859,0.992934,1.016953,1.009960,0.000023,1.034170,0.000026,1.019994,0.933718,0.992059,1.008944,1.037836,1.000250,1.017275
500,0.800000,0.100000,0.7,0.3,0.0,6,1.003952,0.996294,0.992371,1.016953,1.009406,0.000023,1.034170,0.000027,1.018874,0.933718,0.987083,1.004186,1.037836,0.997292,1.014572
500,0.800000,0.100000,0.7,0.3,0.0,7,1.003952,0.996024,0.992103,1.016953,1.009156,0.000023,1.034170,0.000028,1.018368,0.933718,0.982836,0.999994,1.037836,0.995059,1.012431
500,0.800000,0.100000,0.7,0.3,0.0,8,1.003952,0.995838,0.991918,1.016953,1.008992,0.000023,1.034170,0.000029,1.018035,0.933718,0.979161,0.996266,1.037836,0.993398,1.010751
500,0.800000,0.100000,0.7,0.3,0.0,9,1.003952,0.995889,0.991968,1.016953,1.009066,0.000023,1.034170,0.000030,1.018185,0.933718,0.975895,0.992871,1.037836,0.992146,1.009404
500,0.800000,0.100000,0.7,0.3,0.0,10,1.003952,0.996099,0.992177,1.016953,1.009280,0.000023,1.034170,0.000032,1.018615,0.933718,0.972994,0.989796,1.037836,0.991259,1.008377
500,0.800000,0.100000,0.7,0.3,0.0,11,1.003952,0.996409,0.992487,1.016953,1.009613,0.000023,1.034170,0.000033,1.019285,0.933718,0.970353,0.986953,1.037836,0.990635,1.007582
500,0.800000,0.100000,0.7,0.3,0.0,12,1.003952,0.996692,0.992769,1.016953,1.009915,0.000023,1.034170,0.000034,1.019894,0.933718,0.967940,0.984329,1.037836,0.990242,1.007007
500,0.800000,0.100000,0.7,0.3,0.0,13,1.003952,0.997000,0.993075,1.016953,1.010233,0.000023,1.034170,0.000035,1.020536,0.933718,0.965717,0.981881,1.037836,0.990041,1.006612
500,0.800000,0.100000,0.7,0.3,0.0,14,1.003952,0.997382,0.993456,1.016953,1.010630,0.000023,1.034170,0.000037,1.021336,0.933718,0.963647,0.979585,1.037836,0.989996,1.006371
500,0.800000,0.100000,0.7,0.3,0.0,15,1.003952,0.997734,0.993806,1.016953,1.010991,0.000023,1.034170,0.000039,1.022063,0.933718,0.961710,0.977427,1.037836,0.990089,1.006269
500,0.800000,0.100000,0.7,0.3,0.0,16,1.003952,0.998192,0.994262,1.016953,1.011473,0.000023,1.034170,0.000042,1.023035,0.933718,0.959897,0.975387,1.037836,0.990310,1.006291
500,0.800000,0.100000,0.7,0.3,0.0,17,1.003952,0.998649,0.994718,1.016953,1.011941,0.000023,1.034170,0.000042,1.023984,0.933718,0.958187,0.973450,1.037836,0.990638,1.006418
500,0.800000,0.100000,0.7,0.3,0.0,18,1.003952,0.999172,0.995239,1.016953,1.012480,0.000023,1.034170,0.000045,1.025071,0.933718,0.956567,0.971600,1.037836,0.991061,1.006637
500,0.800000,0.100000,0.7,0.3,0.0,19,1.003952,0.999702,0.995766,1.016953,1.013025,0.000023,1.034170,0.000047,1.026172,0.933718,0.955040,0.969839,1.037836,0.991583,1.006947
500,0.800000,0.100000,0.7,0.3,0.0,20,1.003952,1.000133,0.996195,1.016953,1.013471,0.000023,1.034170,0.000049,1.027074,0.933718,0.953591,0.968153,1.037836,0.992187,1.007339
500,0.800000,0.100000,0.7,0.3,0.0,21,1.003952,1.000734,0.996794,1.016953,1.014087,0.000023,1.034170,0.000050,1.028323,0.933718,0.952215,0.966535,1.037836,0.992871,1.007802
500,0.800000,0.100000,0.7,0.3,0.0,22,1.003952,1.001139,0.997197,1.016953,1.014502,0.000023,1.034170,0.000052,1.029162,0.933718,0.950896,0.964964,1.037836,0.993616,1.008316
500,0.800000,0.100000,0.7,0.3,0.0,23,1.003952,1.001767,0.997823,1.016953,1.015146,0.000023,1.034170,0.000055,1.030467,0.933718,0.949653,0.963463,1.037836,0.994445,1.008906
500,0.800000,0.100000,0.7,0.3,0.0,24,1.003952,1.002333,0.998387,1.016953,1.015726,0.000023,1.034170,0.000057,1.031642,0.933718,0.948462,0.962003,1.037836,0.995331,1.009542
500,0.800000,0.100000,0.7,0.3,0.0,25,1.003952,1.002863,0.998915,1.016953,1.016268,0.000023,1.034170,0.000058,1.032742,0.933718,0.947328,0.960588,1.037836,0.996282,1.010228
500,0.800000,0.100000,0.7,0.3,0.0,26,1.003952,1.003402,0.999452,1.016953,1.016816,0.000023,1.034170,0.000062,1.033852,0.933718,0.946252,0.959220,1.037836,0.997298,1.010965
500,0.800000,0.100000,0.7,0.3,0.0,27,1.003952,1.003994,1.000041,1.016953,1.017418,0.000023,1.034170,0.000064,1.035076,0.933718,0.945225,0.957889,1.037836,0.998369,1.011746
500,0.800000,0.100000,0.7,0.3,0.0,28,1.003952,1.004537,1.000582,1.016953,1.017967,0.000023,1.034170,0.000066,1.036191,0.933718,0.944250,0.956594,1.037836,0.999501,1.012568
500,0.800000,0.100000,0.7,0.3,0.0,29,1.003952,1.005202,1.001245,1.016953,1.018648,0.000023,1.034170,0.000067,1.037576,0.933718,0.943321,0.955332,1.037836,1.000686,1.013428
500,0.800000,0.100000,0.7,0.3,0.0,30,1.003952,1.005713,1.001754,1.016953,1.019168,0.000023,1.034170,0.000070,1.038634,0.933718,0.942441,0.954103,1.037836,1.001929,1.014327
500,0.800000,0.100000,0.7,0.3,0.0,31,1.003952,1.006416,1.002454,1.016953,1.019876,0.000023,1.034170,0.000073,1.040075,0.933718,0.941604,0.952899,1.037836,1.003223,1.015258
500,0.800000,0.100000,0.7,0.3,0.0,32,1.003952,1.007019,1.003054,1.016953,1.020492,0.000023,1.034170,0.000075,1.041329,0.933718,0.940810,0.951722,1.037836,1.004569,1.016220
500,0.800000,0.100000,0.7,0.3,0.0,33,1.003952,1.007701,1.003734,1.016953,1.021189,0.000023,1.034170,0.000077,1.042749,0.933718,0.940062,0.950573,1.037836,1.005969,1.017217
500,0.800000,0.100000,0.7,0.3,0.0,34,1.003952,1.008293,1.004324,1.016953,1.021778,0.000023,1.034170,0.000080,1.043950,0.933718,0.939356,0.949446,1.037836,1.007421,1.018242
500,0.800000,0.100000,0.7,0.3,0.0,35,1.003952,1.008984,1.005012,1.016953,1.022477,0.000023,1.034170,0.000082,1.045377,0.933718,0.938691,0.948341,1.037836,1.008923,1.019295
500,0.800000,0.100000,0.7,0.3,0.0,36,1.003952,1.009631,1.005656,1.016953,1.023140,0.000023,1.034170,0.000084,1.046731,0.933718,0.938068,0.947258,1.037836,1.010477,1.020376
500,0.800000,0.100000,0.7,0.3,0.0,37,1.003952,1.010370,1.006392,1.016953,1.023893,0.000023,1.034170,0.000087,1.048271,0.933718,0.937485,0.946191,1.037836,1.012081,1.021479
500,0.800000,0.100000,0.7,0.3,0.0,38,1.003952,1.011008,1.007028,1.016953,1.024533,0.000023,1.034170,0.000089,1.049579,0.933718,0.936945,0.945145,1.037836,1.013738,1.022611
500,0.800000,0.100000,0.7,0.3,0.0,39,1.003952,1.011791,1.007808,1.016953,1.025326,0.000023,1.034170,0.000091,1.051202,0.933718,0.936445,0.944117,1.037836,1.015447,1.023766
500,0.800000,0.100000,0.7,0.3,0.0,40,1.003952,1.012552,1.008566,1.016953,1.026096,0.000023,1.034170,0.000095,1.052779,0.933718,0.935985,0.943105,1.037836,1.017207,1.024945
500,0.800000,0.100000,0.7,0.3,0.0,41,1.003952,1.013250,1.009261,1.016953,1.026809,0.000023,1.034170,0.000096,1.054240,0.933718,0.935566,0.942107,1.037836,1.019019,1.026144
500,0.800000,0.100000,0.7,0.3,0.0,42,1.003952,1.014073,1.010081,1.016953,1.027635,0.000023,1.034170,0.000098,1.055935,0.933718,0.935189,0.941126,1.037836,1.020884,1.027366
500,0.800000,0.100000,0.7,0.3,0.0,43,1.003952,1.014885,1.010889,1.016953,1.028462,0.000023,1.034170,0.000101,1.057633,0.933718,0.934852,0.940156,1.037836,1.022803,1.028606
500,0.800000,0.100000,0.7,0.3,0.0,44,1.003952,1.015702,1.011703,1.016953,1.029283,0.000023,1.034170,0.000104,1.059319,0.933718,0.934558,0.939201,1.037836,1.024777,1.029868
500,0.800000,0.100000,0.7,0.3,0.0,45,1.003952,1.016514,1.012512,1.016953,1.030093,0.000023,1.034170,0.000106,1.060985,0.933718,0.934307,0.938260,1.037836,1.026807,1.031151
500,0.800000,0.100000,0.7,0.3,0.0,46,1.003952,1.017419,1.013413,1.016953,1.030999,0.000023,1.034170,0.000109,1.062850,0.933718,0.934099,0.937332,1.037836,1.028893,1.032454
500,0.800000,0.100000,0.7,0.3,0.0,47,1.003952,1.018282,1.014273,1.016953,1.031879,0.000023,1.034170,0.000111,1.064664,0.933718,0.933935,0.936412,1.037836,1.031038,1.033772
500,0.800000,0.100000,0.7,0.3,0.0,48,1.003952,1.019208,1.015196,1.016953,1.032806,0.000023,1.034170,0.000113,1.066576,0.933718,0.933816,0.935503,1.037836,1.033242,1.035109
500,0.800000,0.100000,0.7,0.3,0.0,49,1.003952,1.020147,1.016131,1.016953,1.033756,0.000023,1.034170,0.000115,1.068536,0.933718,0.933743,0.934607,1.037836,1.035507,1.036465
500,0.800000,0.100000,0.7,0.3,0.0,50,1.003952,1.021114,1.017094,1.016953,1.034729,0.000023,1.034170,0.000118,1.070545,0.933718,0.933718,0.933718,1.037836,1.037836,1.037836
100,0.000000,0.300000,0.3,0.7,0.0,2,1.083994,1.074739,0.991463,1.096998,1.087672,0.000176,1.203229,0.000175,1.182855,0.470365,1.127542,1.203412,1.059912,1.140482,1.217224
100,0.000000,0.300000,0.3,0.7,0.0,3,1.083994,1.063588,0.981176,1.096998,1.076448,0.000176,1.203229,0.000169,1.158570,0.470365,1.078151,1.161547,1.059912,1.103182,1.188518
100,0.000000,0.300000,0.3,0.7,0.0,4,1.083994,1.053848,0.972191,1.096998,1.066710,0.000176,1.203229,0.000160,1.137710,0.470365,1.032738,1.126393,1.059912,1.069124,1.166085
100,0.000000,0.300000,0.3,0.7,0.0,5,1.083994,1.046210,0.965144,1.096998,1.059085,0.000176,1.203229,0.000156,1.121505,0.470365,0.993026,1.095264,1.059912,1.040227,1.147336
100,0.000000,0.300000,0.3,0.7,0.0,6,1.083994,1.040154,0.959557,1.096998,1.053039,0.000176,1.203229,0.000155,1.108736,0.470365,0.958374,1.066987,1.059912,1.015999,1.131158
100,0.000000,0.300000,0.3,0.7,0.0,7,1.083994,1.035950,0.955679,1.096998,1.048891,0.000176,1.203229,0.000144,1.100029,0.470365,0.928179,1.041167,1.059912,0.995965,1.117223
100,0.000000,0.300000,0.3,0.7,0.0,8,1.083994,1.032903,0.952868,1.096998,1.045911,0.000176,1.203229,0.000140,1.093791,0.470365,0.901528,1.017350,1.059912,0.979287,1.105122
100,0.000000,0.300000,0.3,0.7,0.0,9,1.083994,1.031036,0.951146,1.096998,1.044095,0.000176,1.203229,0.000137,1.089996,0.470365,0.877778,0.995243,1.059912,0.965383,1.094598
100,0.000000,0.300000,0.3,0.7,0.0,10,1.083994,1.030295,0.950462,1.096998,1.043442,0.000176,1.203229,0.000139,1.088633,0.470365,0.856306,0.974568,1.059912,0.953665,1.085404
100,0.000000,0.300000,0.3,0.7,0.0,11,1.083994,1.030004,0.950193,1.096998,1.043201,0.000176,1.203229,0.000125,1.088143,0.470365,0.836745,0.955195,1.059912,0.943802,1.077443
100,0.000000,0.300000,0.3,0.7,0.0,12,1.083994,1.030627,0.950769,1.096998,1.043921,0.000176,1.203229,0.000127,1.089643,0.470365,0.818707,0.936883,1.059912,0.935425,1.070489
100,0.000000,0.300000,0.3,0.7,0.0,13,1.083994,1.031834,0.951882,1.096998,1.045203,0.000176,1.203229,0.000124,1.092325,0.470365,0.801949,0.919573,1.059912,0.928308,1.064514
100,0.000000,0.300000,0.3,0.7,0.0,14,1.083994,1.033622,0.953532,1.096998,1.047093,0.000176,1.203229,0.000126,1.096278,0.470365,0.786173,0.903016,1.059912,0.922154,1.059263
100,0.000000,0.300000,0.3,0.7,0.0,15,1.083994,1.035825,0.955563,1.096998,1.049405,0.000176,1.203229,0.000121,1.101129,0.470365,0.771284,0.887253,1.059912,0.916889,1.054814
100,0.000000,0.300000,0.3,0.7,0.0,16,1.083994,1.038379,0.957920,1.096998,1.051952,0.000176,1.203229,0.000113,1.106490,0.470365,0.757052,0.872051,1.059912,0.912268,1.050920
100,0.000000,0.300000,0.3,0.7,0.0,17,1.083994,1.041495,0.960794,1.096998,1.055245,0.000176,1.203229,0.000114,1.113428,0.470365,0.743425,0.857393,1.059912,0.908260,1.047584
100,0.000000,0.300000,0.3,0.7,0.0,18,1.083994,1.045411,0.964407,1.096998,1.059159,0.000176,1.203229,0.000111,1.121706,0.470365,0.730365,0.843274,1.059912,0.904841,1.044822
100,0.000000,0.300000,0.3,0.7,0.0,19,1.083994,1.049591,0.968263,1.096998,1.063506,0.000176,1.203229,0.000098,1.130948,0.470365,0.717699,0.829552,1.059912,0.901819,1.042480
100,0.000000,0.300000,0.3,0.7,0.0,20,1.083994,1.054204,0.972519,1.096998,1.068218,0.000176,1.203229,0.000100,1.140989,0.470365,0.705413,0.816207,1.059912,0.899195,1.040553
100,0.000000,0.300000,0.3,0.7,0.0,21,1.083994,1.059019,0.976961,1.096998,1.073052,0.000176,1.203229,0.000098,1.151343,0.470365,0.693438,0.803153,1.059912,0.896893,1.038946
100,0.000000,0.300000,0.3,0.7,0.0,22,1.083994,1.064519,0.982034,1.096998,1.078752,0.000176,1.203229,0.000092,1.163613,0.470365,0.681827,0.790436,1.059912,0.895000,1.037733
100,0.000000,0.300000,0.3,0.7,0.0,23,1.083994,1.070361,0.987424,1.096998,1.084702,0.000176,1.203229,0.000092,1.176488,0.470365,0.670468,0.777959,1.059912,0.893385,1.036802
100,0.000000,0.300000,0.3,0.7,0.0,24,1.083994,1.076911,0.993467,1.096998,1.091322,0.000176,1.203229,0.000089,1.190896,0.470365,0.659313,0.765637,1.059912,0.891996,1.036055
100,0.000000,0.300000,0.3,0.7,0.0,25,1.083994,1.083455,0.999503,1.096998,1.097951,0.000176,1.203229,0.000084,1.205413,0.470365,0.648406,0.753533,1.059912,0.890905,1.035584
100,0.000000,0.300000,0.3,0.7,0.0,26,1.083994,1.090913,1.006383,1.096998,1.105553,0.000176,1.203229,0.000075,1.222172,0.470365,0.637744,0.741603,1.059912,0.890120,1.035342
100,0.000000,0.300000,0.3,0.7,0.0,27,1.083994,1.099076,1.013914,1.096998,1.113781,0.000176,1.203229,0.000074,1.240435,0.470365,0.627294,0.729824,1.059912,0.889610,1.035306
100,0.000000,0.300000,0.3,0.7,0.0,28,1.083994,1.107899,1.022053,1.096998,1.122782,0.000176,1.203229,0.000071,1.260567,0.470365,0.616997,0.718090,1.059912,0.889302,1.035333
100,0.000000,0.300000,0.3,0.7,0.0,29,1.083994,1.117145,1.030583,1.096998,1.132161,0.000176,1.203229,0.000062,1.281725,0.470365,0.606981,0.706552,1.059912,0.889398,1.035652
100,0.000000,0.300000,0.3,0.7,0.0,30,1.083994,1.127453,1.040092,1.096998,1.142583,0.000176,1.203229,0.000052,1.305443,0.470365,0.597159,0.695079,1.059912,0.889783,1.036075
100,0.000000,0.300000,0.3,0.7,0.0,31,1.083994,1.138069,1.049886,1.096998,1.153377,0.000176,1.203229,0.000052,1.330228,0.470365,0.587542,0.683665,1.059912,0.890493,1.036604
100,0.000000,0.300000,0.3,0.7,0.0,32,1.083994,1.149547,1.060474,1.096998,1.164988,0.000176,1.203229,0.000046,1.357152,0.470365,0.578111,0.672265,1.059912,0.891516,1.037175
100,0.000000,0.300000,0.3,0.7,0.0,33,1.083994,1.161662,1.071650,1.096998,1.177240,0.000176,1.203229,0.000040,1.385854,0.470365,0.568982,0.661011,1.059912,0.893049,1.037994
100,0.000000,0.300000,0.3,0.7,0.0,34,1.083994,1.175147,1.084090,1.096998,1.190899,0.000176,1.203229,0.000038,1.418203,0.470365,0.560032,0.649733,1.059912,0.894925,1.038804
100,0.000000,0.300000,0.3,0.7,0.0,35,1.083994,1.189671,1.097489,1.096998,1.205595,0.000176,1.203229,0.000032,1.453427,0.470365,0.551367,0.638525,1.059912,0.897333,1.039758
100,0.000000,0.300000,0.3,0.7,0.0,36,1.083994,1.204705,1.111358,1.096998,1.220808,0.000176,1.203229,0.000025,1.490348,0.470365,0.542943,0.627297,1.059912,0.900234,1.040716
100,0.000000,0.300000,0.3,0.7,0.0,37,1.083994,1.221079,1.126464,1.096998,1.237400,0.000176,1.203229,0.000020,1.531140,0.470365,0.534824,0.616138,1.059912,0.903765,1.041830
100,0.000000,0.300000,0.3,0.7,0.0,38,1.083994,1.238780,1.142793,1.096998,1.255353,0.000176,1.203229,0.000015,1.575895,0.470365,0.526989,0.604960,1.059912,0.907925,1.042952
100,0.000000,0.300000,0.3,0.7,0.0,39,1.083994,1.258499,1.160984,1.096998,1.275212,0.000176,1.203229,0.000011,1.626156,0.470365,0.519476,0.593774,1.059912,0.912821,1.044106
100,0.000000,0.300000,0.3,0.7,0.0,40,1.083994,1.278300,1.179251,1.096998,1.295233,0.000176,1.203229,0.000008,1.677620,0.470365,0.512338,0.582628,1.059912,0.918595,1.045380
100,0.000000,0.300000,0.3,0.7,0.0,41,1.083994,1.301949,1.201067,1.096998,1.319189,0.000176,1.203229,0.000006,1.740252,0.470365,0.505548,0.571430,1.059912,0.925253,1.046613
100,0.000000,0.300000,0.3,0.7,0.0,42,1.083994,1.325791,1.223061,1.096998,1.343274,0.000176,1.203229,0.000004,1.804381,0.470365,0.499222,0.560307,1.059912,0.933066,1.048032
100,0.000000,0.300000,0.3,0.7,0.0,43,1.083994,1.352209,1.247433,1.096998,1.370031,0.000176,1.203229,0.000002,1.876983,0.470365,0.493309,0.549103,1.059912,0.942020,1.049366
100,0.000000,0.300000,0.3,0.7,0.0,44,1.083994,1.381261,1.274233,1.096998,1.399478,0.000176,1.203229,0.000001,1.958538,0.470365,0.487903,0.537882,1.059912,0.952376,1.050724
100,0.000000,0.300000,0.3,0.7,0.0,45,1.083994,1.412168,1.302745,1.096998,1.430798,0.000176,1.203229,0.000000,2.047184,0.470365,0.483083,0.526692,1.059912,0.964388,1.052205
100,0.000000,0.300000,0.3,0.7,0.0,46,1.083994,1.446742,1.334641,1.096998,1.465809,0.000176,1.203229,0.000000,2.148596,0.470365,0.478880,0.515468,1.059912,0.978244,1.053690
100,0.000000,0.300000,0.3,0.7,0.0,47,1.083994,1.484282,1.369272,1.096998,1.503841,0.000176,1.203229,0.000001,2.261535,0.470365,0.475391,0.504222,1.059912,0.994284,1.055194
100,0.000000,0.300000,0.3,0.7,0.0,48,1.083994,1.525782,1.407557,1.096998,1.546024,0.000176,1.203229,0.000003,2.390187,0.470365,0.472720,0.492951,1.059912,1.012898,1.056721
100,0.000000,0.300000,0.3,0.7,0.0,49,1.083994,1.571514,1.449745,1.096998,1.592504,0.000176,1.203229,0.000005,2.536065,0.470365,0.470990,0.481665,1.059912,1.034567,1.058293
100,0.000000,0.300000,0.3,0.7,0.0,50,1.083994,1.622231,1.496532,1.096998,1.644119,0.000176,1.203229,0.000008,2.703120,0.470365,0.470365,0.470365,1.059912,1.059912,1.059912
100,0.000000,0.300000,0.7,0.3,0.0,2,1.025676,1.021561,0.995988,1.038904,1.034676,0.000097,1.079224,0.000100,1.070455,0.543328,1.009914,1.075021,1.227134,1.021503,1.087358
100,0.000000,0.300000,0.7,0.3,0.0,3,1.025676,1.017331,0.991864,1.038904,1.030383,0.000097,1.079224,0.000102,1.061587,0.543328,0.978726,1.042423,1.227134,1.001448,1.066627
100,0.000000,0.300000,0.7,0.3,0.0,4,1.025676,1.013700,0.988324,1.038904,1.026655,0.000097,1.079224,0.000106,1.053915,0.543328,0.949700,1.017722,1.227134,0.983159,1.053583
100,0.000000,0.300000,0.7,0.3,0.0,5,1.025676,1.011183,0.985870,1.038904,1.024064,0.000097,1.079224,0.000107,1.048601,0.543328,0.923274,0.996652,1.227134,0.967159,1.044034
100,0.000000,0.300000,0.7,0.3,0.0,6,1.025676,1.009366,0.984098,1.038904,1.022218,0.000097,1.079224,0.000110,1.044820,0.543328,0.899480,0.977921,1.227134,0.953564,1.036734
100,0.000000,0.300000,0.7,0.3,0.0,7,1.025676,1.008450,0.983205,1.038904,1.021256,0.000097,1.079224,0.000114,1.042850,0.543328,0.877786,0.960667,1.227134,0.941892,1.030843
100,0.000000,0.300000,0.7,0.3,0.0,8,1.025676,1.007839,0.982610,1.038904,1.020606,0.000097,1.079224,0.000111,1.041526,0.543328,0.858149,0.944705,1.227134,0.932167,1.026209
100,0.000000,0.300000,0.7,0.3,0.0,9,1.025676,1.007933,0.982701,1.038904,1.020685,0.000097,1.079224,0.000117,1.041681,0.543328,0.840119,0.929674,1.227134,0.923968,1.022485
100,0.000000,0.300000,0.7,0.3,0.0,10,1.025676,1.008197,0.982959,1.038904,1.020876,0.000097,1.079224,0.000117,1.042071,0.543328,0.823574,0.915470,1.227134,0.917216,1.019588
100,0.000000,0.300000,0.7,0.3,0.0,11,1.025676,1.009059,0.983799,1.038904,1.021752,0.000097,1.079224,0.000124,1.043853,0.543328,0.808275,0.901988,1.227134,0.911697,1.017433
100,0.000000,0.300000,0.7,0.3,0.0,12,1.025676,1.010183,0.984895,1.038904,1.022875,0.000097,1.079224,0.000129,1.046144,0.543328,0.794098,0.889109,1.227134,0.907318,1.015911
100,0.000000,0.300000,0.7,0.3,0.0,13,1.025676,1.011690,0.986364,1.038904,1.024380,0.000097,1.079224,0.000129,1.049225,0.543328,0.780862,0.876770,1.227134,0.903914,1.014977
100,0.000000,0.300000,0.7,0.3,0.0,14,1.025676,1.013715,0.988339,1.038904,1.026371,0.000097,1.079224,0.000128,1.053310,0.543328,0.768444,0.864887,1.227134,0.901380,1.014553
100,0.000000,0.300000,0.7,0.3,0.0,15,1.025676,1.015837,0.990408,1.038904,1.028529,0.000097,1.079224,0.000129,1.057742,0.543328,0.756789,0.853471,1.227134,0.899686,1.014674
100,0.000000,0.300000,0.7,0.3,0.0,16,1.025676,1.018283,0.992792,1.038904,1.030949,0.000097,1.079224,0.000138,1.062718,0.543328,0.745783,0.842424,1.227134,0.898728,1.015244
100,0.000000,0.300000,0.7,0.3,0.0,17,1.025676,1.021035,0.995476,1.038904,1.033706,0.000097,1.079224,0.000137,1.068411,0.543328,0.735328,0.831719,1.227134,0.898418,1.016249
100,0.000000,0.300000,0.7,0.3,0.0,18,1.025676,1.024048,0.998412,1.038904,1.036725,0.000097,1.079224,0.000138,1.074661,0.543328,0.725348,0.821289,1.227134,0.898689,1.017626
100,0.000000,0.300000,0.7,0.3,0.0,19,1.025676,1.027057,1.001347,1.038904,1.039764,0.000097,1.079224,0.000150,1.080960,0.543328,0.715831,0.811145,1.227134,0.899549,1.019401
100,0.000000,0.300000,0.7,0.3,0.0,20,1.025676,1.030560,1.004762,1.038904,1.043266,0.000097,1.079224,0.000147,1.088257,0.543328,0.706742,0.801275,1.227134,0.900981,1.021580
100,0.000000,0.300000,0.7,0.3,0.0,21,1.025676,1.034200,1.008311,1.038904,1.046915,0.000097,1.079224,0.000150,1.095881,0.543328,0.697963,0.791589,1.227134,0.902857,1.024062
100,0.000000,0.300000,0.7,0.3,0.0,22,1.025676,1.038405,1.012410,1.038904,1.051179,0.000097,1.079224,0.000156,1.104820,0.543328,0.689514,0.782130,1.227134,0.905225,1.026918
100,0.000000,0.300000,0.7,0.3,0.0,23,1.025676,1.042646,1.016545,1.038904,1.055423,0.000097,1.079224,0.000150,1.113767,0.543328,0.681403,0.772870,1.227134,0.908113,1.030127
100,0.000000,0.300000,0.7,0.3,0.0,24,1.025676,1.047215,1.020999,1.038904,1.060083,0.000097,1.079224,0.000154,1.123622,0.543328,0.673525,0.763764,1.227134,0.911410,1.033646
100,0.000000,0.300000,0.7,0.3,0.0,25,1.025676,1.052154,1.025815,1.038904,1.065051,0.000097,1.079224,0.000157,1.134177,0.543328,0.665888,0.754797,1.227134,0.915139,1.037468
100,0.000000,0.300000,0.7,0.3,0.0,26,1.025676,1.057711,1.031233,1.038904,1.070612,0.000097,1.079224,0.000162,1.146049,0.543328,0.658461,0.745940,1.227134,0.919282,1.041566
100,0.000000,0.300000,0.7,0.3,0.0,27,1.025676,1.062905,1.036297,1.038904,1.075935,0.000097,1.079224,0.000169,1.157467,0.543328,0.651235,0.737198,1.227134,0.923844,1.045962
100,0.000000,0.300000,0.7,0.3,0.0,28,1.025676,1.069046,1.042284,1.038904,1.082145,0.000097,1.079224,0.000171,1.170866,0.543328,0.644219,0.728577,1.227134,0.928862,1.050680
100,0.000000,0.300000,0.7,0.3,0.0,29,1.025676,1.075590,1.048664,1.038904,1.088750,0.000097,1.079224,0.000175,1.185202,0.543328,0.637381,0.720037,1.227134,0.934308,1.055676
100,0.000000,0.300000,0.7,0.3,0.0,30,1.025676,1.082043,1.054956,1.038904,1.095249,0.000097,1.079224,0.000172,1.199398,0.543328,0.630705,0.711569,1.227134,0.940182,1.060952
100,0.000000,0.300000,0.7,0.3,0.0,31,1.025676,1.089961,1.062676,1.038904,1.103259,0.000097,1.079224,0.000174,1.217006,0.543328,0.624196,0.703166,1.227134,0.946512,1.066509
100,0.000000,0.300000,0.7,0.3,0.0,32,1.025676,1.097403,1.069932,1.038904,1.110818,0.000097,1.079224,0.000182,1.233734,0.543328,0.617871,0.694821,1.227134,0.953354,1.072356
100,0.000000,0.300000,0.7,0.3,0.0,33,1.025676,1.105908,1.078224,1.038904,1.119439,0.000097,1.079224,0.000179,1.252964,0.543328,0.611660,0.686474,1.227134,0.960618,1.078410
100,0.000000,0.300000,0.7,0.3,0.0,34,1.025676,1.114953,1.087043,1.038904,1.128542,0.000097,1.079224,0.000184,1.273423,0.543328,0.605639,0.678211,1.227134,0.968454,1.084823
100,0.000000,0.300000,0.7,0.3,0.0,35,1.025676,1.124569,1.096417,1.038904,1.138288,0.000097,1.079224,0.000186,1.295515,0.543328,0.599795,0.669977,1.227134,0.976873,1.091523
100,0.000000,0.300000,0.7,0.3,0.0,36,1.025676,1.134847,1.106438,1.038904,1.148721,0.000097,1.079224,0.000185,1.319376,0.543328,0.594089,0.661730,1.227134,0.985841,1.098461
100,0.000000,0.300000,0.7,0.3,0.0,37,1.025676,1.146262,1.117568,1.038904,1.160226,0.000097,1.079224,0.000187,1.345937,0.543328,0.588571,0.653489,1.227134,0.995479,1.105678
100,0.000000,0.300000,0.7,0.3,0.0,38,1.025676,1.158351,1.129354,1.038904,1.172477,0.000097,1.079224,0.000190,1.374513,0.543328,0.583234,0.645257,1.227134,1.005811,1.113201
100,0.000000,0.300000,0.7,0.3,0.0,39,1.025676,1.171582,1.142253,1.038904,1.185837,0.000097,1.079224,0.000191,1.406018,0.543328,0.578093,0.637005,1.227134,1.016906,1.120992
100,0.000000,0.300000,0.7,0.3,0.0,40,1.025676,1.185772,1.156088,1.038904,1.200234,0.000097,1.079224,0.000189,1.440373,0.543328,0.573177,0.628744,1.227134,1.028867,1.129092
100,0.000000,0.300000,0.7,0.3,0.0,41,1.025676,1.201407,1.171332,1.038904,1.215998,0.000097,1.079224,0.000201,1.478449,0.543328,0.568474,0.620435,1.227134,1.041727,1.137447
100,0.000000,0.300000,0.7,0.3,0.0,42,1.025676,1.218183,1.187688,1.038904,1.232946,0.000097,1.079224,0.000198,1.519958,0.543328,0.564038,0.612105,1.227134,1.055646,1.146126
100,0.000000,0.300000,0.7,0.3,0.0,43,1.025676,1.236631,1.205674,1.038904,1.251590,0.000097,1.079224,0.000207,1.566271,0.543328,0.559880,0.603724,1.227134,1.070717,1.155092
100,0.000000,0.300000,0.7,0.3,0.0,44,1.025676,1.256957,1.225491,1.038904,1.272167,0.000097,1.079224,0.000199,1.618211,0.543328,0.556055,0.595302,1.227134,1.087124,1.164382
100,0.000000,0.300000,0.7,0.3,0.0,45,1.025676,1.279293,1.247268,1.038904,1.294679,0.000097,1.079224,0.000200,1.675993,0.543328,0.552602,0.586811,1.227134,1.105044,1.173967
100,0.000000,0.300000,0.7,0.3,0.0,46,1.025676,1.303613,1.270979,1.038904,1.319253,0.000097,1.079224,0.000203,1.740224,0.543328,0.549571,0.578271,1.227134,1.124692,1.183908
100,0.000000,0.300000,0.7,0.3,0.0,47,1.025676,1.330746,1.297433,1.038904,1.346654,0.000097,1.079224,0.000212,1.813267,0.543328,0.547035,0.569657,1.227134,1.146348,1.194177
100,0.000000,0.300000,0.7,0.3,0.0,48,1.025676,1.360481,1.326424,1.038904,1.376695,0.000097,1.079224,0.000212,1.895076,0.543328,0.545077,0.560979,1.227134,1.170347,1.204825
100,0.000000,0.300000,0.7,0.3,0.0,49,1.025676,1.393753,1.358863,1.038904,1.410357,0.000097,1.079224,0.000219,1.988888,0.543328,0.543797,0.552196,1.227134,1.197097,1.215787
100,0.000000,0.300000,0.7,0.3,0.0,50,1.025676,1.430990,1.395168,1.038904,1.448100,0.000097,1.079224,0.000225,2.096767,0.543328,0.543328,0.543328,1.227134,1.227134,1.227134
100,0.000000,0.500000,0.3,0.7,0.0,2,1.197825,1.183827,0.988313,1.214970,1.200658,0.000188,1.475963,0.000186,1.441394,0.457410,1.360568,1.508942,1.030717,1.376180,1.526259
100,0.000000,0.500000,0.3,0.7,0.0,3,1.197825,1.166504,0.973851,1.214970,1.182998,0.000188,1.475963,0.000175,1.399310,0.457410,1.284784,1.432896,1.030717,1.314608,1.466166
100,0.000000,0.500000,0.3,0.7,0.0,4,1.197825,1.150803,0.960744,1.214970,1.167045,0.000188,1.475963,0.000170,1.361823,0.457410,1.214092,1.372904,1.030717,1.256858,1.421279
100,0.000000,0.500000,0.3,0.7,0.0,5,1.197825,1.136656,0.948933,1.214970,1.152716,0.000188,1.475963,0.000158,1.328595,0.457410,1.151431,1.321220,1.030717,1.206148,1.384025
100,0.000000,0.500000,0.3,0.7,0.0,6,1.197825,1.125155,0.939331,1.214970,1.141074,0.000188,1.475963,0.000156,1.301894,0.457410,1.096288,1.274906,1.030717,1.162186,1.351569
100,0.000000,0.500000,0.3,0.7,0.0,7,1.197825,1.115345,0.931142,1.214970,1.131132,0.000188,1.475963,0.000141,1.279320,0.457410,1.047798,1.232712,1.030717,1.124293,1.322742
100,0.000000,0.500000,0.3,0.7,0.0,8,1.197825,1.107397,0.924506,1.214970,1.123226,0.000188,1.475963,0.000133,1.261504,0.457410,1.005156,1.194076,1.030717,1.091821,1.297070
100,0.000000,0.500000,0.3,0.7,0.0,9,1.197825,1.100824,0.919019,1.214970,1.116610,0.000188,1.475963,0.000122,1.246697,0.457410,0.967132,1.158168,1.030717,1.063616,1.273757
100,0.000000,0.500000,0.3,0.7,0.0,10,1.197825,1.096003,0.914994,1.214970,1.111724,0.000188,1.475963,0.000107,1.235823,0.457410,0.933119,1.124739,1.030717,1.039167,1.252616
100,0.000000,0.500000,0.3,0.7,0.0,11,1.197825,1.092053,0.911696,1.214970,1.107859,0.000188,1.475963,0.000098,1.227252,0.457410,0.902495,1.093494,1.030717,1.017914,1.233398
100,0.000000,0.500000,0.3,0.7,0.0,12,1.197825,1.089446,0.909520,1.214970,1.105316,0.000188,1.475963,0.000087,1.221635,0.457410,0.874802,1.064245,1.030717,0.999461,1.215963
100,0.000000,0.500000,0.3,0.7,0.0,13,1.197825,1.087467,0.907868,1.214970,1.103326,0.000188,1.475963,0.000073,1.217254,0.457410,0.849371,1.036557,1.030717,0.983141,1.199878
100,0.000000,0.500000,0.3,0.7,0.0,14,1.197825,1.086267,0.906866,1.214970,1.102217,0.000188,1.475963,0.000065,1.214816,0.457410,0.825997,1.010401,1.030717,0.968802,1.185162
100,0.000000,0.500000,0.3,0.7,0.0,15,1.197825,1.086386,0.906965,1.214970,1.102423,0.000188,1.475963,0.000057,1.215280,0.457410,0.804367,0.985652,1.030717,0.956147,1.171720
100,0.000000,0.500000,0.3,0.7,0.0,16,1.197825,1.086941,0.907429,1.214970,1.103052,0.000188,1.475963,0.000053,1.216670,0.457410,0.784256,0.962134,1.030717,0.944978,1.159399
100,0.000000,0.500000,0.3,0.7,0.0,17,1.197825,1.088198,0.908478,1.214970,1.104423,0.000188,1.475963,0.000041,1.219708,0.457410,0.765414,0.939723,1.030717,0.935050,1.148088
100,0.000000,0.500000,0.3,0.7,0.0,18,1.197825,1.089843,0.909851,1.214970,1.106185,0.000188,1.475963,0.000036,1.223610,0.457410,0.747698,0.918327,1.030717,0.926238,1.137717
100,0.000000,0.500000,0.3,0.7,0.0,19,1.197825,1.092593,0.912147,1.214970,1.109028,0.000188,1.475963,0.000029,1.229914,0.457410,0.730849,0.897705,1.030717,0.918264,1.128025
100,0.000000,0.500000,0.3,0.7,0.0,20,1.197825,1.095591,0.914650,1.214970,1.112136,0.000188,1.475963,0.000024,1.236821,0.457410,0.714979,0.878011,1.030717,0.911307,1.119234
100,0.000000,0.500000,0.3,0.7,0.0,21,1.197825,1.099311,0.917755,1.214970,1.115950,0.000188,1.475963,0.000026,1.245319,0.457410,0.699764,0.858974,1.030717,0.904993,1.111038
100,0.000000,0.500000,0.3,0.7,0.0,22,1.197825,1.103626,0.921358,1.214970,1.120346,0.000188,1.475963,0.000017,1.255159,0.457410,0.685297,0.840691,1.030717,0.899472,1.103588
100,0.000000,0.500000,0.3,0.7,0.0,23,1.197825,1.108607,0.925516,1.214970,1.125435,0.000188,1.475963,0.000017,1.266588,0.457410,0.671395,0.822954,1.030717,0.894538,1.096641
100,0.000000,0.500000,0.3,0.7,0.0,24,1.197825,1.113846,0.929890,1.214970,1.130849,0.000188,1.475963,0.000014,1.278806,0.457410,0.658078,0.805830,1.030717,0.890243,1.090312
100,0.000000,0.500000,0.3,0.7,0.0,25,1.197825,1.120363,0.935331,1.214970,1.137404,0.000188,1.475963,0.000011,1.293677,0.457410,0.645231,0.789172,1.030717,0.886459,1.084426
100,0.000000,0.500000,0.3,0.7,0.0,26,1.197825,1.126249,0.940244,1.214970,1.143487,0.000188,1.475963,0.000009,1.307554,0.457410,0.632849,0.772986,1.030717,0.883207,1.079015
100,0.000000,0.500000,0.3,0.7,0.0,27,1.197825,1.134462,0.947101,1.214970,1.151739,0.000188,1.475963,0.000007,1.326496,0.457410,0.620879,0.757185,1.030717,0.880431,1.073973
100,0.000000,0.500000,0.3,0.7,0.0,28,1.197825,1.141655,0.953107,1.214970,1.159027,0.000188,1.475963,0.000007,1.343336,0.457410,0.609342,0.741808,1.030717,0.878189,1.069382
100,0.000000,0.500000,0.3,0.7,0.0,29,1.197825,1.150029,0.960097,1.214970,1.167587,0.000188,1.475963,0.000006,1.363253,0.457410,0.598228,0.726831,1.030717,0.876496,1.065227
100,0.000000,0.500000,0.3,0.7,0.0,30,1.197825,1.159238,0.967785,1.214970,1.176866,0.000188,1.475963,0.000004,1.385010,0.457410,0.587439,0.712118,1.030717,0.875225,1.061321
100,0.000000,0.500000,0.3,0.7,0.0,31,1.197825,1.169273,0.976163,1.214970,1.187009,0.000188,1.475963,0.000007,1.408983,0.457410,0.577045,0.697752,1.030717,0.874511,1.057808
100,0.000000,0.500000,0.3,0.7,0.0,32,1.197825,1.180365,0.985423,1.214970,1.198295,0.000188,1.475963,0.000006,1.435904,0.457410,0.566934,0.683595,1.030717,0.874208,1.054498
100,0.000000,0.500000,0.3,0.7,0.0,33,1.197825,1.191443,0.994671,1.214970,1.209464,0.000188,1.475963,0.000005,1.462798,0.457410,0.557191,0.669692,1.030717,0.874475,1.051470
100,0.000000,0.500000,0.3,0.7,0.0,34,1.197825,1.204200,1.005322,1.214970,1.222346,0.000188,1.475963,0.000008,1.494120,0.457410,0.547781,0.656013,1.030717,0.875283,1.048689
100,0.000000,0.500000,0.3,0.7,0.0,35,1.197825,1.217768,1.016649,1.214970,1.236099,0.000188,1.475963,0.000008,1.527933,0.457410,0.538756,0.642611,1.030717,0.876747,1.046257
100,0.000000,0.500000,0.3,0.7,0.0,36,1.197825,1.232160,1.028664,1.214970,1.250638,0.000188,1.475963,0.000009,1.564087,0.457410,0.530087,0.629394,1.030717,0.878864,1.044046
100,0.000000,0.500000,0.3,0.7,0.0,37,1.197825,1.247644,1.041591,1.214970,1.266244,0.000188,1.475963,0.000012,1.603362,0.457410,0.521727,0.616304,1.030717,0.881580,1.041961
100,0.000000,0.500000,0.3,0.7,0.0,38,1.197825,1.264275,1.055476,1.214970,1.283059,0.000188,1.475963,0.000015,1.646226,0.457410,0.513739,0.603373,1.030717,0.885050,1.040071
100,0.000000,0.500000,0.3,0.7,0.0,39,1.197825,1.282443,1.070643,1.214970,1.301410,0.000188,1.475963,0.000013,1.693655,0.457410,0.506151,0.590621,1.030717,0.889366,1.038423
100,0.000000,0.500000,0.3,0.7,0.0,40,1.197825,1.301509,1.086560,1.214970,1.320722,0.000188,1.475963,0.000021,1.744285,0.457410,0.498953,0.578030,1.030717,0.894560,1.036998
100,0.000000,0.500000,0.3,0.7,0.0,41,1.197825,1.322567,1.104140,1.214970,1.341951,0.000188,1.475963,0.000023,1.800809,0.457410,0.492160,0.565517,1.030717,0.900721,1.035658
100,0.000000,0.500000,0.3,0.7,0.0,42,1.197825,1.345431,1.123228,1.214970,1.365009,0.000188,1.475963,0.000030,1.863219,0.457410,0.485833,0.553155,1.030717,0.908019,1.034543
100,0.000000,0.500000,0.3,0.7,0.0,43,1.197825,1.370335,1.144019,1.214970,1.390182,0.000188,1.475963,0.000035,1.932569,0.457410,0.479988,0.540905,1.030717,0.916564,1.033594
100,0.000000,0.500000,0.3,0.7,0.0,44,1.197825,1.396928,1.166220,1.214970,1.417035,0.000188,1.475963,0.000039,2.007949,0.457410,0.474645,0.528719,1.030717,0.926480,1.032725
100,0.000000,0.500000,0.3,0.7,0.0,45,1.197825,1.426259,1.190707,1.214970,1.446605,0.000188,1.475963,0.000046,2.092621,0.457410,0.469888,0.516657,1.030717,0.938036,1.032074
100,0.000000,0.500000,0.3,0.7,0.0,46,1.197825,1.457945,1.217160,1.214970,1.478644,0.000188,1.475963,0.000058,2.186332,0.457410,0.465764,0.504685,1.030717,0.951445,1.031575
100,0.000000,0.500000,0.3,0.7,0.0,47,1.197825,1.493460,1.246810,1.214970,1.514578,0.000188,1.475963,0.000071,2.293876,0.457410,0.462342,0.492769,1.030717,0.966987,1.031171
100,0.000000,0.500000,0.3,0.7,0.0,48,1.197825,1.532034,1.279012,1.214970,1.553587,0.000188,1.475963,0.000082,2.413550,0.457410,0.459725,0.480933,1.030717,0.985052,1.030922
100,0.000000,0.500000,0.3,0.7,0.0,49,1.197825,1.574980,1.314866,1.214970,1.597136,0.000188,1.475963,0.000095,2.550748,0.457410,0.458026,0.469139,1.030717,1.006089,1.030749
100,0.000000,0.500000,0.3,0.7,0.0,50,1.197825,1.622511,1.354547,1.214970,1.645431,0.000188,1.475963,0.000106,2.707339,0.457410,0.457410,0.457410,1.030717,1.030717,1.030717
100,0.000000,0.500000,0.7,0.3,0.0,2,1.078250,1.072887,0.995027,1.092433,1.086966,0.000060,1.193350,0.000053,1.181442,0.474640,1.110553,1.240624,1.070226,1.123297,1.254862
100,0.000000,0.500000,0.7,0.3,0.0,3,1.078250,1.067287,0.989833,1.092433,1.081372,0.000060,1.193350,0.000043,1.169322,0.474640,1.071763,1.182614,1.070226,1.096644,1.210073
100,0.000000,0.500000,0.7,0.3,0.0,4,1.078250,1.061866,0.984806,1.092433,1.075869,0.000060,1.193350,0.000034,1.157460,0.474640,1.034556,1.142951,1.070226,1.071002,1.183225
100,0.000000,0.500000,0.7,0.3,0.0,5,1.078250,1.057412,0.980674,1.092433,1.071372,0.000060,1.193350,0.000028,1.147811,0.474640,0.999720,1.111021,1.070226,1.047233,1.163839
100,0.000000,0.500000,0.7,0.3,0.0,6,1.078250,1.053630,0.977167,1.092433,1.067590,0.000060,1.193350,0.000021,1.139728,0.474640,0.967398,1.083369,1.070226,1.025558,1.148521
100,0.000000,0.500000,0.7,0.3,0.0,7,1.078250,1.050805,0.974547,1.092433,1.064762,0.000060,1.193350,0.000015,1.133704,0.474640,0.937342,1.058356,1.070226,1.005785,1.135663
100,0.000000,0.500000,0.7,0.3,0.0,8,1.078250,1.048132,0.972068,1.092433,1.062079,0.000060,1.193350,0.000013,1.127998,0.474640,0.909502,1.035288,1.070226,0.987931,1.124599
100,0.000000,0.500000,0.7,0.3,0.0,9,1.078250,1.046566,0.970616,1.092433,1.060542,0.000060,1.193350,0.000008,1.124742,0.474640,0.883629,1.013673,1.070226,0.971795,1.114858
100,0.000000,0.500000,0.7,0.3,0.0,10,1.078250,1.045363,0.969500,1.092433,1.059321,0.000060,1.193350,0.000007,1.122154,0.474640,0.859393,0.993095,1.070226,0.957074,1.106026
100,0.000000,0.500000,0.7,0.3,0.0,11,1.078250,1.044636,0.968826,1.092433,1.058641,0.000060,1.193350,0.000005,1.120714,0.474640,0.836819,0.973534,1.070226,0.943851,1.098115
100,0.000000,0.500000,0.7,0.3,0.0,12,1.078250,1.044788,0.968967,1.092433,1.058795,0.000060,1.193350,0.000004,1.121044,0.474640,0.815742,0.954835,1.070226,0.931996,1.090984
100,0.000000,0.500000,0.7,0.3,0.0,13,1.078250,1.044996,0.969159,1.092433,1.059027,0.000060,1.193350,0.000002,1.121535,0.474640,0.795905,0.936778,1.070226,0.921264,1.084409
100,0.000000,0.500000,0.7,0.3,0.0,14,1.078250,1.045806,0.969911,1.092433,1.059890,0.000060,1.193350,0.000001,1.123365,0.474640,0.777320,0.919433,1.070226,0.911718,1.078495
100,0.000000,0.500000,0.7,0.3,0.0,15,1.078250,1.046910,0.970935,1.092433,1.061065,0.000060,1.193350,0.000001,1.125858,0.474640,0.759821,0.902668,1.070226,0.903204,1.073111
100,0.000000,0.500000,0.7,0.3,0.0,16,1.078250,1.049063,0.972932,1.092433,1.063196,0.000060,1.193350,0.000000,1.130386,0.474640,0.743215,0.886314,1.070226,0.895534,1.068076
100,0.000000,0.500000,0.7,0.3,0.0,17,1.078250,1.050787,0.974530,1.092433,1.064922,0.000060,1.193350,0.000000,1.134060,0.474640,0.727539,0.870470,1.070226,0.888788,1.063525
100,0.000000,0.500000,0.7,0.3,0.0,18,1.078250,1.053508,0.977054,1.092433,1.067644,0.000060,1.193350,0.000000,1.139864,0.474640,0.712707,0.855102,1.070226,0.882898,1.059437
100,0.000000,0.500000,0.7,0.3,0.0,19,1.078250,1.056490,0.979819,1.092433,1.070747,0.000060,1.193350,0.000000,1.146499,0.474640,0.698613,0.840114,1.070226,0.877768,1.055709
100,0.000000,0.500000,0.7,0.3,0.0,20,1.078250,1.060021,0.983094,1.092433,1.074265,0.000060,1.193350,0.000001,1.154046,0.474640,0.685153,0.825453,1.070226,0.873299,1.052293
100,0.000000,0.500000,0.7,0.3,0.0,21,1.078250,1.063497,0.986318,1.092433,1.077775,0.000060,1.193350,0.000001,1.161598,0.474640,0.672386,0.811197,1.070226,0.869594,1.049300
100,0.000000,0.500000,0.7,0.3,0.0,22,1.078250,1.067838,0.990343,1.092433,1.082144,0.000060,1.193350,0.000001,1.171035,0.474640,0.660152,0.797194,1.070226,0.866479,1.046551
100,0.000000,0.500000,0.7,0.3,0.0,23,1.078250,1.072601,0.994761,1.092433,1.086924,0.000060,1.193350,0.000003,1.181401,0.474640,0.648518,0.783562,1.070226,0.864071,1.044216
100,0.000000,0.500000,0.7,0.3,0.0,24,1.078250,1.077571,0.999371,1.092433,1.091941,0.000060,1.193350,0.000002,1.192333,0.474640,0.637287,0.770116,1.070226,0.862133,1.042060
100,0.000000,0.500000,0.7,0.3,0.0,25,1.078250,1.082930,1.004341,1.092433,1.097359,0.000060,1.193350,0.000005,1.204191,0.474640,0.626585,0.756998,1.070226,0.860864,1.040289
100,0.000000,0.500000,0.7,0.3,0.0,26,1.078250,1.088881,1.009860,1.092433,1.103372,0.000060,1.193350,0.000006,1.217425,0.474640,0.616288,0.744086,1.070226,0.860119,1.038751
100,0.000000,0.500000,0.7,0.3,0.0,27,1.078250,1.095393,1.015899,1.092433,1.109947,0.000060,1.193350,0.000004,1.231979,0.474640,0.606404,0.731417,1.070226,0.859937,1.037509
100,0.000000,0.500000,0.7,0.3,0.0,28,1.078250,1.102217,1.022228,1.092433,1.116792,0.000060,1.193350,0.000006,1.247218,0.474640,0.596904,0.718956,1.070226,0.860302,1.036529
100,0.000000,0.500000,0.7,0.3,0.0,29,1.078250,1.109265,1.028764,1.092433,1.123894,0.000060,1.193350,0.000005,1.263134,0.474640,0.587763,0.706681,1.070226,0.861208,1.035788
100,0.000000,0.500000,0.7,0.3,0.0,30,1.078250,1.117362,1.036274,1.092433,1.132091,0.000060,1.193350,0.000007,1.281623,0.474640,0.578919,0.694532,1.070226,0.862587,1.035214
100,0.000000,0.500000,0.7,0.3,0.0,31,1.078250,1.125781,1.044082,1.092433,1.140551,0.000060,1.193350,0.000008,1.300848,0.474640,0.570437,0.682591,1.070226,0.864565,1.034936
100,0.000000,0.500000,0.7,0.3,0.0,32,1.078250,1.134728,1.052380,1.092433,1.149568,0.000060,1.193350,0.000008,1.321498,0.474640,0.562276,0.670822,1.070226,0.867108,1.034917
100,0.000000,0.500000,0.7,0.3,0.0,33,1.078250,1.144642,1.061574,1.092433,1.159541,0.000060,1.193350,0.000011,1.344524,0.474640,0.554399,0.659143,1.070226,0.870186,1.035034
100,0.000000,0.500000,0.7,0.3,0.0,34,1.078250,1.154872,1.071062,1.092433,1.169919,0.000060,1.193350,0.000010,1.368699,0.474640,0.546849,0.647667,1.070226,0.873902,1.035486
100,0.000000,0.500000,0.7,0.3,0.0,35,1.078250,1.166136,1.081509,1.092433,1.181244,0.000060,1.193350,0.000014,1.395323,0.474640,0.539579,0.636270,1.070226,0.878214,1.036088
100,0.000000,0.500000,0.7,0.3,0.0,36,1.078250,1.178109,1.092612,1.092433,1.193375,0.000060,1.193350,0.000012,1.424132,0.474640,0.532627,0.625038,1.070226,0.883219,1.036985
100,0.000000,0.500000,0.7,0.3,0.0,37,1.078250,1.190827,1.104407,1.092433,1.206242,0.000060,1.193350,0.000014,1.455006,0.474640,0.525947,0.613857,1.070226,0.888878,1.038008
100,0.000000,0.500000,0.7,0.3,0.0,38,1.078250,1.204349,1.116948,1.092433,1.219880,0.000060,1.193350,0.000018,1.488089,0.474640,0.519579,0.602805,1.070226,0.895302,1.039294
100,0.000000,0.500000,0.7,0.3,0.0,39,1.078250,1.219460,1.130962,1.092433,1.235147,0.000060,1.193350,0.000020,1.525569,0.474640,0.513495,0.591783,1.070226,0.902483,1.040685
100,0.000000,0.500000,0.7,0.3,0.0,40,1.078250,1.234903,1.145284,1.092433,1.250806,0.000060,1.193350,0.000022,1.564495,0.474640,0.507765,0.580894,1.070226,0.910601,1.042376
100,0.000000,0.500000,0.7,0.3,0.0,41,1.078250,1.252319,1.161437,1.092433,1.268411,0.000060,1.193350,0.000022,1.608844,0.474640,0.502361,0.570067,1.070226,0.919658,1.044250
100,0.000000,0.500000,0.7,0.3,0.0,42,1.078250,1.270719,1.178502,1.092433,1.287040,0.000060,1.193350,0.000025,1.656446,0.474640,0.497321,0.559327,1.070226,0.929793,1.046373
100,0.000000,0.500000,0.7,0.3,0.0,43,1.078250,1.290700,1.197032,1.092433,1.307259,0.000060,1.193350,0.000026,1.708900,0.474640,0.492644,0.548591,1.070226,0.941072,1.048601
100,0.000000,0.500000,0.7,0.3,0.0,44,1.078250,1.312495,1.217246,1.092433,1.329378,0.000060,1.193350,0.000031,1.767215,0.474640,0.488393,0.537923,1.070226,0.953698,1.051065
100,0.000000,0.500000,0.7,0.3,0.0,45,1.078250,1.335595,1.238670,1.092433,1.352812,0.000060,1.193350,0.000034,1.830065,0.474640,0.484594,0.527306,1.070226,0.967820,1.053745
100,0.000000,0.500000,0.7,0.3,0.0,46,1.078250,1.361413,1.262614,1.092433,1.378958,0.000060,1.193350,0.000040,1.901485,0.474640,0.481299,0.516731,1.070226,0.983652,1.056639
100,0.000000,0.500000,0.7,0.3,0.0,47,1.078250,1.389569,1.288727,1.092433,1.407552,0.000060,1.193350,0.000048,1.981156,0.474640,0.478567,0.506171,1.070226,1.001445,1.059708
100,0.000000,0.500000,0.7,0.3,0.0,48,1.078250,1.420340,1.317264,1.092433,1.438863,0.000060,1.193350,0.000053,2.070273,0.474640,0.476480,0.495647,1.070226,1.021529,1.063006
100,0.000000,0.500000,0.7,0.3,0.0,49,1.078250,1.454366,1.348821,1.092433,1.473393,0.000060,1.193350,0.000061,2.170825,0.474640,0.475130,0.485140,1.070226,1.044290,1.066513
100,0.000000,0.500000,0.7,0.3,0.0,50,1.078250,1.492019,1.383742,1.092433,1.511713,0.000060,1.193350,0.000070,2.285205,0.474640,0.474640,0.474640,1.070226,1.070226,1.070226
100,0.000000,0.100000,0.3,0.7,0.0,2,1.024077,1.019841,0.995864,1.036807,1.032523,0.000572,1.074397,0.000588,1.065515,0.477976,1.007953,1.038605,1.077092,1.019520,1.050524
100,0.000000,0.100000,0.3,0.7,0.0,3,1.024077,1.015699,0.991819,1.036807,1.028356,0.000572,1.074397,0.000578,1.056938,0.477976,0.981229,1.019736,1.077092,1.004011,1.043414
100,0.000000,0.100000,0.3,0.7,0.0,4,1.024077,1.013099,0.989281,1.036807,1.025750,0.000572,1.074397,0.000578,1.051585,0.477976,0.957090,1.002674,1.077092,0.990813,1.038007
100,0.000000,0.100000,0.3,0.7,0.0,5,1.024077,1.011829,0.988040,1.036807,1.024482,0.000572,1.074397,0.000576,1.048987,0.477976,0.935827,0.987031,1.077092,0.980314,1.033958
100,0.000000,0.100000,0.3,0.7,0.0,6,1.024077,1.011540,0.987758,1.036807,1.024234,0.000572,1.074397,0.000571,1.048483,0.477976,0.916767,0.972486,1.077092,0.971897,1.030976
100,0.000000,0.100000,0.3,0.7,0.0,7,1.024077,1.011907,0.988117,1.036807,1.024613,0.000572,1.074397,0.000565,1.049267,0.477976,0.899334,0.958821,1.077092,0.965022,1.028867
100,0.000000,0.100000,0.3,0.7,0.0,8,1.024077,1.013070,0.989252,1.036807,1.025855,0.000572,1.074397,0.000552,1.051827,0.477976,0.883090,0.945858,1.077092,0.959268,1.027467
100,0.000000,0.100000,0.3,0.7,0.0,9,1.024077,1.014391,0.990542,1.036807,1.027193,0.000572,1.074397,0.000545,1.054581,0.477976,0.867697,0.933426,1.077092,0.954305,1.026618
100,0.000000,0.100000,0.3,0.7,0.0,10,1.024077,1.016272,0.992378,1.036807,1.029141,0.000572,1.074397,0.000537,1.058595,0.477976,0.852928,0.921394,1.077092,0.949912,1.026192
100,0.000000,0.100000,0.3,0.7,0.0,11,1.024077,1.018563,0.994616,1.036807,1.031499,0.000572,1.074397,0.000517,1.063472,0.477976,0.838666,0.909711,1.077092,0.945978,1.026150
100,0.000000,0.100000,0.3,0.7,0.0,12,1.024077,1.021111,0.997104,1.036807,1.034123,0.000572,1.074397,0.000501,1.068909,0.477976,0.824732,0.898231,1.077092,0.942314,1.026338
100,0.000000,0.100000,0.3,0.7,0.0,13,1.024077,1.023981,0.999907,1.036807,1.037069,0.000572,1.074397,0.000501,1.075011,0.477976,0.811118,0.886949,1.077092,0.938926,1.026760
100,0.000000,0.100000,0.3,0.7,0.0,14,1.024077,1.027359,1.003205,1.036807,1.040476,0.000572,1.074397,0.000481,1.082108,0.477976,0.797756,0.875807,1.077092,0.935742,1.027359
100,0.000000,0.100000,0.3,0.7,0.0,15,1.024077,1.030431,1.006205,1.036807,1.043672,0.000572,1.074397,0.000475,1.088777,0.477976,0.784632,0.864786,1.077092,0.932753,1.028117
100,0.000000,0.100000,0.3,0.7,0.0,16,1.024077,1.034446,1.010125,1.036807,1.047736,0.000572,1.074397,0.000459,1.097293,0.477976,0.771707,0.853848,1.077092,0.929922,1.028996
100,0.000000,0.100000,0.3,0.7,0.0,17,1.024077,1.038712,1.014291,1.036807,1.052092,0.000572,1.074397,0.000458,1.106441,0.477976,0.758972,0.842954,1.077092,0.927245,1.029953
100,0.000000,0.100000,0.3,0.7,0.0,18,1.024077,1.043188,1.018662,1.036807,1.056641,0.000572,1.074397,0.000435,1.116056,0.477976,0.746393,0.832099,1.077092,0.924685,1.030986
100,0.000000,0.100000,0.3,0.7,0.0,19,1.024077,1.048256,1.023611,1.036807,1.061793,0.000572,1.074397,0.000425,1.126979,0.477976,0.733942,0.821228,1.077092,0.922212,1.032028
100,0.000000,0.100000,0.3,0.7,0.0,20,1.024077,1.053597,1.028826,1.036807,1.067210,0.000572,1.074397,0.000422,1.138516,0.477976,0.721672,0.810388,1.077092,0.919896,1.033140
100,0.000000,0.100000,0.3,0.7,0.0,21,1.024077,1.059321,1.034415,1.036807,1.073037,0.000572,1.074397,0.000399,1.151010,0.477976,0.709631,0.799596,1.077092,0.917809,1.034346
100,0.000000,0.100000,0.3,0.7,0.0,22,1.024077,1.065508,1.040457,1.036807,1.079363,0.000572,1.074397,0.000394,1.164630,0.477976,0.697733,0.788784,1.077092,0.915848,1.035564
100,0.000000,0.100000,0.3,0.7,0.0,23,1.024077,1.071814,1.046615,1.036807,1.085756,0.000572,1.074397,0.000378,1.178488,0.477976,0.685968,0.777936,1.077092,0.914002,1.036767
100,0.000000,0.100000,0.3,0.7,0.0,24,1.024077,1.078937,1.053570,1.036807,1.092959,0.000572,1.074397,0.000369,1.194191,0.477976,0.674418,0.767098,1.077092,0.912391,1.038023
100,0.000000,0.100000,0.3,0.7,0.0,25,1.024077,1.086734,1.061184,1.036807,1.100866,0.000572,1.074397,0.000344,1.211562,0.477976,0.663022,0.756224,1.077092,0.910941,1.039269
100,0.000000,0.100000,0.3,0.7,0.0,26,1.024077,1.094804,1.069064,1.036807,1.109069,0.000572,1.074397,0.000339,1.229696,0.477976,0.651818,0.745326,1.077092,0.909712,1.040521
100,0.000000,0.100000,0.3,0.7,0.0,27,1.024077,1.103611,1.077664,1.036807,1.118010,0.000572,1.074397,0.000325,1.249623,0.477976,0.640800,0.734407,1.077092,0.908709,1.041784
100,0.000000,0.100000,0.3,0.7,0.0,28,1.024077,1.112916,1.086751,1.036807,1.127430,0.000572,1.074397,0.000308,1.270791,0.477976,0.630000,0.723475,1.077092,0.907986,1.043070
100,0.000000,0.100000,0.3,0.7,0.0,29,1.024077,1.122766,1.096369,1.036807,1.137378,0.000572,1.074397,0.000308,1.293322,0.477976,0.619467,0.712564,1.077092,0.907631,1.044431
100,0.000000,0.100000,0.3,0.7,0.0,30,1.024077,1.133413,1.106765,1.036807,1.148197,0.000572,1.074397,0.000285,1.318072,0.477976,0.609102,0.701590,1.077092,0.907511,1.045739
100,0.000000,0.100000,0.3,0.7,0.0,31,1.024077,1.144721,1.117807,1.036807,1.159654,0.000572,1.074397,0.000284,1.344514,0.477976,0.598937,0.690554,1.077092,0.907695,1.047003
100,0.000000,0.100000,0.3,0.7,0.0,32,1.024077,1.156374,1.129187,1.036807,1.171490,0.000572,1.074397,0.000264,1.372124,0.477976,0.589074,0.679550,1.077092,0.908351,1.048361
100,0.000000,0.100000,0.3,0.7,0.0,33,1.024077,1.169890,1.142385,1.036807,1.185191,0.000572,1.074397,0.000262,1.404417,0.477976,0.579435,0.668498,1.077092,0.909381,1.049692
100,0.000000,0.100000,0.3,0.7,0.0,34,1.024077,1.183303,1.155482,1.036807,1.198784,0.000572,1.074397,0.000250,1.436833,0.477976,0.570123,0.657471,1.077092,0.910975,1.051113
100,0.000000,0.100000,0.3,0.7,0.0,35,1.024077,1.198222,1.170051,1.036807,1.213945,0.000572,1.074397,0.000237,1.473426,0.477976,0.561011,0.646334,1.077092,0.912954,1.052406
100,0.000000,0.100000,0.3,0.7,0.0,36,1.024077,1.214238,1.185690,1.036807,1.230102,0.000572,1.074397,0.000228,1.512924,0.477976,0.552222,0.635206,1.077092,0.915546,1.053763
100,0.000000,0.100000,0.3,0.7,0.0,37,1.024077,1.231486,1.202533,1.036807,1.247611,0.000572,1.074397,0.000221,1.556311,0.477976,0.543811,0.624104,1.077092,0.918880,1.055221
100,0.000000,0.100000,0.3,0.7,0.0,38,1.024077,1.249384,1.220010,1.036807,1.265718,0.000572,1.074397,0.000214,1.601827,0.477976,0.535694,0.612954,1.077092,0.922854,1.056653
100,0.000000,0.100000,0.3,0.7,0.0,39,1.024077,1.268917,1.239084,1.036807,1.285532,0.000572,1.074397,0.000208,1.652385,0.477976,0.527938,0.601774,1.077092,0.927623,1.058086
100,0.000000,0.100000,0.3,0.7,0.0,40,1.024077,1.289872,1.259546,1.036807,1.306745,0.000572,1.074397,0.000191,1.707392,0.477976,0.520570,0.590580,1.077092,0.933291,1.059558
100,0.000000,0.100000,0.3,0.7,0.0,41,1.024077,1.312726,1.281863,1.036807,1.329854,0.000572,1.074397,0.000178,1.768334,0.477976,0.513613,0.579360,1.077092,0.939954,1.061041
100,0.000000,0.100000,0.3,0.7,0.0,42,1.024077,1.336727,1.305300,1.036807,1.354216,0.000572,1.074397,0.000176,1.833726,0.477976,0.507121,0.568145,1.077092,0.947780,1.062606
100,0.000000,0.100000,0.3,0.7,0.0,43,1.024077,1.363224,1.331174,1.036807,1.381006,0.000572,1.074397,0.000166,1.907012,0.477976,0.501111,0.556912,1.077092,0.956879,1.064204
100,0.000000,0.100000,0.3,0.7,0.0,44,1.024077,1.391485,1.358770,1.036807,1.409685,0.000572,1.074397,0.000158,1.987054,0.477976,0.495634,0.545670,1.077092,0.967436,1.065856
100,0.000000,0.100000,0.3,0.7,0.0,45,1.024077,1.422702,1.389253,1.036807,1.441345,0.000572,1.074397,0.000150,2.077324,0.477976,0.490747,0.534406,1.077092,0.979668,1.067542
100,0.000000,0.100000,0.3,0.7,0.0,46,1.024077,1.456074,1.421841,1.036807,1.475195,0.000572,1.074397,0.000131,2.176069,0.477976,0.486510,0.523133,1.077092,0.993822,1.069294
100,0.000000,0.100000,0.3,0.7,0.0,47,1.024077,1.492890,1.457791,1.036807,1.512567,0.000572,1.074397,0.000127,2.287732,0.477976,0.483008,0.511869,1.077092,1.010219,1.071149
100,0.000000,0.100000,0.3,0.7,0.0,48,1.024077,1.533305,1.497255,1.036807,1.553611,0.000572,1.074397,0.000113,2.413593,0.477976,0.480331,0.500584,1.077092,1.029222,1.073059
100,0.000000,0.100000,0.3,0.7,0.0,49,1.024077,1.577637,1.540546,1.036807,1.598775,0.000572,1.074397,0.000101,2.555979,0.477976,0.478601,0.489292,1.077092,1.051311,1.075047
100,0.000000,0.100000,0.3,0.7,0.0,50,1.024077,1.626895,1.588645,1.036807,1.648924,0.000572,1.074397,0.000089,2.718862,0.477976,0.477976,0.477976,1.077092,1.077092,1.077092
100,0.000000,0.100000,0.7,0.3,0.0,2,0.992461,0.990015,0.997535,1.004738,1.002294,0.000028,1.009469,0.000023,1.004570,0.621650,0.984349,1.010521,1.402937,0.995647,1.022120
100,0.000000,0.100000,0.7,0.3,0.0,3,0.992461,0.988547,0.996056,1.004738,1.000810,0.000028,1.009469,0.000019,1.001601,0.621650,0.964029,0.994861,1.402937,0.986415,1.017965
100,0.000000,0.100000,0.7,0.3,0.0,4,0.992461,0.988093,0.995599,1.004738,1.000350,0.000028,1.009469,0.000015,1.000684,0.621650,0.946402,0.981786,1.402937,0.979755,1.016389
100,0.000000,0.100000,0.7,0.3,0.0,5,0.992461,0.988550,0.996059,1.004738,1.000857,0.000028,1.009469,0.000013,1.001702,0.621650,0.931072,0.970232,1.402937,0.975342,1.016370
100,0.000000,0.100000,0.7,0.3,0.0,6,0.992461,0.989476,0.996992,1.004738,1.001777,0.000028,1.009469,0.000012,1.003546,0.621650,0.917546,0.959794,1.402937,0.972737,1.017533
100,0.000000,0.100000,0.7,0.3,0.0,7,0.992461,0.990772,0.998297,1.004738,1.003105,0.000028,1.009469,0.000011,1.006209,0.621650,0.905350,0.950163,1.402937,0.971494,1.019592
100,0.000000,0.100000,0.7,0.3,0.0,8,0.992461,0.992344,0.999882,1.004738,1.004699,0.000028,1.009469,0.000010,1.009409,0.621650,0.894195,0.941195,1.402937,0.971351,1.022421
100,0.000000,0.100000,0.7,0.3,0.0,9,0.992461,0.994209,1.001761,1.004738,1.006574,0.000028,1.009469,0.000010,1.013181,0.621650,0.883767,0.932695,1.402937,0.972005,1.025837
100,0.000000,0.100000,0.7,0.3,0.0,10,0.992461,0.996133,1.003699,1.004738,1.008522,0.000028,1.009469,0.000010,1.017107,0.621650,0.873990,0.924634,1.402937,0.973401,1.029829
100,0.000000,0.100000,0.7,0.3,0.0,11,0.992461,0.998298,1.005881,1.004738,1.010675,0.000028,1.009469,0.000009,1.021456,0.621650,0.864612,0.916845,1.402937,0.975281,1.034231
100,0.000000,0.100000,0.7,0.3,0.0,12,0.992461,1.000518,1.008118,1.004738,1.012925,0.000028,1.009469,0.000008,1.026009,0.621650,0.855618,0.909327,1.402937,0.977650,1.039058
100,0.000000,0.100000,0.7,0.3,0.0,13,0.992461,1.003033,1.010652,1.004738,1.015457,0.000028,1.009469,0.000008,1.031146,0.621650,0.846889,0.901994,1.402937,0.980388,1.044225
100,0.000000,0.100000,0.7,0.3,0.0,14,0.992461,1.005529,1.013167,1.004738,1.017957,0.000028,1.009469,0.000008,1.036229,0.621650,0.838445,0.894849,1.402937,0.983533,1.049753
100,0.000000,0.100000,0.7,0.3,0.0,15,0.992461,1.008171,1.015829,1.004738,1.020633,0.000028,1.009469,0.000009,1.041683,0.621650,0.830126,0.887782,1.402937,0.986911,1.055522
100,0.000000,0.100000,0.7,0.3,0.0,16,0.992461,1.011137,1.018817,1.004738,1.023597,0.000028,1.009469,0.000009,1.047742,0.621650,0.822015,0.880845,1.402937,0.990632,1.061607
100,0.000000,0.100000,0.7,0.3,0.0,17,0.992461,1.013850,1.021552,1.004738,1.026352,0.000028,1.009469,0.000008,1.053391,0.621650,0.813991,0.873945,1.402937,0.994562,1.067906
100,0.000000,0.100000,0.7,0.3,0.0,18,0.992461,1.016973,1.024698,1.004738,1.029493,0.000028,1.009469,0.000008,1.059847,0.621650,0.806096,0.867102,1.402937,0.998763,1.074455
100,0.000000,0.100000,0.7,0.3,0.0,19,0.992461,1.020186,1.027935,1.004738,1.032760,0.000028,1.009469,0.000008,1.066584,0.621650,0.798322,0.860318,1.402937,1.003236,1.081266
100,0.000000,0.100000,0.7,0.3,0.0,20,0.992461,1.023900,1.031678,1.004738,1.036492,0.000028,1.009469,0.000007,1.074308,0.621650,0.790667,0.853553,1.402937,1.007990,1.088298
100,0.000000,0.100000,0.7,0.3,0.0,21,0.992461,1.027523,1.035328,1.004738,1.040108,0.000028,1.009469,0.000006,1.081817,0.621650,0.783029,0.846758,1.402937,1.012905,1.095500
100,0.000000,0.100000,0.7,0.3,0.0,22,0.992461,1.031582,1.039418,1.004738,1.044235,0.000028,1.009469,0.000005,1.090422,0.621650,0.775483,0.839963,1.402937,1.018088,1.102916
100,0.000000,0.100000,0.7,0.3,0.0,23,0.992461,1.035628,1.043495,1.004738,1.048353,0.000028,1.009469,0.000007,1.099038,0.621650,0.768078,0.833205,1.402937,1.023616,1.110609
100,0.000000,0.100000,0.7,0.3,0.0,24,0.992461,1.040106,1.048007,1.004738,1.052815,0.000028,1.009469,0.000007,1.108412,0.621650,0.760687,0.826376,1.402937,1.029334,1.118443
100,0.000000,0.100000,0.7,0.3,0.0,25,0.992461,1.044988,1.052926,1.004738,1.057794,0.000028,1.009469,0.000006,1.118922,0.621650,0.753380,0.819513,1.402937,1.035347,1.126477
100,0.000000,0.100000,0.7,0.3,0.0,26,0.992461,1.050195,1.058172,1.004738,1.063075,0.000028,1.009469,0.000006,1.130123,0.621650,0.746152,0.812628,1.402937,1.041659,1.134734
100,0.000000,0.100000,0.7,0.3,0.0,27,0.992461,1.055775,1.063794,1.004738,1.068720,0.000028,1.009469,0.000005,1.142157,0.621650,0.738980,0.805676,1.402937,1.048256,1.143166
100,0.000000,0.100000,0.7,0.3,0.0,28,0.992461,1.061664,1.069729,1.004738,1.074719,0.000028,1.009469,0.000005,1.155016,0.621650,0.731946,0.798727,1.402937,1.055267,1.151879
100,0.000000,0.100000,0.7,0.3,0.0,29,0.992461,1.067842,1.075953,1.004738,1.080958,0.000028,1.009469,0.000005,1.168465,0.621650,0.724946,0.791677,1.402937,1.062565,1.160736
100,0.000000,0.100000,0.7,0.3,0.0,30,0.992461,1.074920,1.083085,1.004738,1.088136,0.000028,1.009469,0.000006,1.184034,0.621650,0.718022,0.784551,1.402937,1.070221,1.169781
100,0.000000,0.100000,0.7,0.3,0.0,31,0.992461,1.082187,1.090407,1.004738,1.095494,0.000028,1.009469,0.000004,1.200103,0.621650,0.711184,0.777355,1.402937,1.078274,1.179033
100,0.000000,0.100000,0.7,0.3,0.0,32,0.992461,1.090033,1.098313,1.004738,1.103458,0.000028,1.009469,0.000005,1.217615,0.621650,0.704498,0.770144,1.402937,1.086845,1.188587
100,0.000000,0.100000,0.7,0.3,0.0,33,0.992461,1.098481,1.106825,1.004738,1.112024,0.000028,1.009469,0.000004,1.236594,0.621650,0.697889,0.762817,1.402937,1.095847,1.198304
100,0.000000,0.100000,0.7,0.3,0.0,34,0.992461,1.107538,1.115951,1.004738,1.121238,0.000028,1.009469,0.000004,1.257171,0.621650,0.691373,0.755389,1.402937,1.105324,1.208213
100,0.000000,0.100000,0.7,0.3,0.0,35,0.992461,1.117770,1.126261,1.004738,1.131626,0.000028,1.009469,0.000004,1.280573,0.621650,0.685003,0.747896,1.402937,1.115396,1.218387
100,0.000000,0.100000,0.7,0.3,0.0,36,0.992461,1.128436,1.137007,1.004738,1.142449,0.000028,1.009469,0.000005,1.305184,0.621650,0.678750,0.740291,1.402937,1.126044,1.228762
100,0.000000,0.100000,0.7,0.3,0.0,37,0.992461,1.140080,1.148740,1.004738,1.154237,0.000028,1.009469,0.000003,1.332261,0.621650,0.672667,0.732600,1.402937,1.137393,1.239394
100,0.000000,0.100000,0.7,0.3,0.0,38,0.992461,1.152804,1.161561,1.004738,1.167158,0.000028,1.009469,0.000003,1.362255,0.621650,0.666743,0.724809,1.402937,1.149465,1.250270
100,0.000000,0.100000,0.7,0.3,0.0,39,0.992461,1.166318,1.175177,1.004738,1.180882,0.000028,1.009469,0.000003,1.394480,0.621650,0.661002,0.716898,1.402937,1.162348,1.261374
100,0.000000,0.100000,0.7,0.3,0.0,40,0.992461,1.181900,1.190877,1.004738,1.196714,0.000028,1.009469,0.000002,1.432123,0.621650,0.655493,0.708900,1.402937,1.176182,1.272781
100,0.000000,0.100000,0.7,0.3,0.0,41,0.992461,1.197989,1.207088,1.004738,1.212982,0.000028,1.009469,0.000002,1.471324,0.621650,0.650206,0.700764,1.402937,1.191011,1.284413
100,0.000000,0.100000,0.7,0.3,0.0,42,0.992461,1.216129,1.225367,1.004738,1.231397,0.000028,1.009469,0.000001,1.516338,0.621650,0.645206,0.692534,1.402937,1.207017,1.296369
100,0.000000,0.100000,0.7,0.3,0.0,43,0.992461,1.235877,1.245265,1.004738,1.251388,0.000028,1.009469,0.000001,1.565971,0.621650,0.640510,0.684159,1.402937,1.224317,1.308572
100,0.000000,0.100000,0.7,0.3,0.0,44,0.992461,1.257537,1.267089,1.004738,1.273392,0.000028,1.009469,0.000001,1.621528,0.621650,0.636173,0.675672,1.402937,1.243106,1.321104
100,0.000000,0.100000,0.7,0.3,0.0,45,0.992461,1.281353,1.291086,1.004738,1.297520,0.000028,1.009469,0.000000,1.683558,0.621650,0.632243,0.667030,1.402937,1.263588,1.333899
100,0.000000,0.100000,0.7,0.3,0.0,46,0.992461,1.308082,1.318018,1.004738,1.324605,0.000028,1.009469,0.000000,1.754578,0.621650,0.628790,0.658256,1.402937,1.286028,1.347026
100,0.000000,0.100000,0.7,0.3,0.0,47,0.992461,1.337330,1.347488,1.004738,1.354243,0.000028,1.009469,0.000000,1.833973,0.621650,0.625891,0.649338,1.402937,1.310739,1.360483
100,0.000000,0.100000,0.7,0.3,0.0,48,0.992461,1.370222,1.380630,1.004738,1.387600,0.000028,1.009469,0.000000,1.925435,0.621650,0.623648,0.640264,1.402937,1.338117,1.374270
100,0.000000,0.100000,0.7,0.3,0.0,49,0.992461,1.406644,1.417328,1.004738,1.424617,0.000028,1.009469,0.000000,2.029534,0.621650,0.622185,0.631045,1.402937,1.368649,1.388436
100,0.000000,0.100000,0.7,0.3,0.0,50,0.992461,1.447553,1.458549,1.004738,1.466283,0.000028,1.009469,0.000001,2.149984,0.621650,0.621650,0.621650,1.402937,1.402937,1.402937
100,0.800000,0.300000,0.3,0.7,0.0,2,1.069929,1.046962,0.978535,1.085270,1.061765,0.000027,1.177784,0.000013,1.127333,0.472484,1.121252,1.206864,1.064665,1.134122,1.220717
100,0.800000,0.300000,0.3,0.7,0.0,3,1.069929,1.027543,0.960385,1.085270,1.041903,0.000027,1.177784,0.000005,1.085557,0.472484,1.059529,1.154469,1.064665,1.084133,1.181280
100,0.800000,0.300000,0.3,0.7,0.0,4,1.069929,1.014743,0.948421,1.085270,1.028903,0.000027,1.177784,0.000001,1.058641,0.472484,1.012182,1.111708,1.064665,1.047853,1.150890
100,0.800000,0.300000,0.3,0.7,0.0,5,1.069929,1.006644,0.940851,1.085270,1.020650,0.000027,1.177784,0.000000,1.041725,0.472484,0.975618,1.075873,1.064665,1.022005,1.127032
100,0.800000,0.300000,0.3,0.7,0.0,6,1.069929,1.001942,0.936456,1.085270,1.015881,0.000027,1.177784,0.000000,1.032014,0.472484,0.946293,1.045231,1.064665,1.003209,1.108107
100,0.800000,0.300000,0.3,0.7,0.0,7,1.069929,0.999377,0.934060,1.085270,1.013256,0.000027,1.177784,0.000000,1.026687,0.472484,0.921739,1.018470,1.064665,0.989076,1.092885
100,0.800000,0.300000,0.3,0.7,0.0,8,1.069929,0.998404,0.933150,1.085270,1.012254,0.000027,1.177784,0.000001,1.024659,0.472484,0.900527,0.994804,1.064665,0.978223,1.080650
100,0.800000,0.300000,0.3,0.7,0.0,9,1.069929,0.998832,0.933550,1.085270,1.012667,0.000027,1.177784,0.000001,1.025494,0.472484,0.881653,0.973585,1.064665,0.969671,1.070801
100,0.800000,0.300000,0.3,0.7,0.0,10,1.069929,1.000141,0.934774,1.085270,1.014046,0.000027,1.177784,0.000002,1.028288,0.472484,0.864388,0.954206,1.064665,0.962694,1.062752
100,0.800000,0.300000,0.3,0.7,0.0,11,1.069929,1.002185,0.936684,1.085270,1.016111,0.000027,1.177784,0.000002,1.032481,0.472484,0.848331,0.936360,1.064665,0.956901,1.056228
100,0.800000,0.300000,0.3,0.7,0.0,12,1.069929,1.004806,0.939134,1.085270,1.018738,0.000027,1.177784,0.000001,1.037825,0.472484,0.833139,0.919711,1.064665,0.951946,1.050902
100,0.800000,0.300000,0.3,0.7,0.0,13,1.069929,1.007898,0.942023,1.085270,1.021923,0.000027,1.177784,0.000002,1.044325,0.472484,0.818651,0.904094,1.064665,0.947674,1.046629
100,0.800000,0.300000,0.3,0.7,0.0,14,1.069929,1.011352,0.945252,1.085270,1.025425,0.000027,1.177784,0.000002,1.051494,0.472484,0.804626,0.889262,1.064665,0.943831,1.043166
100,0.800000,0.300000,0.3,0.7,0.0,15,1.069929,1.015417,0.949051,1.085270,1.029546,0.000027,1.177784,0.000002,1.059962,0.472484,0.791036,0.875097,1.064665,0.940402,1.040400
100,0.800000,0.300000,0.3,0.7,0.0,16,1.069929,1.019771,0.953121,1.085270,1.034016,0.000027,1.177784,0.000002,1.069188,0.472484,0.777785,0.861474,1.064665,0.937285,1.038213
100,0.800000,0.300000,0.3,0.7,0.0,17,1.069929,1.024670,0.957699,1.085270,1.038999,0.000027,1.177784,0.000001,1.079518,0.472484,0.764788,0.848323,1.064665,0.934393,1.036542
100,0.800000,0.300000,0.3,0.7,0.0,18,1.069929,1.029749,0.962446,1.085270,1.044194,0.000027,1.177784,0.000000,1.090341,0.472484,0.752033,0.835512,1.064665,0.931719,1.035246
100,0.800000,0.300000,0.3,0.7,0.0,19,1.069929,1.035340,0.967672,1.085270,1.049917,0.000027,1.177784,0.000000,1.102326,0.472484,0.739502,0.823056,1.064665,0.929249,1.034359
100,0.800000,0.300000,0.3,0.7,0.0,20,1.069929,1.041089,0.973046,1.085270,1.055779,0.000027,1.177784,0.000000,1.114669,0.472484,0.727096,0.810799,1.064665,0.926865,1.033699
100,0.800000,0.300000,0.3,0.7,0.0,21,1.069929,1.047799,0.979317,1.085270,1.062624,0.000027,1.177784,0.000000,1.129170,0.472484,0.714891,0.798787,1.064665,0.924672,1.033339
100,0.800000,0.300000,0.3,0.7,0.0,22,1.069929,1.054505,0.985584,1.085270,1.069460,0.000027,1.177784,0.000000,1.143744,0.472484,0.702908,0.786988,1.064665,0.922703,1.033245
100,0.800000,0.300000,0.3,0.7,0.0,23,1.069929,1.061630,0.992243,1.085270,1.076721,0.000027,1.177784,0.000000,1.159327,0.472484,0.690999,0.775297,1.064665,0.920773,1.033294
100,0.800000,0.300000,0.3,0.7,0.0,24,1.069929,1.069210,0.999328,1.085270,1.084524,0.000027,1.177784,0.000001,1.176192,0.472484,0.679299,0.763740,1.064665,0.919067,1.033526
100,0.800000,0.300000,0.3,0.7,0.0,25,1.069929,1.077125,1.006726,1.085270,1.092587,0.000027,1.177784,0.000001,1.193746,0.472484,0.667726,0.752250,1.064665,0.917479,1.033857
100,0.800000,0.300000,0.3,0.7,0.0,26,1.069929,1.085611,1.014657,1.085270,1.101277,0.000027,1.177784,0.000002,1.212810,0.472484,0.656335,0.740866,1.064665,0.916096,1.034346
100,0.800000,0.300000,0.3,0.7,0.0,27,1.069929,1.094394,1.022866,1.085270,1.110228,0.000027,1.177784,0.000003,1.232603,0.472484,0.645099,0.729533,1.064665,0.914888,1.034925
100,0.800000,0.300000,0.3,0.7,0.0,28,1.069929,1.104348,1.032170,1.085270,1.120337,0.000027,1.177784,0.000004,1.255152,0.472484,0.634042,0.718259,1.064665,0.913896,1.035607
100,0.800000,0.300000,0.3,0.7,0.0,29,1.069929,1.114828,1.041964,1.085270,1.131003,0.000027,1.177784,0.000005,1.279162,0.472484,0.623190,0.707034,1.064665,0.913174,1.036385
100,0.800000,0.300000,0.3,0.7,0.0,30,1.069929,1.125562,1.051997,1.085270,1.141976,0.000027,1.177784,0.000006,1.304102,0.472484,0.612504,0.695826,1.064665,0.912671,1.037211
100,0.800000,0.300000,0.3,0.7,0.0,31,1.069929,1.136743,1.062447,1.085270,1.153405,0.000027,1.177784,0.000008,1.330335,0.472484,0.602053,0.684682,1.064665,0.912510,1.038167
100,0.800000,0.300000,0.3,0.7,0.0,32,1.069929,1.149077,1.073975,1.085270,1.166021,0.000027,1.177784,0.000008,1.359597,0.472484,0.591803,0.673516,1.064665,0.912652,1.039120
100,0.800000,0.300000,0.3,0.7,0.0,33,1.069929,1.162132,1.086177,1.085270,1.179236,0.000027,1.177784,0.000007,1.390589,0.472484,0.581767,0.662359,1.064665,0.913133,1.040119
100,0.800000,0.300000,0.3,0.7,0.0,34,1.069929,1.176348,1.099464,1.085270,1.193797,0.000027,1.177784,0.000007,1.425143,0.472484,0.571974,0.651222,1.064665,0.914024,1.041190
100,0.800000,0.300000,0.3,0.7,0.0,35,1.069929,1.190715,1.112892,1.085270,1.208433,0.000027,1.177784,0.000009,1.460301,0.472484,0.562466,0.640106,1.064665,0.915413,1.042336
100,0.800000,0.300000,0.3,0.7,0.0,36,1.069929,1.206680,1.127813,1.085270,1.224645,0.000027,1.177784,0.000011,1.499744,0.472484,0.553224,0.628987,1.064665,0.917294,1.043518
100,0.800000,0.300000,0.3,0.7,0.0,37,1.069929,1.223436,1.143475,1.085270,1.241682,0.000027,1.177784,0.000012,1.541763,0.472484,0.544290,0.617865,1.064665,0.919771,1.044741
100,0.800000,0.300000,0.3,0.7,0.0,38,1.069929,1.241562,1.160415,1.085270,1.260055,0.000027,1.177784,0.000014,1.587724,0.472484,0.535665,0.606736,1.064665,0.922880,1.045999
100,0.800000,0.300000,0.3,0.7,0.0,39,1.069929,1.260962,1.178548,1.085270,1.279845,0.000027,1.177784,0.000011,1.637991,0.472484,0.527378,0.595604,1.064665,0.926714,1.047306
100,0.800000,0.300000,0.3,0.7,0.0,40,1.069929,1.281928,1.198143,1.085270,1.301021,0.000027,1.177784,0.000013,1.692642,0.472484,0.519472,0.584468,1.064665,0.931390,1.048659
100,0.800000,0.300000,0.3,0.7,0.0,41,1.069929,1.304572,1.219307,1.085270,1.323993,0.000027,1.177784,0.000013,1.752945,0.472484,0.511964,0.573318,1.064665,0.936994,1.050042
100,0.800000,0.300000,0.3,0.7,0.0,42,1.069929,1.328579,1.241745,1.085270,1.348361,0.000027,1.177784,0.000016,1.818061,0.472484,0.504920,0.562175,1.064665,0.943715,1.051498
100,0.800000,0.300000,0.3,0.7,0.0,43,1.069929,1.354765,1.266220,1.085270,1.374900,0.000027,1.177784,0.000014,1.890336,0.472484,0.498339,0.550992,1.064665,0.951622,1.052942
100,0.800000,0.300000,0.3,0.7,0.0,44,1.069929,1.383140,1.292740,1.085270,1.403617,0.000027,1.177784,0.000013,1.970129,0.472484,0.492319,0.539833,1.064665,0.960987,1.054496
100,0.800000,0.300000,0.3,0.7,0.0,45,1.069929,1.413991,1.321575,1.085270,1.434871,0.000027,1.177784,0.000013,2.058840,0.472484,0.486897,0.528631,1.064665,0.971990,1.056037
100,0.800000,0.300000,0.3,0.7,0.0,46,1.069929,1.447651,1.353035,1.085270,1.468952,0.000027,1.177784,0.000012,2.157808,0.472484,0.482173,0.517443,1.064665,0.984958,1.057681
100,0.800000,0.300000,0.3,0.7,0.0,47,1.069929,1.484657,1.387622,1.085270,1.506393,0.000027,1.177784,0.000011,2.269209,0.472484,0.478226,0.506225,1.064665,1.000197,1.059342
100,0.800000,0.300000,0.3,0.7,0.0,48,1.069929,1.525209,1.425524,1.085270,1.547478,0.000027,1.177784,0.000010,2.394678,0.472484,0.475187,0.495001,1.064665,1.018168,1.061076
100,0.800000,0.300000,0.3,0.7,0.0,49,1.069929,1.570504,1.467858,1.085270,1.593373,0.000027,1.177784,0.000006,2.538830,0.472484,0.473205,0.483737,1.064665,1.039413,1.062810
100,0.800000,0.300000,0.3,0.7,0.0,50,1.069929,1.620901,1.514962,1.085270,1.644543,0.000027,1.177784,0.000005,2.704516,0.472484,0.472484,0.472484,1.064665,1.064665,1.064665
100,0.800000,0.300000,0.7,0.3,0.0,2,1.050049,1.036848,0.987428,1.064926,1.051588,0.000178,1.133890,0.000177,1.105661,0.578858,1.043705,1.108241,1.307007,1.055684,1.120960
100,0.800000,0.300000,0.7,0.3,0.0,3,1.050049,1.026104,0.977196,1.064926,1.040719,0.000178,1.133890,0.000168,1.082928,0.578858,1.004788,1.070920,1.307007,1.028119,1.095788
100,0.800000,0.300000,0.7,0.3,0.0,4,1.050049,1.019089,0.970516,1.064926,1.033696,0.000178,1.133890,0.000173,1.068355,0.578858,0.973293,1.042050,1.307007,1.007590,1.078773
100,0.800000,0.300000,0.7,0.3,0.0,5,1.050049,1.014662,0.966299,1.064926,1.029250,0.000178,1.133890,0.000171,1.059185,0.578858,0.947531,1.017958,1.307007,0.992581,1.066360
100,0.800000,0.300000,0.7,0.3,0.0,6,1.050049,1.011916,0.963684,1.064926,1.026527,0.000178,1.133890,0.000173,1.053585,0.578858,0.925963,0.997187,1.307007,0.981655,1.057169
100,0.800000,0.300000,0.7,0.3,0.0,7,1.050049,1.010516,0.962352,1.064926,1.025131,0.000178,1.133890,0.000174,1.050719,0.578858,0.907426,0.978810,1.307007,0.973716,1.050324
100,0.800000,0.300000,0.7,0.3,0.0,8,1.050049,1.010374,0.962216,1.064926,1.024991,0.000178,1.133890,0.000173,1.050434,0.578858,0.891113,0.962310,1.307007,0.968000,1.045351
100,0.800000,0.300000,0.7,0.3,0.0,9,1.050049,1.010764,0.962588,1.064926,1.025419,0.000178,1.133890,0.000176,1.051309,0.578858,0.876452,0.947295,1.307007,0.963957,1.041887
100,0.800000,0.300000,0.7,0.3,0.0,10,1.050049,1.011746,0.963523,1.064926,1.026422,0.000178,1.133890,0.000175,1.053368,0.578858,0.863141,0.933509,1.307007,0.961316,1.039705
100,0.800000,0.300000,0.7,0.3,0.0,11,1.050049,1.013250,0.964955,1.064926,1.027963,0.000178,1.133890,0.000181,1.056528,0.578858,0.850755,0.920664,1.307007,0.959651,1.038529
100,0.800000,0.300000,0.7,0.3,0.0,12,1.050049,1.014992,0.966614,1.064926,1.029772,0.000178,1.133890,0.000178,1.060253,0.578858,0.839201,0.908680,1.307007,0.958895,1.038308
100,0.800000,0.300000,0.7,0.3,0.0,13,1.050049,1.016966,0.968494,1.064926,1.031792,0.000178,1.133890,0.000178,1.064418,0.578858,0.828280,0.897363,1.307007,0.958851,1.038854
100,0.800000,0.300000,0.7,0.3,0.0,14,1.050049,1.019337,0.970752,1.064926,1.034178,0.000178,1.133890,0.000183,1.069340,0.578858,0.817849,0.886607,1.307007,0.959383,1.040074
100,0.800000,0.300000,0.7,0.3,0.0,15,1.050049,1.021791,0.973089,1.064926,1.036707,0.000178,1.133890,0.000172,1.074590,0.578858,0.807877,0.876354,1.307007,0.960474,1.041927
100,0.800000,0.300000,0.7,0.3,0.0,16,1.050049,1.024609,0.975773,1.064926,1.039588,0.000178,1.133890,0.000173,1.080571,0.578858,0.798200,0.866468,1.307007,0.961952,1.044272
100,0.800000,0.300000,0.7,0.3,0.0,17,1.050049,1.027522,0.978547,1.064926,1.042535,0.000178,1.133890,0.000172,1.086707,0.578858,0.788883,0.856965,1.307007,0.963911,1.047154
100,0.800000,0.300000,0.7,0.3,0.0,18,1.050049,1.030974,0.981834,1.064926,1.046066,0.000178,1.133890,0.000175,1.094079,0.578858,0.779772,0.847733,1.307007,0.966179,1.050452
100,0.800000,0.300000,0.7,0.3,0.0,19,1.050049,1.034157,0.984866,1.064926,1.049309,0.000178,1.133890,0.000175,1.100874,0.578858,0.770929,0.838786,1.307007,0.968852,1.054204
100,0.800000,0.300000,0.7,0.3,0.0,20,1.050049,1.038089,0.988610,1.064926,1.053311,0.000178,1.133890,0.000169,1.109296,0.578858,0.762276,0.830032,1.307007,0.971844,1.058312
100,0.800000,0.300000,0.7,0.3,0.0,21,1.050049,1.041820,0.992164,1.064926,1.057093,0.000178,1.133890,0.000168,1.117278,0.578858,0.753787,0.821463,1.307007,0.975136,1.062782
100,0.800000,0.300000,0.7,0.3,0.0,22,1.050049,1.046365,0.996492,1.064926,1.061731,0.000178,1.133890,0.000168,1.127104,0.578858,0.745435,0.813014,1.307007,0.978706,1.067545
100,0.800000,0.300000,0.7,0.3,0.0,23,1.050049,1.050600,1.000525,1.064926,1.066012,0.000178,1.133890,0.000167,1.136215,0.578858,0.737262,0.804748,1.307007,0.982625,1.072696
100,0.800000,0.300000,0.7,0.3,0.0,24,1.050049,1.055329,1.005029,1.064926,1.070845,0.000178,1.133890,0.000160,1.146549,0.578858,0.729165,0.796531,1.307007,0.986768,1.078073
100,0.800000,0.300000,0.7,0.3,0.0,25,1.050049,1.060058,1.009532,1.064926,1.075662,0.000178,1.133890,0.000153,1.156897,0.578858,0.721216,0.788417,1.307007,0.991244,1.083765
100,0.800000,0.300000,0.7,0.3,0.0,26,1.050049,1.065437,1.014655,1.064926,1.081153,0.000178,1.133890,0.000150,1.168741,0.578858,0.713396,0.780394,1.307007,0.996042,1.089762
100,0.800000,0.300000,0.7,0.3,0.0,27,1.050049,1.071099,1.020046,1.064926,1.086925,0.000178,1.133890,0.000146,1.181259,0.578858,0.705675,0.772415,1.307007,1.001136,1.096018
100,0.800000,0.300000,0.7,0.3,0.0,28,1.050049,1.077360,1.026009,1.064926,1.093241,0.000178,1.133890,0.000134,1.195042,0.578858,0.698039,0.764445,1.307007,1.006521,1.102495
100,0.800000,0.300000,0.7,0.3,0.0,29,1.050049,1.083561,1.031915,1.064926,1.099585,0.000178,1.133890,0.000139,1.208947,0.578858,0.690508,0.756509,1.307007,1.012241,1.109238
100,0.800000,0.300000,0.7,0.3,0.0,30,1.050049,1.090498,1.038521,1.064926,1.106643,0.000178,1.133890,0.000126,1.224533,0.578858,0.683083,0.748588,1.307007,1.018313,1.116235
100,0.800000,0.300000,0.7,0.3,0.0,31,1.050049,1.097918,1.045587,1.064926,1.114165,0.000178,1.133890,0.000124,1.241241,0.578858,0.675772,0.740667,1.307007,1.024768,1.123474
100,0.800000,0.300000,0.7,0.3,0.0,32,1.050049,1.105298,1.052616,1.064926,1.121685,0.000178,1.133890,0.000120,1.258058,0.578858,0.668591,0.732758,1.307007,1.031651,1.130990
100,0.800000,0.300000,0.7,0.3,0.0,33,1.050049,1.114162,1.061057,1.064926,1.130664,0.000178,1.133890,0.000111,1.278290,0.578858,0.661471,0.724781,1.307007,1.038880,1.138670
100,0.800000,0.300000,0.7,0.3,0.0,34,1.050049,1.123132,1.069599,1.064926,1.139783,0.000178,1.133890,0.000104,1.299001,0.578858,0.654517,0.716821,1.307007,1.046639,1.146659
100,0.800000,0.300000,0.7,0.3,0.0,35,1.050049,1.132894,1.078896,1.064926,1.149699,0.000178,1.133890,0.000091,1.321717,0.578858,0.647672,0.708789,1.307007,1.054863,1.154829
100,0.800000,0.300000,0.7,0.3,0.0,36,1.050049,1.143482,1.088979,1.064926,1.160402,0.000178,1.133890,0.000088,1.346444,0.578858,0.640956,0.700710,1.307007,1.063615,1.163232
100,0.800000,0.300000,0.7,0.3,0.0,37,1.050049,1.154695,1.099658,1.064926,1.171791,0.000178,1.133890,0.000078,1.373016,0.578858,0.634421,0.692601,1.307007,1.073016,1.171911
100,0.800000,0.300000,0.7,0.3,0.0,38,1.050049,1.167273,1.111637,1.064926,1.184503,0.000178,1.133890,0.000071,1.402975,0.578858,0.628038,0.684411,1.307007,1.083050,1.180793
100,0.800000,0.300000,0.7,0.3,0.0,39,1.050049,1.180702,1.124426,1.064926,1.198073,0.000178,1.133890,0.000061,1.435317,0.578858,0.621852,0.676142,1.307007,1.093840,1.189899
100,0.800000,0.300000,0.7,0.3,0.0,40,1.050049,1.195239,1.138270,1.064926,1.212846,0.000178,1.133890,0.000057,1.470940,0.578858,0.615896,0.667820,1.307007,1.105488,1.199281
100,0.800000,0.300000,0.7,0.3,0.0,41,1.050049,1.210770,1.153061,1.064926,1.228579,0.000178,1.133890,0.000046,1.509360,0.578858,0.610180,0.659413,1.307007,1.118071,1.208906
100,0.800000,0.300000,0.7,0.3,0.0,42,1.050049,1.227979,1.169449,1.064926,1.246021,0.000178,1.133890,0.000040,1.552528,0.578858,0.604750,0.650913,1.307007,1.131735,1.218770
100,0.800000,0.300000,0.7,0.3,0.0,43,1.050049,1.246748,1.187324,1.064926,1.265035,0.000178,1.133890,0.000032,1.600282,0.578858,0.599653,0.642335,1.307007,1.146646,1.228921
100,0.800000,0.300000,0.7,0.3,0.0,44,1.050049,1.267613,1.207194,1.064926,1.286221,0.000178,1.133890,0.000025,1.654338,0.578858,0.594900,0.633608,1.307007,1.162908,1.239237
100,0.800000,0.300000,0.7,0.3,0.0,45,1.050049,1.290219,1.228722,1.064926,1.309175,0.000178,1.133890,0.000018,1.713920,0.578858,0.590608,0.624824,1.307007,1.180854,1.249912
100,0.800000,0.300000,0.7,0.3,0.0,46,1.050049,1.315505,1.252803,1.064926,1.334865,0.000178,1.133890,0.000012,1.781852,0.578858,0.586793,0.615864,1.307007,1.200638,1.260730
100,0.800000,0.300000,0.7,0.3,0.0,47,1.050049,1.343305,1.279278,1.064926,1.363139,0.000178,1.133890,0.000006,1.858142,0.578858,0.583592,0.606819,1.307007,1.222691,1.271894
100,0.800000,0.300000,0.7,0.3,0.0,48,1.050049,1.374724,1.309200,1.064926,1.395140,0.000178,1.133890,0.000002,1.946415,0.578858,0.581098,0.597629,1.307007,1.247384,1.283299
100,0.800000,0.300000,0.7,0.3,0.0,49,1.050049,1.409565,1.342380,1.064926,1.430739,0.000178,1.133890,0.000000,2.047013,0.578858,0.579461,0.588327,1.307007,1.275268,1.295035
100,0.800000,0.300000,0.7,0.3,0.0,50,1.050049,1.448925,1.379864,1.064926,1.471083,0.000178,1.133890,0.000001,2.164084,0.578858,0.578858,0.578858,1.307007,1.307007,1.307007
100,0.800000,0.500000,0.3,0.7,0.0,2,1.204291,1.157731,0.961339,1.220036,1.172231,0.000138,1.488349,0.000119,1.374005,0.459313,1.329512,1.509436,1.034982,1.344770,1.526761
100,0.800000,0.500000,0.3,0.7,0.0,3,1.204291,1.116675,0.927247,1.220036,1.130294,0.000138,1.488349,0.000087,1.277478,0.459313,1.207442,1.402355,1.034982,1.235477,1.434919
100,0.800000,0.500000,0.3,0.7,0.0,4,1.204291,1.087336,0.902885,1.220036,1.100398,0.000138,1.488349,0.000067,1.210809,0.459313,1.117341,1.317105,1.034982,1.156711,1.363520
100,0.800000,0.500000,0.3,0.7,0.0,5,1.204291,1.066583,0.885652,1.220036,1.079246,0.000138,1.488349,0.000057,1.164715,0.459313,1.050649,1.247218,1.034982,1.100594,1.306516
100,0.800000,0.500000,0.3,0.7,0.0,6,1.204291,1.051985,0.873531,1.220036,1.064527,0.000138,1.488349,0.000045,1.133172,0.459313,0.999944,1.189000,1.034982,1.060077,1.260513
100,0.800000,0.500000,0.3,0.7,0.0,7,1.204291,1.042571,0.865714,1.220036,1.055007,0.000138,1.488349,0.000041,1.112998,0.459313,0.959847,1.139437,1.034982,1.029955,1.222676
100,0.800000,0.500000,0.3,0.7,0.0,8,1.204291,1.036193,0.860418,1.220036,1.048535,0.000138,1.488349,0.000035,1.099392,0.459313,0.927341,1.097058,1.034982,1.007338,1.191712
100,0.800000,0.500000,0.3,0.7,0.0,9,1.204291,1.032347,0.857224,1.220036,1.044775,0.000138,1.488349,0.000032,1.091523,0.459313,0.899857,1.059989,1.034982,0.989678,1.165813
100,0.800000,0.500000,0.3,0.7,0.0,10,1.204291,1.030348,0.855565,1.220036,1.042768,0.000138,1.488349,0.000031,1.087334,0.459313,0.876078,1.027242,1.034982,0.975698,1.144076
100,0.800000,0.500000,0.3,0.7,0.0,11,1.204291,1.029513,0.854871,1.220036,1.041945,0.000138,1.488349,0.000030,1.085620,0.459313,0.855061,0.998131,1.034982,0.964476,1.125884
100,0.800000,0.500000,0.3,0.7,0.0,12,1.204291,1.029968,0.855249,1.220036,1.042452,0.000138,1.488349,0.000028,1.086679,0.459313,0.835988,0.971902,1.034982,0.955185,1.110513
100,0.800000,0.500000,0.3,0.7,0.0,13,1.204291,1.031585,0.856592,1.220036,1.044081,0.000138,1.488349,0.000033,1.090073,0.459313,0.818381,0.948016,1.034982,0.947345,1.097449
100,0.800000,0.500000,0.3,0.7,0.0,14,1.204291,1.033548,0.858222,1.220036,1.046068,0.000138,1.488349,0.000036,1.094223,0.459313,0.802006,0.926173,1.034982,0.940741,1.086437
100,0.800000,0.500000,0.3,0.7,0.0,15,1.204291,1.036331,0.860533,1.220036,1.048960,0.000138,1.488349,0.000034,1.100283,0.459313,0.786493,0.905943,1.034982,0.934983,1.077043
100,0.800000,0.500000,0.3,0.7,0.0,16,1.204291,1.039576,0.863227,1.220036,1.052271,0.000138,1.488349,0.000041,1.107235,0.459313,0.771633,0.887023,1.034982,0.929854,1.068974
100,0.800000,0.500000,0.3,0.7,0.0,17,1.204291,1.043547,0.866524,1.220036,1.056307,0.000138,1.488349,0.000042,1.115743,0.459313,0.757330,0.869215,1.034982,0.925265,1.062039
100,0.800000,0.500000,0.3,0.7,0.0,18,1.204291,1.047739,0.870006,1.220036,1.060584,0.000138,1.488349,0.000046,1.124792,0.459313,0.743550,0.852465,1.034982,0.921191,1.056221
100,0.800000,0.500000,0.3,0.7,0.0,19,1.204291,1.052564,0.874012,1.220036,1.065506,0.000138,1.488349,0.000050,1.135253,0.459313,0.730135,0.836468,1.034982,0.917462,1.051183
100,0.800000,0.500000,0.3,0.7,0.0,20,1.204291,1.057596,0.878190,1.220036,1.070665,0.000138,1.488349,0.000056,1.146267,0.459313,0.717044,0.821185,1.034982,0.914037,1.046910
100,0.800000,0.500000,0.3,0.7,0.0,21,1.204291,1.063055,0.882723,1.220036,1.076119,0.000138,1.488349,0.000064,1.157967,0.459313,0.704231,0.806437,1.034982,0.910868,1.043202
100,0.800000,0.500000,0.3,0.7,0.0,22,1.204291,1.069254,0.887871,1.220036,1.082458,0.000138,1.488349,0.000069,1.171646,0.459313,0.691710,0.792217,1.034982,0.907989,1.040079
100,0.800000,0.500000,0.3,0.7,0.0,23,1.204291,1.075385,0.892962,1.220036,1.088688,0.000138,1.488349,0.000079,1.185163,0.459313,0.679402,0.778440,1.034982,0.905307,1.037450
100,0.800000,0.500000,0.3,0.7,0.0,24,1.204291,1.082401,0.898787,1.220036,1.095806,0.000138,1.488349,0.000089,1.200702,0.459313,0.667317,0.764983,1.034982,0.902844,1.035177
100,0.800000,0.500000,0.3,0.7,0.0,25,1.204291,1.089815,0.904944,1.220036,1.103342,0.000138,1.488349,0.000091,1.217272,0.459313,0.655429,0.751826,1.034982,0.900572,1.033241
100,0.800000,0.500000,0.3,0.7,0.0,26,1.204291,1.097691,0.911483,1.220036,1.111358,0.000138,1.488349,0.000102,1.235014,0.459313,0.643805,0.738997,1.034982,0.898598,1.031706
100,0.800000,0.500000,0.3,0.7,0.0,27,1.204291,1.105908,0.918307,1.220036,1.119714,0.000138,1.488349,0.000112,1.253648,0.459313,0.632366,0.726365,1.034982,0.896821,1.030401
100,0.800000,0.500000,0.3,0.7,0.0,28,1.204291,1.114790,0.925682,1.220036,1.128719,0.000138,1.488349,0.000122,1.273884,0.459313,0.621119,0.713908,1.034982,0.895263,1.029304
100,0.800000,0.500000,0.3,0.7,0.0,29,1.204291,1.124041,0.933364,1.220036,1.138149,0.000138,1.488349,0.000133,1.295251,0.459313,0.610107,0.701647,1.034982,0.893998,1.028459
100,0.800000,0.500000,0.3,0.7,0.0,30,1.204291,1.134358,0.941930,1.220036,1.148555,0.000138,1.488349,0.000141,1.319037,0.459313,0.599287,0.689502,1.034982,0.892975,1.027760
100,0.800000,0.500000,0.3,0.7,0.0,31,1.204291,1.144958,0.950732,1.220036,1.159327,0.000138,1.488349,0.000151,1.343888,0.459313,0.588685,0.677475,1.034982,0.892247,1.027215
100,0.800000,0.500000,0.3,0.7,0.0,32,1.204291,1.156463,0.960286,1.220036,1.171011,0.000138,1.488349,0.000162,1.371104,0.459313,0.578365,0.665598,1.034982,0.891929,1.026880
100,0.800000,0.500000,0.3,0.7,0.0,33,1.204291,1.168808,0.970536,1.220036,1.183588,0.000138,1.488349,0.000169,1.400711,0.459313,0.568270,0.653790,1.034982,0.891952,1.026644
100,0.800000,0.500000,0.3,0.7,0.0,34,1.204291,1.181694,0.981237,1.220036,1.196680,0.000138,1.488349,0.000185,1.431857,0.459313,0.558429,0.642046,1.034982,0.892383,1.026502
100,0.800000,0.500000,0.3,0.7,0.0,35,1.204291,1.195932,0.993059,1.220036,1.211100,0.000138,1.488349,0.000189,1.466573,0.459313,0.548867,0.630375,1.034982,0.893284,1.026473
100,0.800000,0.500000,0.3,0.7,0.0,36,1.204291,1.210882,1.005474,1.220036,1.226263,0.000138,1.488349,0.000193,1.503528,0.459313,0.539568,0.618755,1.034982,0.894658,1.026530
100,0.800000,0.500000,0.3,0.7,0.0,37,1.204291,1.226951,1.018816,1.220036,1.242554,0.000138,1.488349,0.000203,1.543737,0.459313,0.530614,0.607184,1.034982,0.896670,1.026670
100,0.800000,0.500000,0.3,0.7,0.0,38,1.204291,1.244333,1.033250,1.220036,1.260213,0.000138,1.488349,0.000199,1.587938,0.459313,0.521985,0.595667,1.034982,0.899323,1.026912
100,0.800000,0.500000,0.3,0.7,0.0,39,1.204291,1.262870,1.048642,1.220036,1.279065,0.000138,1.488349,0.000214,1.635794,0.459313,0.513719,0.584194,1.034982,0.902721,1.027239
100,0.800000,0.500000,0.3,0.7,0.0,40,1.204291,1.283024,1.065378,1.220036,1.299521,0.000138,1.488349,0.000212,1.688543,0.459313,0.505835,0.572743,1.034982,0.906951,1.027621
100,0.800000,0.500000,0.3,0.7,0.0,41,1.204291,1.304843,1.083495,1.220036,1.321626,0.000138,1.488349,0.000215,1.746480,0.459313,0.498362,0.561321,1.034982,0.912113,1.028071
100,0.800000,0.500000,0.3,0.7,0.0,42,1.204291,1.328827,1.103411,1.220036,1.346033,0.000138,1.488349,0.000210,1.811594,0.459313,0.491334,0.549906,1.034982,0.918332,1.028552
100,0.800000,0.500000,0.3,0.7,0.0,43,1.204291,1.354065,1.124368,1.220036,1.371733,0.000138,1.488349,0.000215,1.881437,0.459313,0.484816,0.538535,1.034982,0.925809,1.029145
100,0.800000,0.500000,0.3,0.7,0.0,44,1.204291,1.381710,1.147323,1.220036,1.399851,0.000138,1.488349,0.000215,1.959368,0.459313,0.478861,0.527206,1.034982,0.934729,1.029842
100,0.800000,0.500000,0.3,0.7,0.0,45,1.204291,1.411881,1.172376,1.220036,1.430553,0.000138,1.488349,0.000218,2.046264,0.459313,0.473494,0.515840,1.034982,0.945243,1.030496
100,0.800000,0.500000,0.3,0.7,0.0,46,1.204291,1.444990,1.199868,1.220036,1.464300,0.000138,1.488349,0.000207,2.143967,0.459313,0.468826,0.504502,1.034982,0.957698,1.031239
100,0.800000,0.500000,0.3,0.7,0.0,47,1.204291,1.481467,1.230157,1.220036,1.501493,0.000138,1.488349,0.000205,2.254276,0.459313,0.464944,0.493193,1.034982,0.972422,1.032085
100,0.800000,0.500000,0.3,0.7,0.0,48,1.204291,1.521506,1.263404,1.220036,1.542343,0.000138,1.488349,0.000199,2.378623,0.459313,0.461958,0.481886,1.034982,0.989822,1.032973
100,0.800000,0.500000,0.3,0.7,0.0,49,1.204291,1.565845,1.300222,1.220036,1.587712,0.000138,1.488349,0.000188,2.520641,0.459313,0.460019,0.470597,1.034982,1.010445,1.033947
100,0.800000,0.500000,0.3,0.7,0.0,50,1.204291,1.615018,1.341054,1.220036,1.638110,0.000138,1.488349,0.000183,2.683220,0.459313,0.459313,0.459313,1.034982,1.034982,1.034982
100,0.800000,0.500000,0.7,0.3,0.0,2,1.107183,1.083228,0.978364,1.120711,1.096591,0.000187,1.255806,0.000201,1.202310,0.514643,1.149496,1.281023,1.161010,1.162688,1.295727
100,0.800000,0.500000,0.7,0.3,0.0,3,1.107183,1.063610,0.960646,1.120711,1.076957,0.000187,1.255806,0.000220,1.159617,0.514643,1.084491,1.209971,1.161010,1.109673,1.238068
100,0.800000,0.500000,0.7,0.3,0.0,4,1.107183,1.049029,0.947476,1.120711,1.062402,0.000187,1.255806,0.000233,1.128466,0.514643,1.032598,1.157579,1.161010,1.068985,1.198375
100,0.800000,0.500000,0.7,0.3,0.0,5,1.107183,1.038828,0.938263,1.120711,1.052285,0.000187,1.255806,0.000241,1.107063,0.514643,0.991010,1.115231,1.161010,1.038124,1.168259
100,0.800000,0.500000,0.7,0.3,0.0,6,1.107183,1.031633,0.931764,1.120711,1.045138,0.000187,1.255806,0.000247,1.092066,0.514643,0.956839,1.079406,1.161010,1.014385,1.144334
100,0.800000,0.500000,0.7,0.3,0.0,7,1.107183,1.027136,0.927703,1.120711,1.040719,0.000187,1.255806,0.000248,1.082848,0.514643,0.928317,1.048600,1.161010,0.996129,1.125212
100,0.800000,0.500000,0.7,0.3,0.0,8,1.107183,1.024414,0.925244,1.120711,1.038075,0.000187,1.255806,0.000252,1.077347,0.514643,0.903701,1.021313,1.161010,0.981666,1.109442
100,0.800000,0.500000,0.7,0.3,0.0,9,1.107183,1.023225,0.924170,1.120711,1.036981,0.000187,1.255806,0.000249,1.075080,0.514643,0.882161,0.997022,1.161010,0.970225,1.096574
100,0.800000,0.500000,0.7,0.3,0.0,10,1.107183,1.022881,0.923859,1.120711,1.036695,0.000187,1.255806,0.000245,1.074491,0.514643,0.862863,0.974963,1.161010,0.960990,1.085867
100,0.800000,0.500000,0.7,0.3,0.0,11,1.107183,1.023653,0.924557,1.120711,1.037564,0.000187,1.255806,0.000253,1.076286,0.514643,0.845349,0.954829,1.161010,0.953534,1.077059
100,0.800000,0.500000,0.7,0.3,0.0,12,1.107183,1.024777,0.925572,1.120711,1.038764,0.000187,1.255806,0.000252,1.078779,0.514643,0.829205,0.936299,1.161010,0.947448,1.069853
100,0.800000,0.500000,0.7,0.3,0.0,13,1.107183,1.026578,0.927198,1.120711,1.040589,0.000187,1.255806,0.000250,1.082576,0.514643,0.814110,0.919003,1.161010,0.942417,1.063889
100,0.800000,0.500000,0.7,0.3,0.0,14,1.107183,1.029341,0.929694,1.120711,1.043448,0.000187,1.255806,0.000241,1.088543,0.514643,0.800019,0.902861,1.161010,0.938431,1.059120
100,0.800000,0.500000,0.7,0.3,0.0,15,1.107183,1.032442,0.932495,1.120711,1.046628,0.000187,1.255806,0.000237,1.095194,0.514643,0.786592,0.887631,1.161010,0.935126,1.055308
100,0.800000,0.500000,0.7,0.3,0.0,16,1.107183,1.035064,0.934863,1.120711,1.049311,0.000187,1.255806,0.000231,1.100823,0.514643,0.773803,0.873213,1.161010,0.932500,1.052371
100,0.800000,0.500000,0.7,0.3,0.0,17,1.107183,1.038921,0.938346,1.120711,1.053252,0.000187,1.255806,0.000222,1.109118,0.514643,0.761521,0.859454,1.161010,0.930421,1.050157
100,0.800000,0.500000,0.7,0.3,0.0,18,1.107183,1.042396,0.941486,1.120711,1.056791,0.000187,1.255806,0.000220,1.116587,0.514643,0.749708,0.846306,1.161010,0.928865,1.048639
100,0.800000,0.500000,0.7,0.3,0.0,19,1.107183,1.046815,0.945476,1.120711,1.061361,0.000187,1.255806,0.000209,1.126279,0.514643,0.738283,0.833638,1.161010,0.927751,1.047682
100,0.800000,0.500000,0.7,0.3,0.0,20,1.107183,1.051200,0.949437,1.120711,1.065825,0.000187,1.255806,0.000205,1.135778,0.514643,0.727197,0.821405,1.161010,0.927038,1.047253
100,0.800000,0.500000,0.7,0.3,0.0,21,1.107183,1.055934,0.953713,1.120711,1.070668,0.000187,1.255806,0.000211,1.146118,0.514643,0.716428,0.809564,1.161010,0.926714,1.047322
100,0.800000,0.500000,0.7,0.3,0.0,22,1.107183,1.060949,0.958242,1.120711,1.075782,0.000187,1.255806,0.000201,1.157106,0.514643,0.705938,0.798041,1.161010,0.926748,1.047808
100,0.800000,0.500000,0.7,0.3,0.0,23,1.107183,1.066394,0.963160,1.120711,1.081254,0.000187,1.255806,0.000195,1.168916,0.514643,0.695685,0.786789,1.161010,0.927098,1.048672
100,0.800000,0.500000,0.7,0.3,0.0,24,1.107183,1.072139,0.968349,1.120711,1.087150,0.000187,1.255806,0.000196,1.181699,0.514643,0.685702,0.775807,1.161010,0.927823,1.049929
100,0.800000,0.500000,0.7,0.3,0.0,25,1.107183,1.078316,0.973928,1.120711,1.093409,0.000187,1.255806,0.000190,1.195353,0.514643,0.675924,0.765027,1.161010,0.928854,1.051503
100,0.800000,0.500000,0.7,0.3,0.0,26,1.107183,1.084447,0.979465,1.120711,1.099678,0.000187,1.255806,0.000186,1.209106,0.514643,0.666356,0.754420,1.161010,0.930211,1.053371
100,0.800000,0.500000,0.7,0.3,0.0,27,1.107183,1.091162,0.985530,1.120711,1.106568,0.000187,1.255806,0.000176,1.224316,0.514643,0.657008,0.743979,1.161010,0.931925,1.055535
100,0.800000,0.500000,0.7,0.3,0.0,28,1.107183,1.098350,0.992022,1.120711,1.113826,0.000187,1.255806,0.000185,1.240423,0.514643,0.647847,0.733687,1.161010,0.933965,1.057987
100,0.800000,0.500000,0.7,0.3,0.0,29,1.107183,1.105976,0.998910,1.120711,1.121624,0.000187,1.255806,0.000183,1.257857,0.514643,0.638855,0.723477,1.161010,0.936320,1.060641
100,0.800000,0.500000,0.7,0.3,0.0,30,1.107183,1.114166,1.006307,1.120711,1.129914,0.000187,1.255806,0.000172,1.276533,0.514643,0.630085,0.713389,1.161010,0.939086,1.063569
100,0.800000,0.500000,0.7,0.3,0.0,31,1.107183,1.122546,1.013876,1.120711,1.138429,0.000187,1.255806,0.000171,1.295850,0.514643,0.621501,0.703386,1.161010,0.942232,1.066728
100,0.800000,0.500000,0.7,0.3,0.0,32,1.107183,1.131693,1.022138,1.120711,1.147710,0.000187,1.255806,0.000172,1.317065,0.514643,0.613115,0.693446,1.161010,0.945792,1.070094
100,0.800000,0.500000,0.7,0.3,0.0,33,1.107183,1.141462,1.030961,1.120711,1.157665,0.000187,1.255806,0.000166,1.340023,0.514643,0.604898,0.683540,1.161010,0.949749,1.073641
100,0.800000,0.500000,0.7,0.3,0.0,34,1.107183,1.151733,1.040238,1.120711,1.168061,0.000187,1.255806,0.000169,1.364198,0.514643,0.596898,0.673665,1.161010,0.954194,1.077361
100,0.800000,0.500000,0.7,0.3,0.0,35,1.107183,1.162826,1.050257,1.120711,1.179330,0.000187,1.255806,0.000166,1.390654,0.514643,0.589114,0.663850,1.161010,0.959161,1.081324
100,0.800000,0.500000,0.7,0.3,0.0,36,1.107183,1.174524,1.060822,1.120711,1.191205,0.000187,1.255806,0.000169,1.418799,0.514643,0.581565,0.654069,1.161010,0.964705,1.085492
100,0.800000,0.500000,0.7,0.3,0.0,37,1.107183,1.187156,1.072232,1.120711,1.204054,0.000187,1.255806,0.000161,1.449585,0.514643,0.574245,0.644287,1.161010,0.970855,1.089823
100,0.800000,0.500000,0.7,0.3,0.0,38,1.107183,1.200918,1.084661,1.120711,1.217991,0.000187,1.255806,0.000169,1.483334,0.514643,0.567167,0.634500,1.161010,0.977665,1.094315
100,0.800000,0.500000,0.7,0.3,0.0,39,1.107183,1.215958,1.098246,1.120711,1.233186,0.000187,1.255806,0.000161,1.520586,0.514643,0.560351,0.624705,1.161010,0.985211,1.098973
100,0.800000,0.500000,0.7,0.3,0.0,40,1.107183,1.231561,1.112338,1.120711,1.248978,0.000187,1.255806,0.000166,1.559779,0.514643,0.553840,0.614909,1.161010,0.993619,1.103824
100,0.800000,0.500000,0.7,0.3,0.0,41,1.107183,1.248652,1.127774,1.120711,1.266297,0.000187,1.255806,0.000165,1.603342,0.514643,0.547632,0.605062,1.161010,1.002940,1.108788
100,0.800000,0.500000,0.7,0.3,0.0,42,1.107183,1.267314,1.144629,1.120711,1.285160,0.000187,1.255806,0.000171,1.651465,0.514643,0.541795,0.595227,1.161010,1.013360,1.113985
100,0.800000,0.500000,0.7,0.3,0.0,43,1.107183,1.287556,1.162912,1.120711,1.305630,0.000187,1.255806,0.000169,1.704501,0.514643,0.536330,0.585327,1.161010,1.024957,1.119288
100,0.800000,0.500000,0.7,0.3,0.0,44,1.107183,1.309710,1.182922,1.120711,1.328030,0.000187,1.255806,0.000184,1.763480,0.514643,0.531302,0.575396,1.161010,1.037937,1.124769
100,0.800000,0.500000,0.7,0.3,0.0,45,1.107183,1.333833,1.204710,1.120711,1.352455,0.000187,1.255806,0.000183,1.828952,0.514643,0.526772,0.565423,1.161010,1.052521,1.130421
100,0.800000,0.500000,0.7,0.3,0.0,46,1.107183,1.360292,1.228607,1.120711,1.379259,0.000187,1.255806,0.000191,1.902164,0.514643,0.522805,0.555392,1.161010,1.068957,1.136213
100,0.800000,0.500000,0.7,0.3,0.0,47,1.107183,1.389678,1.255148,1.120711,1.409028,0.000187,1.255806,0.000193,1.985168,0.514643,0.519493,0.545324,1.161010,1.087585,1.142217
100,0.800000,0.500000,0.7,0.3,0.0,48,1.107183,1.421992,1.284334,1.120711,1.441762,0.000187,1.255806,0.000204,2.078473,0.514643,0.516926,0.535157,1.161010,1.108763,1.148300
100,0.800000,0.500000,0.7,0.3,0.0,49,1.107183,1.458147,1.316989,1.120711,1.478450,0.000187,1.255806,0.000226,2.185588,0.514643,0.515253,0.524938,1.161010,1.133024,1.154577
100,0.800000,0.500000,0.7,0.3,0.0,50,1.107183,1.498419,1.353362,1.120711,1.519429,0.000187,1.255806,0.000241,2.308422,0.514643,0.514643,0.514643,1.161010,1.161010,1.161010
100,0.800000,0.100000,0.3,0.7,0.0,2,1.005706,0.999355,0.993686,1.018350,1.012032,0.000190,1.036846,0.000171,1.024038,0.479213,1.014818,1.045805,1.079837,1.026466,1.057809
100,0.800000,0.100000,0.3,0.7,0.0,3,1.005706,0.994686,0.989042,1.018350,1.007461,0.000190,1.036846,0.000148,1.014830,0.479213,0.987918,1.025244,1.079837,1.010860,1.049054
100,0.800000,0.100000,0.3,0.7,0.0,4,1.005706,0.992274,0.986644,1.018350,1.005086,0.000190,1.036846,0.000127,1.010070,0.479213,0.964714,1.006953,1.079837,0.998713,1.042444
100,0.800000,0.100000,0.3,0.7,0.0,5,1.005706,0.991363,0.985739,1.018350,1.004249,0.000190,1.036846,0.000104,1.008412,0.479213,0.944648,0.990425,1.079837,0.989564,1.037524
100,0.800000,0.100000,0.3,0.7,0.0,6,1.005706,0.991832,0.986206,1.018350,1.004766,0.000190,1.036846,0.000090,1.009464,0.479213,0.926731,0.975211,1.079837,0.982474,1.033877
100,0.800000,0.100000,0.3,0.7,0.0,7,1.005706,0.993010,0.987377,1.018350,1.005972,0.000190,1.036846,0.000077,1.011902,0.479213,0.910313,0.961039,1.079837,0.976818,1.031261
100,0.800000,0.100000,0.3,0.7,0.0,8,1.005706,0.994549,0.988906,1.018350,1.007577,0.000190,1.036846,0.000060,1.015151,0.479213,0.894924,0.947658,1.079837,0.972142,1.029440
100,0.800000,0.100000,0.3,0.7,0.0,9,1.005706,0.996841,0.991186,1.018350,1.009922,0.000190,1.036846,0.000051,1.019891,0.479213,0.880266,0.934898,1.079837,0.968151,1.028257
100,0.800000,0.100000,0.3,0.7,0.0,10,1.005706,0.999599,0.993928,1.018350,1.012721,0.000190,1.036846,0.000041,1.025562,0.479213,0.866127,0.922626,1.079837,0.964637,1.027588
100,0.800000,0.100000,0.3,0.7,0.0,11,1.005706,1.002862,0.997172,1.018350,1.016045,0.000190,1.036846,0.000031,1.032317,0.479213,0.852346,0.910698,1.079837,0.961437,1.027289
100,0.800000,0.100000,0.3,0.7,0.0,12,1.005706,1.006066,1.000358,1.018350,1.019331,0.000190,1.036846,0.000024,1.039012,0.479213,0.838841,0.899062,1.079837,0.958469,1.027316
100,0.800000,0.100000,0.3,0.7,0.0,13,1.005706,1.009664,1.003936,1.018350,1.023007,0.000190,1.036846,0.000018,1.046525,0.479213,0.825579,0.887659,1.079837,0.955703,1.027614
100,0.800000,0.100000,0.3,0.7,0.0,14,1.005706,1.013703,1.007952,1.018350,1.027162,0.000190,1.036846,0.000015,1.055047,0.479213,0.812452,0.876401,1.079837,0.953022,1.028091
100,0.800000,0.100000,0.3,0.7,0.0,15,1.005706,1.018117,1.012341,1.018350,1.031584,0.000190,1.036846,0.000010,1.064155,0.479213,0.799517,0.865295,1.079837,0.950494,1.028760
100,0.800000,0.100000,0.3,0.7,0.0,16,1.005706,1.022682,1.016880,1.018350,1.036275,0.000190,1.036846,0.000007,1.073858,0.479213,0.786730,0.854298,1.079837,0.948078,1.029581
100,0.800000,0.100000,0.3,0.7,0.0,17,1.005706,1.027629,1.021799,1.018350,1.041295,0.000190,1.036846,0.000004,1.084291,0.479213,0.774039,0.843346,1.079837,0.945710,1.030479
100,0.800000,0.100000,0.3,0.7,0.0,18,1.005706,1.032745,1.026886,1.018350,1.046548,0.000190,1.036846,0.000003,1.095260,0.479213,0.761458,0.832454,1.079837,0.943410,1.031475
100,0.800000,0.100000,0.3,0.7,0.0,19,1.005706,1.038584,1.032692,1.018350,1.052496,0.000190,1.036846,0.000001,1.107747,0.479213,0.749028,0.821623,1.079837,0.941234,1.032578
100,0.800000,0.100000,0.3,0.7,0.0,20,1.005706,1.044372,1.038447,1.018350,1.058397,0.000190,1.036846,0.000000,1.120204,0.479213,0.736690,0.810784,1.079837,0.939112,1.033701
100,0.800000,0.100000,0.3,0.7,0.0,21,1.005706,1.050925,1.044962,1.018350,1.065079,0.000190,1.036846,0.000000,1.134394,0.479213,0.724479,0.799972,1.079837,0.937090,1.034894
100,0.800000,0.100000,0.3,0.7,0.0,22,1.005706,1.057274,1.051276,1.018350,1.071545,0.000190,1.036846,0.000000,1.148209,0.479213,0.712426,0.789178,1.079837,0.935216,1.036144
100,0.800000,0.100000,0.3,0.7,0.0,23,1.005706,1.064968,1.058926,1.018350,1.079390,0.000190,1.036846,0.000000,1.165082,0.479213,0.700459,0.778355,1.079837,0.933399,1.037395
100,0.800000,0.100000,0.3,0.7,0.0,24,1.005706,1.072140,1.066058,1.018350,1.086664,0.000190,1.036846,0.000000,1.180839,0.479213,0.688653,0.767540,1.079837,0.931743,1.038696
100,0.800000,0.100000,0.3,0.7,0.0,25,1.005706,1.080188,1.074060,1.018350,1.094855,0.000190,1.036846,0.000001,1.198706,0.479213,0.676973,0.756692,1.079837,0.930208,1.039991
100,0.800000,0.100000,0.3,0.7,0.0,26,1.005706,1.088937,1.082759,1.018350,1.103725,0.000190,1.036846,0.000001,1.218208,0.479213,0.665493,0.745863,1.079837,0.928903,1.041354
100,0.800000,0.100000,0.3,0.7,0.0,27,1.005706,1.097810,1.091582,1.018350,1.112783,0.000190,1.036846,0.000002,1.238284,0.479213,0.654159,0.735024,1.079837,0.927761,1.042747
100,0.800000,0.100000,0.3,0.7,0.0,28,1.005706,1.107647,1.101363,1.018350,1.122805,0.000190,1.036846,0.000004,1.260688,0.479213,0.643005,0.724136,1.079837,0.926844,1.044114
100,0.800000,0.100000,0.3,0.7,0.0,29,1.005706,1.117573,1.111233,1.018350,1.132779,0.000190,1.036846,0.000005,1.283184,0.479213,0.632013,0.713244,1.079837,0.926129,1.045520
100,0.800000,0.100000,0.3,0.7,0.0,30,1.005706,1.128557,1.122155,1.018350,1.143922,0.000190,1.036846,0.000008,1.308549,0.479213,0.621227,0.702329,1.079837,0.925698,1.046940
100,0.800000,0.100000,0.3,0.7,0.0,31,1.005706,1.139939,1.133472,1.018350,1.155517,0.000190,1.036846,0.000006,1.335213,0.479213,0.610652,0.691400,1.079837,0.925573,1.048388
100,0.800000,0.100000,0.3,0.7,0.0,32,1.005706,1.152365,1.145828,1.018350,1.168050,0.000190,1.036846,0.000007,1.364335,0.479213,0.600296,0.680449,1.079837,0.925783,1.049856
100,0.800000,0.100000,0.3,0.7,0.0,33,1.005706,1.165590,1.158977,1.018350,1.181479,0.000190,1.036846,0.000009,1.395883,0.479213,0.590142,0.669466,1.079837,0.926315,1.051322
100,0.800000,0.100000,0.3,0.7,0.0,34,1.005706,1.179392,1.172701,1.018350,1.195380,0.000190,1.036846,0.000010,1.428923,0.479213,0.580252,0.658455,1.079837,0.927289,1.052799
100,0.800000,0.100000,0.3,0.7,0.0,35,1.005706,1.193810,1.187037,1.018350,1.210008,0.000190,1.036846,0.000009,1.464110,0.479213,0.570641,0.647453,1.079837,0.928757,1.054345
100,0.800000,0.100000,0.3,0.7,0.0,36,1.005706,1.209752,1.202889,1.018350,1.226058,0.000190,1.036846,0.000014,1.503203,0.479213,0.561264,0.636398,1.079837,0.930667,1.055862
100,0.800000,0.100000,0.3,0.7,0.0,37,1.005706,1.226528,1.219569,1.018350,1.243095,0.000190,1.036846,0.000014,1.545272,0.479213,0.552234,0.625363,1.079837,0.933237,1.057469
100,0.800000,0.100000,0.3,0.7,0.0,38,1.005706,1.244703,1.237642,1.018350,1.261369,0.000190,1.036846,0.000015,1.591037,0.479213,0.543475,0.614254,1.079837,0.936382,1.059014
100,0.800000,0.100000,0.3,0.7,0.0,39,1.005706,1.264097,1.256926,1.018350,1.281004,0.000190,1.036846,0.000017,1.640954,0.479213,0.535072,0.603136,1.079837,0.940278,1.060604
100,0.800000,0.100000,0.3,0.7,0.0,40,1.005706,1.284811,1.277522,1.018350,1.301871,0.000190,1.036846,0.000018,1.694851,0.479213,0.527055,0.592003,1.079837,0.945031,1.062234
100,0.800000,0.100000,0.3,0.7,0.0,41,1.005706,1.307415,1.299997,1.018350,1.324713,0.000190,1.036846,0.000021,1.754844,0.479213,0.519425,0.580831,1.079837,0.950695,1.063857
100,0.800000,0.100000,0.3,0.7,0.0,42,1.005706,1.332018,1.324461,1.018350,1.349610,0.000190,1.036846,0.000024,1.821424,0.479213,0.512266,0.569673,1.079837,0.957487,1.065577
100,0.800000,0.100000,0.3,0.7,0.0,43,1.005706,1.357973,1.350269,1.018350,1.375865,0.000190,1.036846,0.000024,1.892980,0.479213,0.505574,0.558435,1.079837,0.965477,1.067219
100,0.800000,0.100000,0.3,0.7,0.0,44,1.005706,1.386164,1.378300,1.018350,1.404428,0.000190,1.036846,0.000024,1.972392,0.479213,0.499443,0.547209,1.079837,0.974931,1.068962
100,0.800000,0.100000,0.3,0.7,0.0,45,1.005706,1.417108,1.409069,1.018350,1.435756,0.000190,1.036846,0.000028,2.061367,0.479213,0.493923,0.535937,1.079837,0.986050,1.070687
100,0.800000,0.100000,0.3,0.7,0.0,46,1.005706,1.451020,1.442788,1.018350,1.470090,0.000190,1.036846,0.000028,2.161136,0.479213,0.489101,0.524648,1.079837,0.999138,1.072462
100,0.800000,0.100000,0.3,0.7,0.0,47,1.005706,1.488075,1.479633,1.018350,1.507698,0.000190,1.036846,0.000030,2.273122,0.479213,0.485079,0.513341,1.079837,1.014551,1.074283
100,0.800000,0.100000,0.3,0.7,0.0,48,1.005706,1.528825,1.520151,1.018350,1.549127,0.000190,1.036846,0.000033,2.399762,0.479213,0.481970,0.501985,1.079837,1.032716,1.076084
100,0.800000,0.100000,0.3,0.7,0.0,49,1.005706,1.574115,1.565184,1.018350,1.595249,0.000190,1.036846,0.000035,2.544785,0.479213,0.479948,0.490618,1.079837,1.054233,1.077953
100,0.800000,0.100000,0.3,0.7,0.0,50,1.005706,1.624636,1.615419,1.018350,1.646787,0.000190,1.036846,0.000037,2.711871,0.479213,0.479213,0.479213,1.079837,1.079837,1.079837
100,0.800000,0.100000,0.7,0.3,0.0,2,0.999243,0.995538,0.996292,1.013125,1.009425,0.000173,1.026248,0.000166,1.018772,0.610959,0.988492,1.013086,1.378706,0.999836,1.024714
100,0.800000,0.100000,0.7,0.3,0.0,3,0.999243,0.993760,0.994512,1.013125,1.007664,0.000173,1.026248,0.000159,1.015228,0.610959,0.968887,0.997059,1.378706,0.991384,1.020212
100,0.800000,0.100000,0.7,0.3,0.0,4,0.999243,0.993413,0.994165,1.013125,1.007347,0.000173,1.026248,0.000152,1.014595,0.610959,0.952808,0.983766,1.378706,0.986384,1.018435
100,0.800000,0.100000,0.7,0.3,0.0,5,0.999243,0.994111,0.994864,1.013125,1.008076,0.000173,1.026248,0.000149,1.016068,0.610959,0.939291,0.972224,1.378706,0.983949,1.018452
100,0.800000,0.100000,0.7,0.3,0.0,6,0.999243,0.995327,0.996081,1.013125,1.009347,0.000173,1.026248,0.000145,1.018637,0.610959,0.927506,0.961942,1.378706,0.983292,1.019805
100,0.800000,0.100000,0.7,0.3,0.0,7,0.999243,0.997100,0.997856,1.013125,1.011135,0.000173,1.026248,0.000139,1.022255,0.610959,0.916830,0.952525,1.378706,0.983809,1.022119
100,0.800000,0.100000,0.7,0.3,0.0,8,0.999243,0.998945,0.999702,1.013125,1.013002,0.000173,1.026248,0.000134,1.026038,0.610959,0.906919,0.943804,1.378706,0.985169,1.025249
100,0.800000,0.100000,0.7,0.3,0.0,9,0.999243,1.000923,1.001682,1.013125,1.015014,0.000173,1.026248,0.000133,1.030121,0.610959,0.897511,0.935573,1.378706,0.987118,1.028995
100,0.800000,0.100000,0.7,0.3,0.0,10,0.999243,1.003107,1.003866,1.013125,1.017215,0.000173,1.026248,0.000132,1.034595,0.610959,0.888466,0.927727,1.378706,0.989520,1.033265
100,0.800000,0.100000,0.7,0.3,0.0,11,0.999243,1.005375,1.006137,1.013125,1.019540,0.000173,1.026248,0.000129,1.039333,0.610959,0.879664,0.920179,1.378706,0.992258,1.037983
100,0.800000,0.100000,0.7,0.3,0.0,12,0.999243,1.007661,1.008424,1.013125,1.021843,0.000173,1.026248,0.000128,1.044035,0.610959,0.870992,0.912828,1.378706,0.995215,1.043048
100,0.800000,0.100000,0.7,0.3,0.0,13,0.999243,1.010088,1.010853,1.013125,1.024303,0.000173,1.026248,0.000126,1.049070,0.610959,0.862441,0.905633,1.378706,0.998391,1.048427
100,0.800000,0.100000,0.7,0.3,0.0,14,0.999243,1.012762,1.013529,1.013125,1.027004,0.000173,1.026248,0.000123,1.054614,0.610959,0.853967,0.898553,1.378706,1.001741,1.054086
100,0.800000,0.100000,0.7,0.3,0.0,15,0.999243,1.015391,1.016160,1.013125,1.029659,0.000173,1.026248,0.000120,1.060076,0.610959,0.845515,0.891540,1.378706,1.005208,1.059978
100,0.800000,0.100000,0.7,0.3,0.0,16,0.999243,1.018245,1.019016,1.013125,1.032545,0.000173,1.026248,0.000118,1.066030,0.610959,0.837097,0.884567,1.378706,1.008811,1.066080
100,0.800000,0.100000,0.7,0.3,0.0,17,0.999243,1.021274,1.022048,1.013125,1.035625,0.000173,1.026248,0.000117,1.072403,0.610959,0.828715,0.877628,1.378706,1.012558,1.072393
100,0.800000,0.100000,0.7,0.3,0.0,18,0.999243,1.024342,1.025118,1.013125,1.038737,0.000173,1.026248,0.000115,1.078860,0.610959,0.820352,0.870692,1.378706,1.016433,1.078889
100,0.800000,0.100000,0.7,0.3,0.0,19,0.999243,1.027668,1.028447,1.013125,1.042105,0.000173,1.026248,0.000118,1.085865,0.610959,0.812001,0.863749,1.378706,1.020434,1.085563
100,0.800000,0.100000,0.7,0.3,0.0,20,0.999243,1.031023,1.031804,1.013125,1.045482,0.000173,1.026248,0.000113,1.092920,0.610959,0.803668,0.856782,1.378706,1.024573,1.092399
100,0.800000,0.100000,0.7,0.3,0.0,21,0.999243,1.034783,1.035566,1.013125,1.049317,0.000173,1.026248,0.000111,1.100956,0.610959,0.795364,0.849787,1.378706,1.028874,1.099403
100,0.800000,0.100000,0.7,0.3,0.0,22,0.999243,1.038810,1.039597,1.013125,1.053396,0.000173,1.026248,0.000109,1.109533,0.610959,0.787068,0.842736,1.378706,1.033311,1.106541
100,0.800000,0.100000,0.7,0.3,0.0,23,0.999243,1.042966,1.043757,1.013125,1.057605,0.000173,1.026248,0.000108,1.118420,0.610959,0.778828,0.835658,1.378706,1.037957,1.113861
100,0.800000,0.100000,0.7,0.3,0.0,24,0.999243,1.047493,1.048287,1.013125,1.062196,0.000173,1.026248,0.000104,1.128156,0.610959,0.770598,0.828511,1.378706,1.042760,1.121315
100,0.800000,0.100000,0.7,0.3,0.0,25,0.999243,1.052307,1.053104,1.013125,1.067092,0.000173,1.026248,0.000108,1.138578,0.610959,0.762403,0.821297,1.378706,1.047762,1.128910
100,0.800000,0.100000,0.7,0.3,0.0,26,0.999243,1.057378,1.058179,1.013125,1.072193,0.000173,1.026248,0.000104,1.149493,0.610959,0.754287,0.814053,1.378706,1.053034,1.136705
100,0.800000,0.100000,0.7,0.3,0.0,27,0.999243,1.062986,1.063791,1.013125,1.077854,0.000173,1.026248,0.000100,1.161669,0.610959,0.746190,0.806710,1.378706,1.058502,1.144612
100,0.800000,0.100000,0.7,0.3,0.0,28,0.999243,1.068789,1.069599,1.013125,1.083748,0.000173,1.026248,0.000107,1.174401,0.610959,0.738136,0.799280,1.378706,1.064211,1.152654
100,0.800000,0.100000,0.7,0.3,0.0,29,0.999243,1.075301,1.076116,1.013125,1.090322,0.000173,1.026248,0.000103,1.188699,0.610959,0.730191,0.791800,1.378706,1.070273,1.160893
100,0.800000,0.100000,0.7,0.3,0.0,30,0.999243,1.081965,1.082784,1.013125,1.097098,0.000173,1.026248,0.000103,1.203521,0.610959,0.722241,0.784177,1.378706,1.076531,1.169198
100,0.800000,0.100000,0.7,0.3,0.0,31,0.999243,1.089326,1.090151,1.013125,1.104566,0.000173,1.026248,0.000108,1.219959,0.610959,0.714438,0.776518,1.378706,1.083229,1.177738
100,0.800000,0.100000,0.7,0.3,0.0,32,0.999243,1.097043,1.097874,1.013125,1.112389,0.000173,1.026248,0.000108,1.237301,0.610959,0.706757,0.768803,1.378706,1.090350,1.186489
100,0.800000,0.100000,0.7,0.3,0.0,33,0.999243,1.105683,1.106520,1.013125,1.121110,0.000173,1.026248,0.000106,1.256783,0.610959,0.699116,0.760927,1.378706,1.097793,1.195306
100,0.800000,0.100000,0.7,0.3,0.0,34,0.999243,1.114935,1.115780,1.013125,1.130477,0.000173,1.026248,0.000109,1.277869,0.610959,0.691643,0.753000,1.378706,1.105776,1.204364
100,0.800000,0.100000,0.7,0.3,0.0,35,0.999243,1.124539,1.125391,1.013125,1.140289,0.000173,1.026248,0.000112,1.300147,0.610959,0.684285,0.744969,1.378706,1.114242,1.213585
100,0.800000,0.100000,0.7,0.3,0.0,36,0.999243,1.135432,1.136292,1.013125,1.151281,0.000173,1.026248,0.000112,1.325337,0.610959,0.677107,0.736863,1.378706,1.123331,1.223038
100,0.800000,0.100000,0.7,0.3,0.0,37,0.999243,1.147374,1.148243,1.013125,1.163407,0.000173,1.026248,0.000124,1.353392,0.610959,0.670063,0.728611,1.378706,1.132998,1.232607
100,0.800000,0.100000,0.7,0.3,0.0,38,0.999243,1.159940,1.160819,1.013125,1.176154,0.000173,1.026248,0.000127,1.383211,0.610959,0.663216,0.720267,1.378706,1.143389,1.242394
100,0.800000,0.100000,0.7,0.3,0.0,39,0.999243,1.173600,1.174489,1.013125,1.189981,0.000173,1.026248,0.000134,1.415922,0.610959,0.656598,0.711831,1.378706,1.154604,1.252415
100,0.800000,0.100000,0.7,0.3,0.0,40,0.999243,1.189173,1.190074,1.013125,1.205835,0.000173,1.026248,0.000143,1.453894,0.610959,0.650206,0.703263,1.378706,1.166689,1.262610
100,0.800000,0.100000,0.7,0.3,0.0,41,0.999243,1.205485,1.206398,1.013125,1.222323,0.000173,1.026248,0.000147,1.493927,0.610959,0.644118,0.694612,1.378706,1.179844,1.273083
100,0.800000,0.100000,0.7,0.3,0.0,42,0.999243,1.223743,1.224670,1.013125,1.240895,0.000173,1.026248,0.000165,1.539656,0.610959,0.638322,0.685825,1.378706,1.194116,1.283750
100,0.800000,0.100000,0.7,0.3,0.0,43,0.999243,1.243720,1.244662,1.013125,1.261178,0.000173,1.026248,0.000168,1.590401,0.610959,0.632867,0.676889,1.378706,1.209677,1.294603
100,0.800000,0.100000,0.7,0.3,0.0,44,0.999243,1.265370,1.266329,1.013125,1.283218,0.000173,1.026248,0.000186,1.646462,0.610959,0.627857,0.667898,1.378706,1.226814,1.305833
100,0.800000,0.100000,0.7,0.3,0.0,45,0.999243,1.289626,1.290603,1.013125,1.307831,0.000173,1.026248,0.000205,1.710216,0.610959,0.623296,0.658741,1.378706,1.245653,1.317246
100,0.800000,0.100000,0.7,0.3,0.0,46,0.999243,1.316318,1.317316,1.013125,1.335074,0.000173,1.026248,0.000222,1.782202,0.610959,0.619276,0.649437,1.378706,1.266507,1.328900
100,0.800000,0.100000,0.7,0.3,0.0,47,0.999243,1.346169,1.347188,1.013125,1.365494,0.000173,1.026248,0.000249,1.864326,0.610959,0.615909,0.640026,1.378706,1.289760,1.340883
100,0.800000,0.100000,0.7,0.3,0.0,48,0.999243,1.379229,1.380274,1.013125,1.399241,0.000173,1.026248,0.000268,1.957607,0.610959,0.613295,0.630467,1.378706,1.315818,1.353146
100,0.800000,0.100000,0.7,0.3,0.0,49,0.999243,1.415976,1.417049,1.013125,1.436807,0.000173,1.026248,0.000297,2.064118,0.610959,0.611585,0.620788,1.378706,1.345236,1.365767
100,0.800000,0.100000,0.7,0.3,0.0,50,0.999243,1.457317,1.458421,1.013125,1.479186,0.000173,1.026248,0.000326,2.187666,0.610959,0.610959,0.610959,1.378706,1.378706,1.378706
