T_len,rho,R2_target,phi_f,phi_eta,phi_u,z,rmsfe_base,rmsfe_rs,rel_rmsfe,rmse_pooled_base,rmse_pooled_rs,bias_base,var_base,bias_rs,var_rs,Q_ols,Q_rs_bag,Q_rs_subavg,L_ols,L_rs_bag,L_rs_subavg
500,0.000000,0.300000,0.3,0.7,0.0,2,1.084283,1.080873,0.996855,1.098731,1.095255,0.000021,1.207189,0.000021,1.199563,0.918730,1.210547,1.271047,1.010801,1.213023,1.273646
500,0.000000,0.300000,0.3,0.7,0.0,3,1.084283,1.076779,0.993079,1.098731,1.091066,0.000021,1.207189,0.000020,1.190405,0.918730,1.193827,1.245316,1.010801,1.198710,1.250410
500,0.000000,0.300000,0.3,0.7,0.0,4,1.084283,1.072536,0.989167,1.098731,1.086719,0.000021,1.207189,0.000020,1.180939,0.918730,1.176991,1.227687,1.010801,1.184213,1.235219
500,0.000000,0.300000,0.3,0.7,0.0,5,1.084283,1.068423,0.985373,1.098731,1.082546,0.000021,1.207189,0.000019,1.171887,0.918730,1.160732,1.213365,1.010801,1.170228,1.223292
500,0.000000,0.300000,0.3,0.7,0.0,6,1.084283,1.064820,0.982050,1.098731,1.078867,0.000021,1.207189,0.000017,1.163937,0.918730,1.145271,1.200819,1.010801,1.156983,1.213099
500,0.000000,0.300000,0.3,0.7,0.0,7,1.084283,1.061193,0.978705,1.098731,1.075172,0.000021,1.207189,0.000017,1.155979,0.918730,1.130649,1.189381,1.010801,1.144524,1.203977
500,0.000000,0.300000,0.3,0.7,0.0,8,1.084283,1.058078,0.975833,1.098731,1.072036,0.000021,1.207189,0.000018,1.149243,0.918730,1.116831,1.178704,1.010801,1.132820,1.195579
500,0.000000,0.300000,0.3,0.7,0.0,9,1.084283,1.055019,0.973011,1.098731,1.068892,0.000021,1.207189,0.000016,1.142514,0.918730,1.103824,1.168608,1.010801,1.121885,1.187729
500,0.000000,0.300000,0.3,0.7,0.0,10,1.084283,1.052432,0.970626,1.098731,1.066273,0.000021,1.207189,0.000016,1.136922,0.918730,1.091540,1.158959,1.010801,1.111632,1.180292
500,0.000000,0.300000,0.3,0.7,0.0,11,1.084283,1.049895,0.968285,1.098731,1.063643,0.000021,1.207189,0.000015,1.131321,0.918730,1.080051,1.149750,1.010801,1.102141,1.173265
500,0.000000,0.300000,0.3,0.7,0.0,12,1.084283,1.047832,0.966383,1.098731,1.061589,0.000021,1.207189,0.000014,1.126957,0.918730,1.069187,1.140846,1.010801,1.093241,1.166512
500,0.000000,0.300000,0.3,0.7,0.0,13,1.084283,1.045878,0.964581,1.098731,1.059576,0.000021,1.207189,0.000014,1.122688,0.918730,1.058952,1.132235,1.010801,1.084942,1.160024
500,0.000000,0.300000,0.3,0.7,0.0,14,1.084283,1.044253,0.963082,1.098731,1.057938,0.000021,1.207189,0.000015,1.119217,0.918730,1.049306,1.123891,1.010801,1.077205,1.153773
500,0.000000,0.300000,0.3,0.7,0.0,15,1.084283,1.042706,0.961655,1.098731,1.056335,0.000021,1.207189,0.000013,1.115830,0.918730,1.040191,1.115771,1.010801,1.069975,1.147719
500,0.000000,0.300000,0.3,0.7,0.0,16,1.084283,1.041255,0.960317,1.098731,1.054877,0.000021,1.207189,0.000014,1.112751,0.918730,1.031641,1.107910,1.010801,1.063291,1.141899
500,0.000000,0.300000,0.3,0.7,0.0,17,1.084283,1.040157,0.959305,1.098731,1.053727,0.000021,1.207189,0.000012,1.110329,0.918730,1.023570,1.100240,1.010801,1.057065,1.136244
500,0.000000,0.300000,0.3,0.7,0.0,18,1.084283,1.039175,0.958399,1.098731,1.052725,0.000021,1.207189,0.000012,1.108219,0.918730,1.015952,1.092774,1.010801,1.051276,1.130768
500,0.000000,0.300000,0.3,0.7,0.0,19,1.084283,1.038336,0.957625,1.098731,1.051891,0.000021,1.207189,0.000011,1.106463,0.918730,1.008763,1.085475,1.010801,1.045900,1.125436
500,0.000000,0.300000,0.3,0.7,0.0,20,1.084283,1.037686,0.957025,1.098731,1.051214,0.000021,1.207189,0.000012,1.105039,0.918730,1.001972,1.078346,1.010801,1.040908,1.120250
500,0.000000,0.300000,0.3,0.7,0.0,21,1.084283,1.037254,0.956627,1.098731,1.050746,0.000021,1.207189,0.000010,1.104057,0.918730,0.995613,1.071426,1.010801,1.036338,1.115252
500,0.000000,0.300000,0.3,0.7,0.0,22,1.084283,1.036771,0.956182,1.098731,1.050245,0.000021,1.207189,0.000011,1.103004,0.918730,0.989570,1.064617,1.010801,1.032072,1.110342
500,0.000000,0.300000,0.3,0.7,0.0,23,1.084283,1.036674,0.956092,1.098731,1.050165,0.000021,1.207189,0.000011,1.102836,0.918730,0.983895,1.057974,1.010801,1.028166,1.105578
500,0.000000,0.300000,0.3,0.7,0.0,24,1.084283,1.036551,0.955979,1.098731,1.050010,0.000021,1.207189,0.000008,1.102513,0.918730,0.978537,1.051475,1.010801,1.024567,1.100937
500,0.000000,0.300000,0.3,0.7,0.0,25,1.084283,1.036673,0.956091,1.098731,1.050137,0.000021,1.207189,0.000009,1.102780,0.918730,0.973498,1.045122,1.010801,1.021283,1.096423
500,0.000000,0.300000,0.3,0.7,0.0,26,1.084283,1.036848,0.956252,1.098731,1.050282,0.000021,1.207189,0.000008,1.103084,0.918730,0.968738,1.038881,1.010801,1.018270,1.092000
500,0.000000,0.300000,0.3,0.7,0.0,27,1.084283,1.037255,0.956628,1.098731,1.050660,0.000021,1.207189,0.000009,1.103877,0.918730,0.964270,1.032781,1.010801,1.015545,1.087700
500,0.000000,0.300000,0.3,0.7,0.0,28,1.084283,1.037596,0.956942,1.098731,1.051045,0.000021,1.207189,0.000008,1.104688,0.918730,0.960067,1.026801,1.010801,1.013083,1.083502
500,0.000000,0.300000,0.3,0.7,0.0,29,1.084283,1.038405,0.957689,1.098731,1.051796,0.000021,1.207189,0.000007,1.106268,0.918730,0.956107,1.020926,1.010801,1.010860,1.079390
500,0.000000,0.300000,0.3,0.7,0.0,30,1.084283,1.038990,0.958228,1.098731,1.052384,0.000021,1.207189,0.000007,1.107504,0.918730,0.952398,1.015172,1.010801,1.008886,1.075383
500,0.000000,0.300000,0.3,0.7,0.0,31,1.084283,1.039848,0.959020,1.098731,1.053273,0.000021,1.207189,0.000007,1.109377,0.918730,0.948929,1.009536,1.010801,1.007152,1.071478
500,0.000000,0.300000,0.3,0.7,0.0,32,1.084283,1.040527,0.959646,1.098731,1.053940,0.000021,1.207189,0.000007,1.110782,0.918730,0.945669,1.003987,1.010801,1.005626,1.067641
500,0.000000,0.300000,0.3,0.7,0.0,33,1.084283,1.041536,0.960576,1.098731,1.054970,0.000021,1.207189,0.000006,1.112956,0.918730,0.942638,0.998559,1.010801,1.004330,1.063912
500,0.000000,0.300000,0.3,0.7,0.0,34,1.084283,1.042774,0.961717,1.098731,1.056216,0.000021,1.207189,0.000005,1.115587,0.918730,0.939816,0.993233,1.010801,1.003246,1.060268
500,0.000000,0.300000,0.3,0.7,0.0,35,1.084283,1.044207,0.963039,1.098731,1.057640,0.000021,1.207189,0.000006,1.118597,0.918730,0.937166,0.987952,1.010801,1.002334,1.056652
500,0.000000,0.300000,0.3,0.7,0.0,36,1.084283,1.045151,0.963910,1.098731,1.058589,0.000021,1.207189,0.000005,1.120606,0.918730,0.934734,0.982802,1.010801,1.001645,1.053154
500,0.000000,0.300000,0.3,0.7,0.0,37,1.084283,1.046680,0.965320,1.098731,1.060137,0.000021,1.207189,0.000005,1.123885,0.918730,0.932489,0.977743,1.010801,1.001146,1.049732
500,0.000000,0.300000,0.3,0.7,0.0,38,1.084283,1.048339,0.966850,1.098731,1.061809,0.000021,1.207189,0.000004,1.127435,0.918730,0.930420,0.972756,1.010801,1.000828,1.046367
500,0.000000,0.300000,0.3,0.7,0.0,39,1.084283,1.050092,0.968467,1.098731,1.063564,0.000021,1.207189,0.000004,1.131164,0.918730,0.928535,0.967865,1.010801,1.000699,1.043086
500,0.000000,0.300000,0.3,0.7,0.0,40,1.084283,1.051847,0.970086,1.098731,1.065333,0.000021,1.207189,0.000003,1.134932,0.918730,0.926820,0.963040,1.010801,1.000746,1.039855
500,0.000000,0.300000,0.3,0.7,0.0,41,1.084283,1.053491,0.971602,1.098731,1.067009,0.000021,1.207189,0.000004,1.138505,0.918730,0.925279,0.958307,1.010801,1.000975,1.036705
500,0.000000,0.300000,0.3,0.7,0.0,42,1.084283,1.055330,0.973297,1.098731,1.068851,0.000021,1.207189,0.000003,1.142440,0.918730,0.923901,0.953637,1.010801,1.001374,1.033603
500,0.000000,0.300000,0.3,0.7,0.0,43,1.084283,1.057494,0.975294,1.098731,1.071035,0.000021,1.207189,0.000002,1.147113,0.918730,0.922691,0.949042,1.010801,1.001949,1.030564
500,0.000000,0.300000,0.3,0.7,0.0,44,1.084283,1.059572,0.977210,1.098731,1.073142,0.000021,1.207189,0.000002,1.151632,0.918730,0.921641,0.944505,1.010801,1.002694,1.027568
500,0.000000,0.300000,0.3,0.7,0.0,45,1.084283,1.061769,0.979236,1.098731,1.075368,0.000021,1.207189,0.000002,1.156415,0.918730,0.920758,0.940058,1.010801,1.003616,1.024653
500,0.000000,0.300000,0.3,0.7,0.0,46,1.084283,1.064118,0.981403,1.098731,1.077739,0.000021,1.207189,0.000002,1.161519,0.918730,0.920032,0.935670,1.010801,1.004707,1.021784
500,0.000000,0.300000,0.3,0.7,0.0,47,1.084283,1.066562,0.983657,1.098731,1.080221,0.000021,1.207189,0.000002,1.166876,0.918730,0.919466,0.931338,1.010801,1.005969,1.018958
500,0.000000,0.300000,0.3,0.7,0.0,48,1.084283,1.069094,0.985992,1.098731,1.082790,0.000021,1.207189,0.000001,1.172433,0.918730,0.919060,0.927073,1.010801,1.007405,1.016188
500,0.000000,0.300000,0.3,0.7,0.0,49,1.084283,1.071743,0.988435,1.098731,1.085466,0.000021,1.207189,0.000001,1.178236,0.918730,0.918815,0.922871,1.010801,1.009015,1.013469
500,0.000000,0.300000,0.3,0.7,0.0,50,1.084283,1.074500,0.990978,1.098731,1.088264,0.000021,1.207189,0.000001,1.184318,0.918730,nan,nan,1.010801,nan,nan
500,0.000000,0.300000,0.7,0.3,0.0,2,1.055599,1.053801,0.998297,1.069865,1.068035,0.000213,1.144398,0.000210,1.140490,0.917026,1.117305,1.207926,1.008926,1.119590,1.210396
500,0.000000,0.300000,0.7,0.3,0.0,3,1.055599,1.051957,0.996550,1.069865,1.066143,0.000213,1.144398,0.000203,1.136458,0.917026,1.107850,1.173528,1.008926,1.112382,1.178329
500,0.000000,0.300000,0.7,0.3,0.0,4,1.055599,1.050147,0.994835,1.069865,1.064329,0.000213,1.144398,0.000199,1.132598,0.917026,1.098392,1.153733,1.008926,1.105131,1.160812
500,0.000000,0.300000,0.7,0.3,0.0,5,1.055599,1.048378,0.993160,1.069865,1.062494,0.000213,1.144398,0.000194,1.128700,0.917026,1.089152,1.139802,1.008926,1.098063,1.149127
500,0.000000,0.300000,0.7,0.3,0.0,6,1.055599,1.046548,0.991426,1.069865,1.060668,0.000213,1.144398,0.000188,1.124829,0.917026,1.080170,1.128809,1.008926,1.091216,1.140353
500,0.000000,0.300000,0.7,0.3,0.0,7,1.055599,1.045179,0.990130,1.069865,1.059263,0.000213,1.144398,0.000179,1.121859,0.917026,1.071513,1.119540,1.008926,1.084662,1.133278
500,0.000000,0.300000,0.7,0.3,0.0,8,1.055599,1.043741,0.988767,1.069865,1.057780,0.000213,1.144398,0.000174,1.118725,0.917026,1.063178,1.111364,1.008926,1.078399,1.127275
500,0.000000,0.300000,0.7,0.3,0.0,9,1.055599,1.042537,0.987626,1.069865,1.056546,0.000213,1.144398,0.000169,1.116119,0.917026,1.055129,1.103911,1.008926,1.072393,1.121973
500,0.000000,0.300000,0.7,0.3,0.0,10,1.055599,1.041294,0.986449,1.069865,1.055307,0.000213,1.144398,0.000165,1.113508,0.917026,1.047408,1.097007,1.008926,1.066687,1.117200
500,0.000000,0.300000,0.7,0.3,0.0,11,1.055599,1.040239,0.985449,1.069865,1.054231,0.000213,1.144398,0.000162,1.111240,0.917026,1.039978,1.090499,1.008926,1.061248,1.112803
500,0.000000,0.300000,0.7,0.3,0.0,12,1.055599,1.039353,0.984610,1.069865,1.053299,0.000213,1.144398,0.000156,1.109283,0.917026,1.032825,1.084297,1.008926,1.056061,1.108691
500,0.000000,0.300000,0.7,0.3,0.0,13,1.055599,1.038408,0.983714,1.069865,1.052356,0.000213,1.144398,0.000152,1.107302,0.917026,1.025961,1.078345,1.008926,1.051141,1.104810
500,0.000000,0.300000,0.7,0.3,0.0,14,1.055599,1.037620,0.982968,1.069865,1.051552,0.000213,1.144398,0.000150,1.105612,0.917026,1.019386,1.072610,1.008926,1.046489,1.101129
500,0.000000,0.300000,0.7,0.3,0.0,15,1.055599,1.036912,0.982297,1.069865,1.050813,0.000213,1.144398,0.000144,1.104063,0.917026,1.013069,1.067042,1.008926,1.042076,1.097595
500,0.000000,0.300000,0.7,0.3,0.0,16,1.055599,1.036436,0.981847,1.069865,1.050340,0.000213,1.144398,0.000140,1.103075,0.917026,1.007002,1.061615,1.008926,1.037895,1.094183
500,0.000000,0.300000,0.7,0.3,0.0,17,1.055599,1.036045,0.981476,1.069865,1.049918,0.000213,1.144398,0.000133,1.102195,0.917026,1.001193,1.056327,1.008926,1.033955,1.090893
500,0.000000,0.300000,0.7,0.3,0.0,18,1.055599,1.035656,0.981108,1.069865,1.049508,0.000213,1.144398,0.000133,1.101335,0.917026,0.995640,1.051157,1.008926,1.030257,1.087704
500,0.000000,0.300000,0.7,0.3,0.0,19,1.055599,1.035389,0.980855,1.069865,1.049219,0.000213,1.144398,0.000125,1.100735,0.917026,0.990331,1.046095,1.008926,1.026789,1.084606
500,0.000000,0.300000,0.7,0.3,0.0,20,1.055599,1.035282,0.980754,1.069865,1.049128,0.000213,1.144398,0.000124,1.100545,0.917026,0.985226,1.041104,1.008926,1.023511,1.081561
500,0.000000,0.300000,0.7,0.3,0.0,21,1.055599,1.035217,0.980692,1.069865,1.049020,0.000213,1.144398,0.000123,1.100319,0.917026,0.980364,1.036217,1.008926,1.020465,1.078603
500,0.000000,0.300000,0.7,0.3,0.0,22,1.055599,1.035313,0.980783,1.069865,1.049134,0.000213,1.144398,0.000117,1.100565,0.917026,0.975717,1.031402,1.008926,1.017624,1.075701
500,0.000000,0.300000,0.7,0.3,0.0,23,1.055599,1.035432,0.980895,1.069865,1.049232,0.000213,1.144398,0.000113,1.100775,0.917026,0.971283,1.026661,1.008926,1.014986,1.072856
500,0.000000,0.300000,0.7,0.3,0.0,24,1.055599,1.035717,0.981166,1.069865,1.049480,0.000213,1.144398,0.000108,1.101299,0.917026,0.967056,1.021991,1.008926,1.012547,1.070065
500,0.000000,0.300000,0.7,0.3,0.0,25,1.055599,1.036174,0.981599,1.069865,1.049927,0.000213,1.144398,0.000110,1.102236,0.917026,0.963030,1.017377,1.008926,1.010301,1.067315
500,0.000000,0.300000,0.7,0.3,0.0,26,1.055599,1.036516,0.981923,1.069865,1.050285,0.000213,1.144398,0.000104,1.102995,0.917026,0.959203,1.012833,1.008926,1.008247,1.064620
500,0.000000,0.300000,0.7,0.3,0.0,27,1.055599,1.037037,0.982416,1.069865,1.050777,0.000213,1.144398,0.000103,1.104029,0.917026,0.955574,1.008352,1.008926,1.006387,1.061972
500,0.000000,0.300000,0.7,0.3,0.0,28,1.055599,1.037517,0.982871,1.069865,1.051268,0.000213,1.144398,0.000100,1.105064,0.917026,0.952123,1.003913,1.008926,1.004700,1.059350
500,0.000000,0.300000,0.7,0.3,0.0,29,1.055599,1.038322,0.983633,1.069865,1.052050,0.000213,1.144398,0.000098,1.106710,0.917026,0.948853,0.999525,1.008926,1.003190,1.056764
500,0.000000,0.300000,0.7,0.3,0.0,30,1.055599,1.038901,0.984182,1.069865,1.052602,0.000213,1.144398,0.000095,1.107876,0.917026,0.945775,0.995207,1.008926,1.001870,1.054234
500,0.000000,0.300000,0.7,0.3,0.0,31,1.055599,1.039816,0.985049,1.069865,1.053529,0.000213,1.144398,0.000091,1.109832,0.917026,0.942852,0.990908,1.008926,1.000702,1.051707
500,0.000000,0.300000,0.7,0.3,0.0,32,1.055599,1.040970,0.986142,1.069865,1.054670,0.000213,1.144398,0.000088,1.112240,0.917026,0.940114,0.986670,1.008926,0.999718,1.049226
500,0.000000,0.300000,0.7,0.3,0.0,33,1.055599,1.041870,0.986995,1.069865,1.055554,0.000213,1.144398,0.000085,1.114109,0.917026,0.937546,0.982489,1.008926,0.998906,1.046790
500,0.000000,0.300000,0.7,0.3,0.0,34,1.055599,1.042875,0.987946,1.069865,1.056561,0.000213,1.144398,0.000084,1.116237,0.917026,0.935129,0.978324,1.008926,0.998242,1.044353
500,0.000000,0.300000,0.7,0.3,0.0,35,1.055599,1.044140,0.989145,1.069865,1.057817,0.000213,1.144398,0.000084,1.118893,0.917026,0.932886,0.974224,1.008926,0.997756,1.041969
500,0.000000,0.300000,0.7,0.3,0.0,36,1.055599,1.045495,0.990429,1.069865,1.059150,0.000213,1.144398,0.000079,1.121721,0.917026,0.930799,0.970162,1.008926,0.997428,1.039608
500,0.000000,0.300000,0.7,0.3,0.0,37,1.055599,1.046867,0.991728,1.069865,1.060531,0.000213,1.144398,0.000078,1.124648,0.917026,0.928860,0.966124,1.008926,0.997250,1.037258
500,0.000000,0.300000,0.7,0.3,0.0,38,1.055599,1.048308,0.993093,1.069865,1.061948,0.000213,1.144398,0.000075,1.127658,0.917026,0.927089,0.962151,1.008926,0.997245,1.034959
500,0.000000,0.300000,0.7,0.3,0.0,39,1.055599,1.049711,0.994423,1.069865,1.063359,0.000213,1.144398,0.000076,1.130656,0.917026,0.925463,0.958205,1.008926,0.997388,1.032675
500,0.000000,0.300000,0.7,0.3,0.0,40,1.055599,1.051380,0.996003,1.069865,1.064998,0.000213,1.144398,0.000073,1.134147,0.917026,0.923984,0.954297,1.008926,0.997684,1.030414
500,0.000000,0.300000,0.7,0.3,0.0,41,1.055599,1.053003,0.997541,1.069865,1.066653,0.000213,1.144398,0.000069,1.137679,0.917026,0.922651,0.950418,1.008926,0.998132,1.028170
500,0.000000,0.300000,0.7,0.3,0.0,42,1.055599,1.054794,0.999237,1.069865,1.068429,0.000213,1.144398,0.000070,1.141470,0.917026,0.921463,0.946576,1.008926,0.998731,1.025949
500,0.000000,0.300000,0.7,0.3,0.0,43,1.055599,1.056623,1.000971,1.069865,1.070241,0.000213,1.144398,0.000067,1.145349,0.917026,0.920420,0.942772,1.008926,0.999483,1.023755
500,0.000000,0.300000,0.7,0.3,0.0,44,1.055599,1.058689,1.002928,1.069865,1.072306,0.000213,1.144398,0.000065,1.149775,0.917026,0.919519,0.939003,1.008926,1.000385,1.021582
500,0.000000,0.300000,0.7,0.3,0.0,45,1.055599,1.060613,1.004750,1.069865,1.074226,0.000213,1.144398,0.000065,1.153897,0.917026,0.918758,0.935263,1.008926,1.001436,1.019427
500,0.000000,0.300000,0.7,0.3,0.0,46,1.055599,1.062702,1.006729,1.069865,1.076311,0.000213,1.144398,0.000062,1.158383,0.917026,0.918135,0.931551,1.008926,1.002635,1.017286
500,0.000000,0.300000,0.7,0.3,0.0,47,1.055599,1.064945,1.008854,1.069865,1.078552,0.000213,1.144398,0.000061,1.163214,0.917026,0.917652,0.927880,1.008926,1.003985,1.015175
500,0.000000,0.300000,0.7,0.3,0.0,48,1.055599,1.067172,1.010963,1.069865,1.080770,0.000213,1.144398,0.000060,1.168003,0.917026,0.917306,0.924229,1.008926,1.005482,1.013070
500,0.000000,0.300000,0.7,0.3,0.0,49,1.055599,1.069506,1.013174,1.069865,1.083111,0.000213,1.144398,0.000059,1.173072,0.917026,0.917098,0.920613,1.008926,1.007129,1.010990
500,0.000000,0.300000,0.7,0.3,0.0,50,1.055599,1.071949,1.015489,1.069865,1.085548,0.000213,1.144398,0.000057,1.178357,0.917026,nan,nan,1.008926,nan,nan
500,0.000000,0.500000,0.3,0.7,0.0,2,1.211269,1.205265,0.995043,1.228844,1.222672,0.000007,1.510051,0.000005,1.494922,1.000386,1.518100,1.653654,1.100639,1.521205,1.657036
500,0.000000,0.500000,0.3,0.7,0.0,3,1.211269,1.197490,0.988625,1.228844,1.214676,0.000007,1.510051,0.000002,1.475435,1.000386,1.488910,1.598274,1.100639,1.495000,1.604811
500,0.000000,0.500000,0.3,0.7,0.0,4,1.211269,1.189653,0.982155,1.228844,1.206623,0.000007,1.510051,0.000001,1.455938,1.000386,1.459520,1.562243,1.100639,1.468475,1.571828
500,0.000000,0.500000,0.3,0.7,0.0,5,1.211269,1.182179,0.975984,1.228844,1.198968,0.000007,1.510051,0.000000,1.437525,1.000386,1.431074,1.534095,1.100639,1.442781,1.546645
500,0.000000,0.500000,0.3,0.7,0.0,6,1.211269,1.174788,0.969882,1.228844,1.191359,0.000007,1.510051,0.000000,1.419336,1.000386,1.404005,1.510115,1.100639,1.418363,1.525558
500,0.000000,0.500000,0.3,0.7,0.0,7,1.211269,1.167977,0.964259,1.228844,1.184423,0.000007,1.510051,0.000002,1.402856,1.000386,1.378318,1.488636,1.100639,1.395232,1.506904
500,0.000000,0.500000,0.3,0.7,0.0,8,1.211269,1.161732,0.959104,1.228844,1.177950,0.000007,1.510051,0.000003,1.387563,1.000386,1.354055,1.468869,1.100639,1.373441,1.489898
500,0.000000,0.500000,0.3,0.7,0.0,9,1.211269,1.155705,0.954128,1.228844,1.171740,0.000007,1.510051,0.000007,1.372967,1.000386,1.331089,1.450316,1.100639,1.352868,1.474046
500,0.000000,0.500000,0.3,0.7,0.0,10,1.211269,1.149888,0.949325,1.228844,1.165859,0.000007,1.510051,0.000012,1.359215,1.000386,1.309400,1.432722,1.100639,1.333502,1.459095
500,0.000000,0.500000,0.3,0.7,0.0,11,1.211269,1.144508,0.944883,1.228844,1.160285,0.000007,1.510051,0.000015,1.346247,1.000386,1.288927,1.415914,1.100639,1.315289,1.444873
500,0.000000,0.500000,0.3,0.7,0.0,12,1.211269,1.139631,0.940858,1.228844,1.155286,0.000007,1.510051,0.000021,1.334666,1.000386,1.269655,1.399814,1.100639,1.298219,1.431306
500,0.000000,0.500000,0.3,0.7,0.0,13,1.211269,1.134818,0.936884,1.228844,1.150385,0.000007,1.510051,0.000027,1.323359,1.000386,1.251378,1.384217,1.100639,1.282090,1.418190
500,0.000000,0.500000,0.3,0.7,0.0,14,1.211269,1.130787,0.933556,1.228844,1.146158,0.000007,1.510051,0.000033,1.313644,1.000386,1.234194,1.369172,1.100639,1.267008,1.405575
500,0.000000,0.500000,0.3,0.7,0.0,15,1.211269,1.126692,0.930175,1.228844,1.141983,0.000007,1.510051,0.000041,1.304085,1.000386,1.217980,1.354590,1.100639,1.252855,1.393376
500,0.000000,0.500000,0.3,0.7,0.0,16,1.211269,1.122785,0.926950,1.228844,1.137935,0.000007,1.510051,0.000046,1.294849,1.000386,1.202562,1.340327,1.100639,1.239454,1.381446
500,0.000000,0.500000,0.3,0.7,0.0,17,1.211269,1.119371,0.924131,1.228844,1.134395,0.000007,1.510051,0.000059,1.286793,1.000386,1.188088,1.326522,1.100639,1.226966,1.369930
500,0.000000,0.500000,0.3,0.7,0.0,18,1.211269,1.116329,0.921619,1.228844,1.131261,0.000007,1.510051,0.000066,1.279685,1.000386,1.174447,1.313096,1.100639,1.215281,1.358750
500,0.000000,0.500000,0.3,0.7,0.0,19,1.211269,1.113611,0.919376,1.228844,1.128491,0.000007,1.510051,0.000074,1.273417,1.000386,1.161524,1.299948,1.100639,1.204284,1.347805
500,0.000000,0.500000,0.3,0.7,0.0,20,1.211269,1.110878,0.917119,1.228844,1.125650,0.000007,1.510051,0.000085,1.267003,1.000386,1.149349,1.287142,1.100639,1.194011,1.337159
500,0.000000,0.500000,0.3,0.7,0.0,21,1.211269,1.108571,0.915215,1.228844,1.123262,0.000007,1.510051,0.000090,1.261628,1.000386,1.137825,1.274604,1.100639,1.184366,1.326741
500,0.000000,0.500000,0.3,0.7,0.0,22,1.211269,1.106798,0.913751,1.228844,1.121403,0.000007,1.510051,0.000101,1.257444,1.000386,1.126993,1.262377,1.100639,1.175396,1.316595
500,0.000000,0.500000,0.3,0.7,0.0,23,1.211269,1.104708,0.912026,1.228844,1.119246,0.000007,1.510051,0.000111,1.252601,1.000386,1.116729,1.250375,1.100639,1.166976,1.306635
500,0.000000,0.500000,0.3,0.7,0.0,24,1.211269,1.103091,0.910691,1.228844,1.117543,0.000007,1.510051,0.000123,1.248780,1.000386,1.107109,1.238685,1.100639,1.159187,1.296952
500,0.000000,0.500000,0.3,0.7,0.0,25,1.211269,1.101548,0.909417,1.228844,1.115929,0.000007,1.510051,0.000138,1.245159,1.000386,1.098022,1.227216,1.100639,1.151918,1.287454
500,0.000000,0.500000,0.3,0.7,0.0,26,1.211269,1.100380,0.908453,1.228844,1.114672,0.000007,1.510051,0.000140,1.242353,1.000386,1.089470,1.215989,1.100639,1.145175,1.278163
500,0.000000,0.500000,0.3,0.7,0.0,27,1.211269,1.099235,0.907507,1.228844,1.113454,0.000007,1.510051,0.000155,1.239626,1.000386,1.081423,1.204992,1.100639,1.138928,1.269068
500,0.000000,0.500000,0.3,0.7,0.0,28,1.211269,1.098651,0.907025,1.228844,1.112841,0.000007,1.510051,0.000166,1.238249,1.000386,1.073885,1.194235,1.100639,1.133186,1.260182
500,0.000000,0.500000,0.3,0.7,0.0,29,1.211269,1.098184,0.906640,1.228844,1.112306,0.000007,1.510051,0.000186,1.237040,1.000386,1.066768,1.183639,1.100639,1.127857,1.251421
500,0.000000,0.500000,0.3,0.7,0.0,30,1.211269,1.097855,0.906368,1.228844,1.111937,0.000007,1.510051,0.000188,1.236216,1.000386,1.060127,1.173300,1.100639,1.123004,1.242890
500,0.000000,0.500000,0.3,0.7,0.0,31,1.211269,1.097607,0.906163,1.228844,1.111679,0.000007,1.510051,0.000204,1.235627,1.000386,1.053880,1.163109,1.100639,1.118542,1.234473
500,0.000000,0.500000,0.3,0.7,0.0,32,1.211269,1.097609,0.906165,1.228844,1.111600,0.000007,1.510051,0.000219,1.235435,1.000386,1.048073,1.153155,1.100639,1.114522,1.226267
500,0.000000,0.500000,0.3,0.7,0.0,33,1.211269,1.097946,0.906443,1.228844,1.111883,0.000007,1.510051,0.000229,1.236055,1.000386,1.042637,1.143359,1.100639,1.110873,1.218189
500,0.000000,0.500000,0.3,0.7,0.0,34,1.211269,1.098279,0.906718,1.228844,1.112159,0.000007,1.510051,0.000247,1.236650,1.000386,1.037571,1.133724,1.100639,1.107599,1.210241
500,0.000000,0.500000,0.3,0.7,0.0,35,1.211269,1.098630,0.907007,1.228844,1.112493,0.000007,1.510051,0.000258,1.237383,1.000386,1.032889,1.124299,1.100639,1.104713,1.202479
500,0.000000,0.500000,0.3,0.7,0.0,36,1.211269,1.099419,0.907659,1.228844,1.113287,0.000007,1.510051,0.000264,1.239144,1.000386,1.028564,1.115040,1.100639,1.102190,1.194857
500,0.000000,0.500000,0.3,0.7,0.0,37,1.211269,1.100326,0.908408,1.228844,1.114129,0.000007,1.510051,0.000286,1.240997,1.000386,1.024571,1.105934,1.100639,1.100007,1.187361
500,0.000000,0.500000,0.3,0.7,0.0,38,1.211269,1.101500,0.909377,1.228844,1.115308,0.000007,1.510051,0.000293,1.243618,1.000386,1.020908,1.096979,1.100639,1.098162,1.179990
500,0.000000,0.500000,0.3,0.7,0.0,39,1.211269,1.102470,0.910178,1.228844,1.116273,0.000007,1.510051,0.000310,1.245755,1.000386,1.017566,1.088181,1.100639,1.096649,1.172752
500,0.000000,0.500000,0.3,0.7,0.0,40,1.211269,1.103940,0.911391,1.228844,1.117740,0.000007,1.510051,0.000321,1.249022,1.000386,1.014539,1.079529,1.100639,1.095462,1.165635
500,0.000000,0.500000,0.3,0.7,0.0,41,1.211269,1.105746,0.912882,1.228844,1.119501,0.000007,1.510051,0.000342,1.252942,1.000386,1.011824,1.071038,1.100639,1.094599,1.158658
500,0.000000,0.500000,0.3,0.7,0.0,42,1.211269,1.107674,0.914474,1.228844,1.121409,0.000007,1.510051,0.000346,1.257211,1.000386,1.009406,1.062666,1.100639,1.094048,1.151774
500,0.000000,0.500000,0.3,0.7,0.0,43,1.211269,1.109590,0.916056,1.228844,1.123343,0.000007,1.510051,0.000372,1.261526,1.000386,1.007283,1.054450,1.100639,1.093807,1.145026
500,0.000000,0.500000,0.3,0.7,0.0,44,1.211269,1.111701,0.917799,1.228844,1.125438,0.000007,1.510051,0.000385,1.266227,1.000386,1.005448,1.046342,1.100639,1.093871,1.138362
500,0.000000,0.500000,0.3,0.7,0.0,45,1.211269,1.113982,0.919682,1.228844,1.127719,0.000007,1.510051,0.000400,1.271351,1.000386,1.003906,1.038392,1.100639,1.094246,1.131836
500,0.000000,0.500000,0.3,0.7,0.0,46,1.211269,1.116632,0.921870,1.228844,1.130381,0.000007,1.510051,0.000415,1.277346,1.000386,1.002641,1.030545,1.100639,1.094919,1.125390
500,0.000000,0.500000,0.3,0.7,0.0,47,1.211269,1.119169,0.923965,1.228844,1.132928,0.000007,1.510051,0.000425,1.283101,1.000386,1.001661,1.022841,1.100639,1.095896,1.119069
500,0.000000,0.500000,0.3,0.7,0.0,48,1.211269,1.121984,0.926288,1.228844,1.135749,0.000007,1.510051,0.000442,1.289483,1.000386,1.000957,1.015235,1.100639,1.097174,1.112823
500,0.000000,0.500000,0.3,0.7,0.0,49,1.211269,1.125042,0.928813,1.228844,1.138818,0.000007,1.510051,0.000460,1.296446,1.000386,1.000532,1.007753,1.100639,1.098754,1.106684
500,0.000000,0.500000,0.3,0.7,0.0,50,1.211269,1.128295,0.931499,1.228844,1.142084,0.000007,1.510051,0.000478,1.303877,1.000386,nan,nan,1.100639,nan,nan
500,0.000000,0.500000,0.7,0.3,0.0,2,1.129432,1.126693,0.997575,1.145102,1.142286,0.000360,1.310898,0.000347,1.304470,0.992830,1.286371,1.492695,1.092326,1.289002,1.495748
500,0.000000,0.500000,0.7,0.3,0.0,3,1.129432,1.123287,0.994559,1.145102,1.138883,0.000360,1.310898,0.000354,1.296701,0.992830,1.272845,1.416702,1.092326,1.278052,1.422497
500,0.000000,0.500000,0.7,0.3,0.0,4,1.129432,1.120168,0.991797,1.145102,1.135716,0.000360,1.310898,0.000352,1.289500,0.992830,1.259357,1.375020,1.092326,1.267084,1.383457
500,0.000000,0.500000,0.7,0.3,0.0,5,1.129432,1.117187,0.989158,1.145102,1.132666,0.000360,1.310898,0.000354,1.282579,0.992830,1.246120,1.347038,1.092326,1.256315,1.358058
500,0.000000,0.500000,0.7,0.3,0.0,6,1.129432,1.114264,0.986570,1.145102,1.129684,0.000360,1.310898,0.000352,1.275835,0.992830,1.233312,1.326020,1.092326,1.245925,1.339581
500,0.000000,0.500000,0.7,0.3,0.0,7,1.129432,1.111440,0.984070,1.145102,1.126830,0.000360,1.310898,0.000342,1.269403,0.992830,1.220934,1.308976,1.092326,1.235917,1.325039
500,0.000000,0.500000,0.7,0.3,0.0,8,1.129432,1.108824,0.981753,1.145102,1.124159,0.000360,1.310898,0.000359,1.263375,0.992830,1.208954,1.294416,1.092326,1.226262,1.312947
500,0.000000,0.500000,0.7,0.3,0.0,9,1.129432,1.106056,0.979303,1.145102,1.121367,0.000360,1.310898,0.000353,1.257112,0.992830,1.197327,1.281496,1.092326,1.216918,1.302463
500,0.000000,0.500000,0.7,0.3,0.0,10,1.129432,1.103677,0.977196,1.145102,1.118935,0.000360,1.310898,0.000358,1.251656,0.992830,1.186194,1.269842,1.092326,1.208028,1.293216
500,0.000000,0.500000,0.7,0.3,0.0,11,1.129432,1.101554,0.975316,1.145102,1.116736,0.000360,1.310898,0.000354,1.246746,0.992830,1.175434,1.259049,1.092326,1.199475,1.284799
500,0.000000,0.500000,0.7,0.3,0.0,12,1.129432,1.099524,0.973519,1.145102,1.114654,0.000360,1.310898,0.000345,1.242109,0.992830,1.165075,1.248940,1.092326,1.191287,1.277038
500,0.000000,0.500000,0.7,0.3,0.0,13,1.129432,1.097302,0.971551,1.145102,1.112455,0.000360,1.310898,0.000351,1.237206,0.992830,1.155075,1.239345,1.092326,1.183424,1.269762
500,0.000000,0.500000,0.7,0.3,0.0,14,1.129432,1.095702,0.970135,1.145102,1.110823,0.000360,1.310898,0.000345,1.233582,0.992830,1.145522,1.230236,1.092326,1.175979,1.262945
500,0.000000,0.500000,0.7,0.3,0.0,15,1.129432,1.093855,0.968500,1.145102,1.108923,0.000360,1.310898,0.000348,1.229363,0.992830,1.136296,1.221448,1.092326,1.168832,1.256422
500,0.000000,0.500000,0.7,0.3,0.0,16,1.129432,1.092158,0.966997,1.145102,1.107179,0.000360,1.310898,0.000346,1.225500,0.992830,1.127419,1.212950,1.092326,1.162007,1.250162
500,0.000000,0.500000,0.7,0.3,0.0,17,1.129432,1.090855,0.965844,1.145102,1.105871,0.000360,1.310898,0.000352,1.222600,0.992830,1.118898,1.204723,1.092326,1.155512,1.244146
500,0.000000,0.500000,0.7,0.3,0.0,18,1.129432,1.089631,0.964760,1.145102,1.104604,0.000360,1.310898,0.000349,1.219801,0.992830,1.110705,1.196688,1.092326,1.149322,1.238296
500,0.000000,0.500000,0.7,0.3,0.0,19,1.129432,1.088424,0.963691,1.145102,1.103420,0.000360,1.310898,0.000341,1.217195,0.992830,1.102841,1.188851,1.092326,1.143441,1.232618
500,0.000000,0.500000,0.7,0.3,0.0,20,1.129432,1.087250,0.962652,1.145102,1.102170,0.000360,1.310898,0.000347,1.214431,0.992830,1.095331,1.181211,1.092326,1.137895,1.227113
500,0.000000,0.500000,0.7,0.3,0.0,21,1.129432,1.086324,0.961832,1.145102,1.101191,0.000360,1.310898,0.000346,1.212274,0.992830,1.088153,1.173736,1.092326,1.132663,1.221748
500,0.000000,0.500000,0.7,0.3,0.0,22,1.129432,1.085623,0.961211,1.145102,1.100463,0.000360,1.310898,0.000352,1.210667,0.992830,1.081235,1.166353,1.092326,1.127674,1.216448
500,0.000000,0.500000,0.7,0.3,0.0,23,1.129432,1.084855,0.960532,1.145102,1.099688,0.000360,1.310898,0.000346,1.208969,0.992830,1.074639,1.159120,1.092326,1.122992,1.211274
500,0.000000,0.500000,0.7,0.3,0.0,24,1.129432,1.084518,0.960232,1.145102,1.099350,0.000360,1.310898,0.000343,1.208228,0.992830,1.068374,1.152034,1.092326,1.118630,1.206226
500,0.000000,0.500000,0.7,0.3,0.0,25,1.129432,1.083825,0.959620,1.145102,1.098647,0.000360,1.310898,0.000346,1.206679,0.992830,1.062355,1.145011,1.092326,1.114501,1.201214
500,0.000000,0.500000,0.7,0.3,0.0,26,1.129432,1.083693,0.959502,1.145102,1.098495,0.000360,1.310898,0.000348,1.206344,0.992830,1.056626,1.138094,1.092326,1.110652,1.196285
500,0.000000,0.500000,0.7,0.3,0.0,27,1.129432,1.083656,0.959469,1.145102,1.098411,0.000360,1.310898,0.000346,1.206161,0.992830,1.051202,1.131306,1.092326,1.107101,1.191464
500,0.000000,0.500000,0.7,0.3,0.0,28,1.129432,1.083444,0.959282,1.145102,1.098228,0.000360,1.310898,0.000343,1.205762,0.992830,1.046021,1.124571,1.092326,1.103783,1.186671
500,0.000000,0.500000,0.7,0.3,0.0,29,1.129432,1.083476,0.959310,1.145102,1.098213,0.000360,1.310898,0.000341,1.205732,0.992830,1.041116,1.117933,1.092326,1.100736,1.181953
500,0.000000,0.500000,0.7,0.3,0.0,30,1.129432,1.083678,0.959489,1.145102,1.098424,0.000360,1.310898,0.000343,1.206193,0.992830,1.036464,1.111357,1.092326,1.097937,1.177273
500,0.000000,0.500000,0.7,0.3,0.0,31,1.129432,1.083996,0.959770,1.145102,1.098709,0.000360,1.310898,0.000342,1.206820,0.992830,1.032088,1.104892,1.092326,1.095413,1.172685
500,0.000000,0.500000,0.7,0.3,0.0,32,1.129432,1.084351,0.960085,1.145102,1.099079,0.000360,1.310898,0.000344,1.207631,0.992830,1.027953,1.098473,1.092326,1.093127,1.168118
500,0.000000,0.500000,0.7,0.3,0.0,33,1.129432,1.084973,0.960636,1.145102,1.099683,0.000360,1.310898,0.000347,1.208956,0.992830,1.024064,1.092131,1.092326,1.091086,1.163607
500,0.000000,0.500000,0.7,0.3,0.0,34,1.129432,1.085599,0.961190,1.145102,1.100311,0.000360,1.310898,0.000334,1.210352,0.992830,1.020426,1.085856,1.092326,1.089296,1.159142
500,0.000000,0.500000,0.7,0.3,0.0,35,1.129432,1.086432,0.961927,1.145102,1.101116,0.000360,1.310898,0.000343,1.212113,0.992830,1.017011,1.079619,1.092326,1.087731,1.154693
500,0.000000,0.500000,0.7,0.3,0.0,36,1.129432,1.087313,0.962708,1.145102,1.102024,0.000360,1.310898,0.000343,1.214113,0.992830,1.013849,1.073478,1.092326,1.086422,1.150320
500,0.000000,0.500000,0.7,0.3,0.0,37,1.129432,1.088479,0.963739,1.145102,1.103160,0.000360,1.310898,0.000335,1.216627,0.992830,1.010911,1.067379,1.092326,1.085342,1.145968
500,0.000000,0.500000,0.7,0.3,0.0,38,1.129432,1.089519,0.964661,1.145102,1.104232,0.000360,1.310898,0.000338,1.218990,0.992830,1.008200,1.061325,1.092326,1.084494,1.141639
500,0.000000,0.500000,0.7,0.3,0.0,39,1.129432,1.090860,0.965848,1.145102,1.105567,0.000360,1.310898,0.000338,1.221939,0.992830,1.005727,1.055359,1.092326,1.083890,1.137379
500,0.000000,0.500000,0.7,0.3,0.0,40,1.129432,1.092162,0.967001,1.145102,1.106884,0.000360,1.310898,0.000342,1.224852,0.992830,1.003473,1.049431,1.092326,1.083514,1.133137
500,0.000000,0.500000,0.7,0.3,0.0,41,1.129432,1.093686,0.968350,1.145102,1.108399,0.000360,1.310898,0.000336,1.228213,0.992830,1.001438,1.043546,1.092326,1.083364,1.128917
500,0.000000,0.500000,0.7,0.3,0.0,42,1.129432,1.095346,0.969820,1.145102,1.110098,0.000360,1.310898,0.000338,1.231978,0.992830,0.999627,1.037730,1.092326,1.083449,1.124748
500,0.000000,0.500000,0.7,0.3,0.0,43,1.129432,1.097102,0.971375,1.145102,1.111843,0.000360,1.310898,0.000339,1.235856,0.992830,0.998030,1.031947,1.092326,1.083759,1.120591
500,0.000000,0.500000,0.7,0.3,0.0,44,1.129432,1.098943,0.973005,1.145102,1.113703,0.000360,1.310898,0.000336,1.239999,0.992830,0.996650,1.026222,1.092326,1.084299,1.116472
500,0.000000,0.500000,0.7,0.3,0.0,45,1.129432,1.100899,0.974736,1.145102,1.115664,0.000360,1.310898,0.000337,1.244368,0.992830,0.995484,1.020544,1.092326,1.085067,1.112382
500,0.000000,0.500000,0.7,0.3,0.0,46,1.129432,1.103038,0.976630,1.145102,1.117830,0.000360,1.310898,0.000338,1.249205,0.992830,0.994533,1.014921,1.092326,1.086064,1.108328
500,0.000000,0.500000,0.7,0.3,0.0,47,1.129432,1.105239,0.978579,1.145102,1.120053,0.000360,1.310898,0.000338,1.254180,0.992830,0.993790,1.009327,1.092326,1.087286,1.104284
500,0.000000,0.500000,0.7,0.3,0.0,48,1.129432,1.107609,0.980677,1.145102,1.122452,0.000360,1.310898,0.000338,1.259559,0.992830,0.993260,1.003789,1.092326,1.088737,1.100278
500,0.000000,0.500000,0.7,0.3,0.0,49,1.129432,1.110052,0.982841,1.145102,1.124923,0.000360,1.310898,0.000338,1.265114,0.992830,0.992940,0.998284,1.092326,1.090417,1.096286
500,0.000000,0.500000,0.7,0.3,0.0,50,1.129432,1.112635,0.985127,1.145102,1.127529,0.000360,1.310898,0.000338,1.270984,0.992830,nan,nan,1.092326,nan,nan
500,0.000000,0.100000,0.3,0.7,0.0,2,1.014201,1.012613,0.998434,1.028610,1.026977,0.000654,1.057385,0.000647,1.054034,0.911803,1.051613,1.070529,1.003181,1.053764,1.072719
500,0.000000,0.100000,0.3,0.7,0.0,3,1.014201,1.010615,0.996464,1.028610,1.024939,0.000654,1.057385,0.000635,1.049865,0.911803,1.041738,1.061206,1.003181,1.045999,1.065547
500,0.000000,0.100000,0.3,0.7,0.0,4,1.014201,1.008549,0.994426,1.028610,1.022793,0.000654,1.057385,0.000619,1.045486,0.911803,1.031971,1.053736,1.003181,1.038303,1.060201
500,0.000000,0.100000,0.3,0.7,0.0,5,1.014201,1.006784,0.992686,1.028610,1.020981,0.000654,1.057385,0.000610,1.041791,0.911803,1.022777,1.047104,1.003181,1.031144,1.055670
500,0.000000,0.100000,0.3,0.7,0.0,6,1.014201,1.005372,0.991294,1.028610,1.019509,0.000654,1.057385,0.000607,1.038791,0.911803,1.014271,1.041013,1.003181,1.024643,1.051658
500,0.000000,0.100000,0.3,0.7,0.0,7,1.014201,1.004118,0.990058,1.028610,1.018205,0.000654,1.057385,0.000592,1.036150,0.911803,1.006457,1.035324,1.003181,1.018808,1.048029
500,0.000000,0.100000,0.3,0.7,0.0,8,1.014201,1.002972,0.988928,1.028610,1.017040,0.000654,1.057385,0.000583,1.033787,0.911803,0.999266,1.029950,1.003181,1.013573,1.044696
500,0.000000,0.100000,0.3,0.7,0.0,9,1.014201,1.002113,0.988081,1.028610,1.016136,0.000654,1.057385,0.000578,1.031955,0.911803,0.992676,1.024861,1.003181,1.008918,1.041630
500,0.000000,0.100000,0.3,0.7,0.0,10,1.014201,1.001407,0.987385,1.028610,1.015409,0.000654,1.057385,0.000571,1.030486,0.911803,0.986615,1.020018,1.003181,1.004775,1.038794
500,0.000000,0.100000,0.3,0.7,0.0,11,1.014201,1.000875,0.986860,1.028610,1.014842,0.000654,1.057385,0.000564,1.029341,0.911803,0.981038,1.015397,1.003181,1.001103,1.036164
500,0.000000,0.100000,0.3,0.7,0.0,12,1.014201,1.000577,0.986566,1.028610,1.014534,0.000654,1.057385,0.000556,1.028723,0.911803,0.975885,1.010964,1.003181,0.997840,1.033708
500,0.000000,0.100000,0.3,0.7,0.0,13,1.014201,1.000248,0.986242,1.028610,1.014187,0.000654,1.057385,0.000548,1.028028,0.911803,0.971153,1.006738,1.003181,0.994988,1.031446
500,0.000000,0.100000,0.3,0.7,0.0,14,1.014201,1.000195,0.986190,1.028610,1.014116,0.000654,1.057385,0.000545,1.027885,0.911803,0.966755,1.002663,1.003181,0.992459,1.029321
500,0.000000,0.100000,0.3,0.7,0.0,15,1.014201,0.999990,0.985987,1.028610,1.013883,0.000654,1.057385,0.000536,1.027423,0.911803,0.962662,0.998726,1.003181,0.990226,1.027323
500,0.000000,0.100000,0.3,0.7,0.0,16,1.014201,1.000073,0.986070,1.028610,1.013959,0.000654,1.057385,0.000535,1.027578,0.911803,0.958903,0.994973,1.003181,0.988321,1.025497
500,0.000000,0.100000,0.3,0.7,0.0,17,1.014201,1.000161,0.986156,1.028610,1.014040,0.000654,1.057385,0.000529,1.027749,0.911803,0.955370,0.991318,1.003181,0.986633,1.023758
500,0.000000,0.100000,0.3,0.7,0.0,18,1.014201,1.000422,0.986414,1.028610,1.014321,0.000654,1.057385,0.000521,1.028327,0.911803,0.952108,0.987818,1.003181,0.985211,1.022163
500,0.000000,0.100000,0.3,0.7,0.0,19,1.014201,1.000726,0.986713,1.028610,1.014591,0.000654,1.057385,0.000520,1.028875,0.911803,0.949041,0.984407,1.003181,0.983979,1.020647
500,0.000000,0.100000,0.3,0.7,0.0,20,1.014201,1.001187,0.987168,1.028610,1.015061,0.000654,1.057385,0.000521,1.029828,0.911803,0.946195,0.981127,1.003181,0.982964,1.019253
500,0.000000,0.100000,0.3,0.7,0.0,21,1.014201,1.001517,0.987493,1.028610,1.015385,0.000654,1.057385,0.000511,1.030495,0.911803,0.943529,0.977943,1.003181,0.982123,1.017946
500,0.000000,0.100000,0.3,0.7,0.0,22,1.014201,1.002053,0.988022,1.028610,1.015940,0.000654,1.057385,0.000510,1.031623,0.911803,0.941028,0.974851,1.003181,0.981445,1.016720
500,0.000000,0.100000,0.3,0.7,0.0,23,1.014201,1.002587,0.988548,1.028610,1.016469,0.000654,1.057385,0.000507,1.032703,0.911803,0.938690,0.971855,1.003181,0.980926,1.015584
500,0.000000,0.100000,0.3,0.7,0.0,24,1.014201,1.003146,0.989099,1.028610,1.017047,0.000654,1.057385,0.000503,1.033881,0.911803,0.936490,0.968935,1.003181,0.980543,1.014514
500,0.000000,0.100000,0.3,0.7,0.0,25,1.014201,1.003676,0.989622,1.028610,1.017578,0.000654,1.057385,0.000494,1.034971,0.911803,0.934429,0.966102,1.003181,0.980296,1.013524
500,0.000000,0.100000,0.3,0.7,0.0,26,1.014201,1.004338,0.990275,1.028610,1.018244,0.000654,1.057385,0.000493,1.036328,0.911803,0.932494,0.963344,1.003181,0.980173,1.012601
500,0.000000,0.100000,0.3,0.7,0.0,27,1.014201,1.005134,0.991059,1.028610,1.019046,0.000654,1.057385,0.000495,1.037960,0.911803,0.930672,0.960649,1.003181,0.980162,1.011733
500,0.000000,0.100000,0.3,0.7,0.0,28,1.014201,1.005930,0.991844,1.028610,1.019855,0.000654,1.057385,0.000493,1.039611,0.911803,0.928969,0.958037,1.003181,0.980268,1.010941
500,0.000000,0.100000,0.3,0.7,0.0,29,1.014201,1.006737,0.992640,1.028610,1.020687,0.000654,1.057385,0.000487,1.041314,0.911803,0.927365,0.955479,1.003181,0.980471,1.010196
500,0.000000,0.100000,0.3,0.7,0.0,30,1.014201,1.007466,0.993358,1.028610,1.021415,0.000654,1.057385,0.000488,1.042801,0.911803,0.925851,0.952972,1.003181,0.980765,1.009494
500,0.000000,0.100000,0.3,0.7,0.0,31,1.014201,1.008415,0.994295,1.028610,1.022396,0.000654,1.057385,0.000484,1.044810,0.911803,0.924442,0.950538,1.003181,0.981162,1.008860
500,0.000000,0.100000,0.3,0.7,0.0,32,1.014201,1.009297,0.995164,1.028610,1.023292,0.000654,1.057385,0.000485,1.046641,0.911803,0.923116,0.948153,1.003181,0.981644,1.008268
500,0.000000,0.100000,0.3,0.7,0.0,33,1.014201,1.010490,0.996340,1.028610,1.024500,0.000654,1.057385,0.000479,1.049121,0.911803,0.921874,0.945814,1.003181,0.982208,1.007715
500,0.000000,0.100000,0.3,0.7,0.0,34,1.014201,1.011335,0.997174,1.028610,1.025369,0.000654,1.057385,0.000481,1.050901,0.911803,0.920714,0.943525,1.003181,0.982855,1.007206
500,0.000000,0.100000,0.3,0.7,0.0,35,1.014201,1.012565,0.998387,1.028610,1.026600,0.000654,1.057385,0.000476,1.053431,0.911803,0.919629,0.941282,1.003181,0.983578,1.006737
500,0.000000,0.100000,0.3,0.7,0.0,36,1.014201,1.013475,0.999284,1.028610,1.027542,0.000654,1.057385,0.000475,1.055367,0.911803,0.918621,0.939080,1.003181,0.984379,1.006302
500,0.000000,0.100000,0.3,0.7,0.0,37,1.014201,1.014676,1.000468,1.028610,1.028771,0.000654,1.057385,0.000469,1.057900,0.911803,0.917686,0.936920,1.003181,0.985253,1.005904
500,0.000000,0.100000,0.3,0.7,0.0,38,1.014201,1.015844,1.001620,1.028610,1.029942,0.000654,1.057385,0.000471,1.060309,0.911803,0.916823,0.934801,1.003181,0.986202,1.005540
500,0.000000,0.100000,0.3,0.7,0.0,39,1.014201,1.017110,1.002868,1.028610,1.031225,0.000654,1.057385,0.000464,1.062961,0.911803,0.916029,0.932716,1.003181,0.987221,1.005206
500,0.000000,0.100000,0.3,0.7,0.0,40,1.014201,1.018329,1.004070,1.028610,1.032473,0.000654,1.057385,0.000465,1.065535,0.911803,0.915306,0.930673,1.003181,0.988314,1.004907
500,0.000000,0.100000,0.3,0.7,0.0,41,1.014201,1.019670,1.005392,1.028610,1.033841,0.000654,1.057385,0.000461,1.068367,0.911803,0.914650,0.928655,1.003181,0.989477,1.004628
500,0.000000,0.100000,0.3,0.7,0.0,42,1.014201,1.021073,1.006775,1.028610,1.035271,0.000654,1.057385,0.000463,1.071323,0.911803,0.914061,0.926671,1.003181,0.990709,1.004377
500,0.000000,0.100000,0.3,0.7,0.0,43,1.014201,1.022372,1.008056,1.028610,1.036589,0.000654,1.057385,0.000455,1.074062,0.911803,0.913542,0.924728,1.003181,0.992015,1.004162
500,0.000000,0.100000,0.3,0.7,0.0,44,1.014201,1.023858,1.009521,1.028610,1.038090,0.000654,1.057385,0.000455,1.077177,0.911803,0.913087,0.922800,1.003181,0.993388,1.003955
500,0.000000,0.100000,0.3,0.7,0.0,45,1.014201,1.025286,1.010929,1.028610,1.039554,0.000654,1.057385,0.000453,1.080219,0.911803,0.912700,0.920902,1.003181,0.994834,1.003774
500,0.000000,0.100000,0.3,0.7,0.0,46,1.014201,1.026923,1.012543,1.028610,1.041209,0.000654,1.057385,0.000450,1.083667,0.911803,0.912382,0.919037,1.003181,0.996353,1.003621
500,0.000000,0.100000,0.3,0.7,0.0,47,1.014201,1.028494,1.014092,1.028610,1.042808,0.000654,1.057385,0.000447,1.087001,0.911803,0.912132,0.917194,1.003181,0.997946,1.003484
500,0.000000,0.100000,0.3,0.7,0.0,48,1.014201,1.030184,1.015759,1.028610,1.044530,0.000654,1.057385,0.000446,1.090597,0.911803,0.911952,0.915373,1.003181,0.999613,1.003364
500,0.000000,0.100000,0.3,0.7,0.0,49,1.014201,1.031863,1.017415,1.028610,1.046239,0.000654,1.057385,0.000443,1.094174,0.911803,0.911842,0.913577,1.003181,1.001358,1.003263
500,0.000000,0.100000,0.3,0.7,0.0,50,1.014201,1.033655,1.019181,1.028610,1.048059,0.000654,1.057385,0.000441,1.097986,0.911803,nan,nan,1.003181,nan,nan
500,0.000000,0.100000,0.7,0.3,0.0,2,1.004412,1.003441,0.999033,1.017445,1.016445,0.000002,1.035193,0.000002,1.033158,0.905979,1.025073,1.051415,0.996773,1.027170,1.053566
500,0.000000,0.100000,0.7,0.3,0.0,3,1.004412,1.002529,0.998126,1.017445,1.015509,0.000002,1.035193,0.000002,1.031257,0.905979,1.018329,1.040256,0.996773,1.022494,1.044511
500,0.000000,0.100000,0.7,0.3,0.0,4,1.004412,1.001668,0.997268,1.017445,1.014607,0.000002,1.035193,0.000002,1.029425,0.905979,1.011656,1.032831,0.996773,1.017863,1.039168
500,0.000000,0.100000,0.7,0.3,0.0,5,1.004412,1.000691,0.996296,1.017445,1.013600,0.000002,1.035193,0.000002,1.027383,0.905979,1.005232,1.026933,0.996773,1.013456,1.035334
500,0.000000,0.100000,0.7,0.3,0.0,6,1.004412,1.000065,0.995672,1.017445,1.012969,0.000002,1.035193,0.000002,1.026104,0.905979,0.999100,1.021830,0.996773,1.009317,1.032280
500,0.000000,0.100000,0.7,0.3,0.0,7,1.004412,0.999324,0.994935,1.017445,1.012196,0.000002,1.035193,0.000002,1.024538,0.905979,0.993285,1.017229,0.996773,1.005474,1.029712
500,0.000000,0.100000,0.7,0.3,0.0,8,1.004412,0.998877,0.994489,1.017445,1.011719,0.000002,1.035193,0.000002,1.023573,0.905979,0.987759,1.012949,0.996773,1.001900,1.027451
500,0.000000,0.100000,0.7,0.3,0.0,9,1.004412,0.998553,0.994167,1.017445,1.011374,0.000002,1.035193,0.000002,1.022876,0.905979,0.982531,1.008920,0.996773,0.998607,1.025428
500,0.000000,0.100000,0.7,0.3,0.0,10,1.004412,0.998166,0.993781,1.017445,1.010965,0.000002,1.035193,0.000002,1.022049,0.905979,0.977585,1.005082,0.996773,0.995580,1.023583
500,0.000000,0.100000,0.7,0.3,0.0,11,1.004412,0.997950,0.993567,1.017445,1.010722,0.000002,1.035193,0.000002,1.021557,0.905979,0.972909,1.001406,0.996773,0.992807,1.021887
500,0.000000,0.100000,0.7,0.3,0.0,12,1.004412,0.997814,0.993431,1.017445,1.010565,0.000002,1.035193,0.000002,1.021239,0.905979,0.968467,0.997848,0.996773,0.990255,1.020297
500,0.000000,0.100000,0.7,0.3,0.0,13,1.004412,0.997804,0.993421,1.017445,1.010527,0.000002,1.035193,0.000002,1.021163,0.905979,0.964276,0.994416,0.996773,0.987942,1.018821
500,0.000000,0.100000,0.7,0.3,0.0,14,1.004412,0.997797,0.993414,1.017445,1.010519,0.000002,1.035193,0.000002,1.021148,0.905979,0.960317,0.991087,0.996773,0.985850,1.017438
500,0.000000,0.100000,0.7,0.3,0.0,15,1.004412,0.997943,0.993560,1.017445,1.010633,0.000002,1.035193,0.000002,1.021377,0.905979,0.956558,0.987841,0.996773,0.983947,1.016126
500,0.000000,0.100000,0.7,0.3,0.0,16,1.004412,0.998059,0.993675,1.017445,1.010741,0.000002,1.035193,0.000001,1.021595,0.905979,0.953002,0.984678,0.996773,0.982239,1.014887
500,0.000000,0.100000,0.7,0.3,0.0,17,1.004412,0.998349,0.993964,1.017445,1.011030,0.000002,1.035193,0.000001,1.022180,0.905979,0.949648,0.981600,0.996773,0.980724,1.013722
500,0.000000,0.100000,0.7,0.3,0.0,18,1.004412,0.998486,0.994100,1.017445,1.011137,0.000002,1.035193,0.000002,1.022397,0.905979,0.946480,0.978599,0.996773,0.979388,1.012624
500,0.000000,0.100000,0.7,0.3,0.0,19,1.004412,0.998991,0.994603,1.017445,1.011639,0.000002,1.035193,0.000001,1.023413,0.905979,0.943478,0.975655,0.996773,0.978211,1.011573
500,0.000000,0.100000,0.7,0.3,0.0,20,1.004412,0.999319,0.994930,1.017445,1.011942,0.000002,1.035193,0.000001,1.024025,0.905979,0.940634,0.972772,0.996773,0.977186,1.010573
500,0.000000,0.100000,0.7,0.3,0.0,21,1.004412,0.999951,0.995558,1.017445,1.012565,0.000002,1.035193,0.000002,1.025287,0.905979,0.937963,0.969963,0.996773,0.976330,1.009639
500,0.000000,0.100000,0.7,0.3,0.0,22,1.004412,1.000386,0.995992,1.017445,1.012964,0.000002,1.035193,0.000001,1.026094,0.905979,0.935420,0.967190,0.996773,0.975596,1.008731
500,0.000000,0.100000,0.7,0.3,0.0,23,1.004412,1.000927,0.996530,1.017445,1.013514,0.000002,1.035193,0.000001,1.027209,0.905979,0.933037,0.964491,0.996773,0.975019,1.007889
500,0.000000,0.100000,0.7,0.3,0.0,24,1.004412,1.001664,0.997264,1.017445,1.014221,0.000002,1.035193,0.000001,1.028643,0.905979,0.930787,0.961839,0.996773,0.974571,1.007084
500,0.000000,0.100000,0.7,0.3,0.0,25,1.004412,1.002287,0.997885,1.017445,1.014851,0.000002,1.035193,0.000001,1.029922,0.905979,0.928662,0.959234,0.996773,0.974246,1.006319
500,0.000000,0.100000,0.7,0.3,0.0,26,1.004412,1.003026,0.998620,1.017445,1.015583,0.000002,1.035193,0.000001,1.031408,0.905979,0.926663,0.956677,0.996773,0.974044,1.005593
500,0.000000,0.100000,0.7,0.3,0.0,27,1.004412,1.003697,0.999289,1.017445,1.016237,0.000002,1.035193,0.000001,1.032736,0.905979,0.924786,0.954173,0.996773,0.973962,1.004913
500,0.000000,0.100000,0.7,0.3,0.0,28,1.004412,1.004551,1.000138,1.017445,1.017081,0.000002,1.035193,0.000001,1.034452,0.905979,0.923010,0.951695,0.996773,0.973979,1.004249
500,0.000000,0.100000,0.7,0.3,0.0,29,1.004412,1.005326,1.000910,1.017445,1.017845,0.000002,1.035193,0.000001,1.036008,0.905979,0.921354,0.949276,0.996773,0.974117,1.003638
500,0.000000,0.100000,0.7,0.3,0.0,30,1.004412,1.006187,1.001768,1.017445,1.018698,0.000002,1.035193,0.000001,1.037745,0.905979,0.919800,0.946893,0.996773,0.974354,1.003054
500,0.000000,0.100000,0.7,0.3,0.0,31,1.004412,1.007166,1.002742,1.017445,1.019677,0.000002,1.035193,0.000001,1.039741,0.905979,0.918342,0.944544,0.996773,0.974688,1.002499
500,0.000000,0.100000,0.7,0.3,0.0,32,1.004412,1.008014,1.003587,1.017445,1.020514,0.000002,1.035193,0.000001,1.041448,0.905979,0.916986,0.942241,0.996773,0.975125,1.001982
500,0.000000,0.100000,0.7,0.3,0.0,33,1.004412,1.008949,1.004517,1.017445,1.021445,0.000002,1.035193,0.000001,1.043350,0.905979,0.915719,0.939972,0.996773,0.975650,1.001491
500,0.000000,0.100000,0.7,0.3,0.0,34,1.004412,1.010059,1.005623,1.017445,1.022537,0.000002,1.035193,0.000001,1.045580,0.905979,0.914538,0.937729,0.996773,0.976263,1.001019
500,0.000000,0.100000,0.7,0.3,0.0,35,1.004412,1.011088,1.006647,1.017445,1.023559,0.000002,1.035193,0.000001,1.047673,0.905979,0.913449,0.935530,0.996773,0.976968,1.000585
500,0.000000,0.100000,0.7,0.3,0.0,36,1.004412,1.012187,1.007741,1.017445,1.024660,0.000002,1.035193,0.000001,1.049928,0.905979,0.912444,0.933368,0.996773,0.977759,1.000181
500,0.000000,0.100000,0.7,0.3,0.0,37,1.004412,1.013249,1.008799,1.017445,1.025718,0.000002,1.035193,0.000001,1.052096,0.905979,0.911517,0.931227,0.996773,0.978630,0.999792
500,0.000000,0.100000,0.7,0.3,0.0,38,1.004412,1.014429,1.009973,1.017445,1.026899,0.000002,1.035193,0.000000,1.054521,0.905979,0.910669,0.929123,0.996773,0.979582,0.999433
500,0.000000,0.100000,0.7,0.3,0.0,39,1.004412,1.015638,1.011177,1.017445,1.028090,0.000002,1.035193,0.000001,1.056968,0.905979,0.909901,0.927056,0.996773,0.980617,0.999105
500,0.000000,0.100000,0.7,0.3,0.0,40,1.004412,1.016884,1.012418,1.017445,1.029324,0.000002,1.035193,0.000000,1.059508,0.905979,0.909200,0.924998,0.996773,0.981721,0.998780
500,0.000000,0.100000,0.7,0.3,0.0,41,1.004412,1.017993,1.013521,1.017445,1.030446,0.000002,1.035193,0.000000,1.061819,0.905979,0.908576,0.922985,0.996773,0.982906,0.998493
500,0.000000,0.100000,0.7,0.3,0.0,42,1.004412,1.019398,1.014920,1.017445,1.031834,0.000002,1.035193,0.000000,1.064681,0.905979,0.908022,0.920994,0.996773,0.984163,0.998223
500,0.000000,0.100000,0.7,0.3,0.0,43,1.004412,1.020638,1.016155,1.017445,1.033083,0.000002,1.035193,0.000000,1.067261,0.905979,0.907537,0.919032,0.996773,0.985494,0.997976
500,0.000000,0.100000,0.7,0.3,0.0,44,1.004412,1.021981,1.017493,1.017445,1.034419,0.000002,1.035193,0.000000,1.070022,0.905979,0.907120,0.917092,0.996773,0.986896,0.997745
500,0.000000,0.100000,0.7,0.3,0.0,45,1.004412,1.023369,1.018874,1.017445,1.035807,0.000002,1.035193,0.000000,1.072896,0.905979,0.906770,0.915184,0.996773,0.988371,0.997541
500,0.000000,0.100000,0.7,0.3,0.0,46,1.004412,1.024727,1.020226,1.017445,1.037174,0.000002,1.035193,0.000000,1.075731,0.905979,0.906485,0.913298,0.996773,0.989914,0.997354
500,0.000000,0.100000,0.7,0.3,0.0,47,1.004412,1.026236,1.021729,1.017445,1.038676,0.000002,1.035193,0.000000,1.078848,0.905979,0.906264,0.911433,0.996773,0.991526,0.997181
500,0.000000,0.100000,0.7,0.3,0.0,48,1.004412,1.027702,1.023188,1.017445,1.040141,0.000002,1.035193,0.000000,1.081893,0.905979,0.906107,0.909593,0.996773,0.993207,0.997028
500,0.000000,0.100000,0.7,0.3,0.0,49,1.004412,1.029132,1.024612,1.017445,1.041572,0.000002,1.035193,0.000000,1.084873,0.905979,0.906012,0.907776,0.996773,0.994956,0.996893
500,0.000000,0.100000,0.7,0.3,0.0,50,1.004412,1.030667,1.026140,1.017445,1.043110,0.000002,1.035193,0.000000,1.088079,0.905979,nan,nan,0.996773,nan,nan
500,0.800000,0.300000,0.3,0.7,0.0,2,1.132752,1.105618,0.976045,1.146922,1.119219,0.000251,1.315180,0.000210,1.252442,0.905178,1.228117,1.326086,0.995890,1.230628,1.328798
500,0.800000,0.300000,0.3,0.7,0.0,3,1.132752,1.081686,0.954919,1.146922,1.094826,0.000251,1.315180,0.000170,1.198475,0.905178,1.166634,1.272126,0.995890,1.171406,1.277330
500,0.800000,0.300000,0.3,0.7,0.0,4,1.132752,1.063577,0.938932,1.146922,1.076415,0.000251,1.315180,0.000138,1.158532,0.905178,1.120500,1.229749,0.995890,1.127375,1.237294
500,0.800000,0.300000,0.3,0.7,0.0,5,1.132752,1.050125,0.927056,1.146922,1.062814,0.000251,1.315180,0.000117,1.129457,0.905178,1.085938,1.194946,0.995890,1.094822,1.204722
500,0.800000,0.300000,0.3,0.7,0.0,6,1.132752,1.040574,0.918624,1.146922,1.053151,0.000251,1.315180,0.000106,1.109022,0.905178,1.059603,1.165701,0.995890,1.070439,1.177622
500,0.800000,0.300000,0.3,0.7,0.0,7,1.132752,1.033296,0.912200,1.146922,1.045818,0.000251,1.315180,0.000091,1.093644,0.905178,1.039319,1.140950,0.995890,1.052073,1.154951
500,0.800000,0.300000,0.3,0.7,0.0,8,1.132752,1.027734,0.907290,1.146922,1.040200,0.000251,1.315180,0.000083,1.081933,0.905178,1.023360,1.119725,0.995890,1.038011,1.135755
500,0.800000,0.300000,0.3,0.7,0.0,9,1.132752,1.023771,0.903791,1.146922,1.036206,0.000251,1.315180,0.000074,1.073649,0.905178,1.010578,1.101359,0.995890,1.027113,1.119379
500,0.800000,0.300000,0.3,0.7,0.0,10,1.132752,1.020825,0.901190,1.146922,1.033231,0.000251,1.315180,0.000068,1.067498,0.905178,1.000163,1.085358,0.995890,1.018573,1.105336
500,0.800000,0.300000,0.3,0.7,0.0,11,1.132752,1.018722,0.899333,1.146922,1.031160,0.000251,1.315180,0.000062,1.063228,0.905178,0.991498,1.071293,0.995890,1.011776,1.093203
500,0.800000,0.300000,0.3,0.7,0.0,12,1.132752,1.017140,0.897937,1.146922,1.029581,0.000251,1.315180,0.000060,1.059976,0.905178,0.984177,1.058846,0.995890,1.006318,1.082668
500,0.800000,0.300000,0.3,0.7,0.0,13,1.132752,1.016032,0.896958,1.146922,1.028468,0.000251,1.315180,0.000055,1.057691,0.905178,0.977903,1.047810,0.995890,1.001904,1.073526
500,0.800000,0.300000,0.3,0.7,0.0,14,1.132752,1.015233,0.896254,1.146922,1.027665,0.000251,1.315180,0.000053,1.056043,0.905178,0.972404,1.037896,0.995890,0.998259,1.065492
500,0.800000,0.300000,0.3,0.7,0.0,15,1.132752,1.014931,0.895987,1.146922,1.027392,0.000251,1.315180,0.000050,1.055485,0.905178,0.967561,1.029012,0.995890,0.995265,1.058476
500,0.800000,0.300000,0.3,0.7,0.0,16,1.132752,1.014956,0.896008,1.146922,1.027426,0.000251,1.315180,0.000048,1.055557,0.905178,0.963204,1.020951,0.995890,0.992754,1.052273
500,0.800000,0.300000,0.3,0.7,0.0,17,1.132752,1.014808,0.895878,1.146922,1.027277,0.000251,1.315180,0.000043,1.055255,0.905178,0.959251,1.013630,0.995890,0.990641,1.046799
500,0.800000,0.300000,0.3,0.7,0.0,18,1.132752,1.014898,0.895958,1.146922,1.027395,0.000251,1.315180,0.000042,1.055499,0.905178,0.955622,1.006915,0.995890,0.988848,1.041925
500,0.800000,0.300000,0.3,0.7,0.0,19,1.132752,1.015327,0.896337,1.146922,1.027816,0.000251,1.315180,0.000040,1.056365,0.905178,0.952267,1.000754,0.995890,0.987324,1.037596
500,0.800000,0.300000,0.3,0.7,0.0,20,1.132752,1.015641,0.896613,1.146922,1.028150,0.000251,1.315180,0.000039,1.057054,0.905178,0.949132,0.995061,0.995890,0.986014,1.033729
500,0.800000,0.300000,0.3,0.7,0.0,21,1.132752,1.016087,0.897007,1.146922,1.028621,0.000251,1.315180,0.000037,1.058024,0.905178,0.946198,0.989790,0.995890,0.984901,1.030277
500,0.800000,0.300000,0.3,0.7,0.0,22,1.132752,1.016655,0.897508,1.146922,1.029187,0.000251,1.315180,0.000035,1.059192,0.905178,0.943421,0.984849,0.995890,0.983941,1.027148
500,0.800000,0.300000,0.3,0.7,0.0,23,1.132752,1.017380,0.898149,1.146922,1.029959,0.000251,1.315180,0.000033,1.060782,0.905178,0.940789,0.980231,0.995890,0.983120,1.024336
500,0.800000,0.300000,0.3,0.7,0.0,24,1.132752,1.018093,0.898778,1.146922,1.030666,0.000251,1.315180,0.000034,1.062238,0.905178,0.938295,0.975910,0.995890,0.982432,1.021817
500,0.800000,0.300000,0.3,0.7,0.0,25,1.132752,1.018862,0.899457,1.146922,1.031450,0.000251,1.315180,0.000033,1.063856,0.905178,0.935905,0.971803,0.995890,0.981844,1.019505
500,0.800000,0.300000,0.3,0.7,0.0,26,1.132752,1.019731,0.900224,1.146922,1.032347,0.000251,1.315180,0.000034,1.065706,0.905178,0.933637,0.967945,0.995890,0.981374,1.017437
500,0.800000,0.300000,0.3,0.7,0.0,27,1.132752,1.020529,0.900929,1.146922,1.033140,0.000251,1.315180,0.000031,1.067348,0.905178,0.931459,0.964258,0.995890,0.980990,1.015533
500,0.800000,0.300000,0.3,0.7,0.0,28,1.132752,1.021321,0.901628,1.146922,1.033958,0.000251,1.315180,0.000029,1.069039,0.905178,0.929371,0.960743,0.995890,0.980692,1.013796
500,0.800000,0.300000,0.3,0.7,0.0,29,1.132752,1.022354,0.902540,1.146922,1.035015,0.000251,1.315180,0.000030,1.071227,0.905178,0.927377,0.957392,0.995890,0.980484,1.012218
500,0.800000,0.300000,0.3,0.7,0.0,30,1.132752,1.023359,0.903427,1.146922,1.036015,0.000251,1.315180,0.000028,1.073298,0.905178,0.925464,0.954166,0.995890,0.980354,1.010759
500,0.800000,0.300000,0.3,0.7,0.0,31,1.132752,1.024368,0.904318,1.146922,1.037057,0.000251,1.315180,0.000026,1.075462,0.905178,0.923647,0.951085,0.995890,0.980319,1.009440
500,0.800000,0.300000,0.3,0.7,0.0,32,1.132752,1.025398,0.905227,1.146922,1.038108,0.000251,1.315180,0.000026,1.077642,0.905178,0.921899,0.948092,0.995890,0.980349,1.008203
500,0.800000,0.300000,0.3,0.7,0.0,33,1.132752,1.026664,0.906345,1.146922,1.039377,0.000251,1.315180,0.000024,1.080281,0.905178,0.920238,0.945219,0.995890,0.980465,1.007081
500,0.800000,0.300000,0.3,0.7,0.0,34,1.132752,1.027807,0.907354,1.146922,1.040537,0.000251,1.315180,0.000023,1.082693,0.905178,0.918653,0.942419,0.995890,0.980654,1.006025
500,0.800000,0.300000,0.3,0.7,0.0,35,1.132752,1.029079,0.908477,1.146922,1.041826,0.000251,1.315180,0.000023,1.085379,0.905178,0.917142,0.939704,0.995890,0.980918,1.005049
500,0.800000,0.300000,0.3,0.7,0.0,36,1.132752,1.030414,0.909655,1.146922,1.043178,0.000251,1.315180,0.000021,1.088200,0.905178,0.915719,0.937074,0.995890,0.981268,1.004152
500,0.800000,0.300000,0.3,0.7,0.0,37,1.132752,1.031632,0.910731,1.146922,1.044431,0.000251,1.315180,0.000021,1.090815,0.905178,0.914374,0.934507,0.995890,0.981698,1.003313
500,0.800000,0.300000,0.3,0.7,0.0,38,1.132752,1.033192,0.912108,1.146922,1.046020,0.000251,1.315180,0.000019,1.094138,0.905178,0.913106,0.931991,0.995890,0.982203,1.002517
500,0.800000,0.300000,0.3,0.7,0.0,39,1.132752,1.034585,0.913337,1.146922,1.047439,0.000251,1.315180,0.000019,1.097110,0.905178,0.911927,0.929549,0.995890,0.982801,1.001792
500,0.800000,0.300000,0.3,0.7,0.0,40,1.132752,1.036074,0.914652,1.146922,1.048971,0.000251,1.315180,0.000017,1.100323,0.905178,0.910826,0.927140,0.995890,0.983476,1.001092
500,0.800000,0.300000,0.3,0.7,0.0,41,1.132752,1.037700,0.916088,1.146922,1.050615,0.000251,1.315180,0.000017,1.103776,0.905178,0.909817,0.924790,0.995890,0.984248,1.000446
500,0.800000,0.300000,0.3,0.7,0.0,42,1.132752,1.039384,0.917574,1.146922,1.052333,0.000251,1.315180,0.000016,1.107388,0.905178,0.908896,0.922483,0.995890,0.985111,0.999836
500,0.800000,0.300000,0.3,0.7,0.0,43,1.132752,1.041017,0.919015,1.146922,1.053999,0.000251,1.315180,0.000015,1.110899,0.905178,0.908068,0.920213,0.995890,0.986070,0.999258
500,0.800000,0.300000,0.3,0.7,0.0,44,1.132752,1.042862,0.920645,1.146922,1.055888,0.000251,1.315180,0.000014,1.114886,0.905178,0.907334,0.917973,0.995890,0.987129,0.998703
500,0.800000,0.300000,0.3,0.7,0.0,45,1.132752,1.044746,0.922308,1.146922,1.057801,0.000251,1.315180,0.000013,1.118930,0.905178,0.906698,0.915770,0.995890,0.988291,0.998180
500,0.800000,0.300000,0.3,0.7,0.0,46,1.132752,1.046742,0.924070,1.146922,1.059826,0.000251,1.315180,0.000012,1.123218,0.905178,0.906169,0.913605,0.995890,0.989568,0.997688
500,0.800000,0.300000,0.3,0.7,0.0,47,1.132752,1.048799,0.925886,1.146922,1.061929,0.000251,1.315180,0.000011,1.127682,0.905178,0.905746,0.911461,0.995890,0.990959,0.997211
500,0.800000,0.300000,0.3,0.7,0.0,48,1.132752,1.050915,0.927754,1.146922,1.064091,0.000251,1.315180,0.000010,1.132280,0.905178,0.905436,0.909343,0.995890,0.992471,0.996753
500,0.800000,0.300000,0.3,0.7,0.0,49,1.132752,1.053172,0.929746,1.146922,1.066393,0.000251,1.315180,0.000009,1.137185,0.905178,0.905244,0.907251,0.995890,0.994112,0.996316
500,0.800000,0.300000,0.3,0.7,0.0,50,1.132752,1.055516,0.931815,1.146922,1.068788,0.000251,1.315180,0.000008,1.142299,0.905178,nan,nan,0.995890,nan,nan
500,0.800000,0.300000,0.7,0.3,0.0,2,1.072141,1.055821,0.984778,1.086191,1.069523,0.000016,1.179795,0.000016,1.143863,0.902933,1.129985,1.215787,0.993421,1.132296,1.218273
500,0.800000,0.300000,0.7,0.3,0.0,3,1.072141,1.042003,0.971890,1.086191,1.055369,0.000016,1.179795,0.000013,1.113791,0.902933,1.095651,1.173135,0.993421,1.100132,1.177934
500,0.800000,0.300000,0.7,0.3,0.0,4,1.072141,1.031506,0.962100,1.086191,1.044649,0.000016,1.179795,0.000011,1.091280,0.902933,1.068878,1.143254,0.993421,1.075436,1.150269
500,0.800000,0.300000,0.7,0.3,0.0,5,1.072141,1.023591,0.954717,1.086191,1.036531,0.000016,1.179795,0.000010,1.074386,0.902933,1.047948,1.119882,0.993421,1.056521,1.129044
500,0.800000,0.300000,0.7,0.3,0.0,6,1.072141,1.017919,0.949426,1.086191,1.030666,0.000016,1.179795,0.000010,1.062261,0.902933,1.031435,1.100746,0.993421,1.041983,1.112002
500,0.800000,0.300000,0.7,0.3,0.0,7,1.072141,1.013784,0.945570,1.086191,1.026389,0.000016,1.179795,0.000010,1.053465,0.902933,1.018175,1.084626,0.993421,1.030669,1.097936
500,0.800000,0.300000,0.7,0.3,0.0,8,1.072141,1.010721,0.942712,1.086191,1.023208,0.000016,1.179795,0.000010,1.046945,0.902933,1.007307,1.070758,0.993421,1.021728,1.086087
500,0.800000,0.300000,0.7,0.3,0.0,9,1.072141,1.008364,0.940515,1.086191,1.020743,0.000016,1.179795,0.000011,1.041905,0.902933,0.998249,1.058679,0.993421,1.014582,1.076001
500,0.800000,0.300000,0.7,0.3,0.0,10,1.072141,1.006858,0.939110,1.086191,1.019161,0.000016,1.179795,0.000010,1.038680,0.902933,0.990586,1.048062,0.993421,1.008819,1.067354
500,0.800000,0.300000,0.7,0.3,0.0,11,1.072141,1.005728,0.938056,1.086191,1.017931,0.000016,1.179795,0.000012,1.036171,0.902933,0.983979,1.038638,0.993421,1.004103,1.059881
500,0.800000,0.300000,0.7,0.3,0.0,12,1.072141,1.005136,0.937504,1.086191,1.017299,0.000016,1.179795,0.000012,1.034886,0.902933,0.978182,1.030190,0.993421,1.000189,1.053366
500,0.800000,0.300000,0.7,0.3,0.0,13,1.072141,1.004622,0.937024,1.086191,1.016713,0.000016,1.179795,0.000013,1.033691,0.902933,0.973031,1.022573,0.993421,0.996912,1.047670
500,0.800000,0.300000,0.7,0.3,0.0,14,1.072141,1.004685,0.937083,1.086191,1.016744,0.000016,1.179795,0.000013,1.033755,0.902933,0.968377,1.015646,0.993421,0.994125,1.042650
500,0.800000,0.300000,0.7,0.3,0.0,15,1.072141,1.004690,0.937088,1.086191,1.016673,0.000016,1.179795,0.000014,1.033609,0.902933,0.964139,1.009309,0.993421,0.991745,1.038209
500,0.800000,0.300000,0.7,0.3,0.0,16,1.072141,1.005021,0.937396,1.086191,1.016982,0.000016,1.179795,0.000015,1.034238,0.902933,0.960219,1.003486,0.993421,0.989677,1.034272
500,0.800000,0.300000,0.7,0.3,0.0,17,1.072141,1.005153,0.937519,1.086191,1.017066,0.000016,1.179795,0.000016,1.034407,0.902933,0.956577,0.998106,0.993421,0.987880,1.030767
500,0.800000,0.300000,0.7,0.3,0.0,18,1.072141,1.005625,0.937960,1.086191,1.017519,0.000016,1.179795,0.000017,1.035329,0.902933,0.953165,0.993073,0.993421,0.986306,1.027601
500,0.800000,0.300000,0.7,0.3,0.0,19,1.072141,1.006206,0.938501,1.086191,1.018056,0.000016,1.179795,0.000018,1.036419,0.902933,0.949956,0.988395,0.993421,0.984928,1.024782
500,0.800000,0.300000,0.7,0.3,0.0,20,1.072141,1.006709,0.938970,1.086191,1.018516,0.000016,1.179795,0.000019,1.037354,0.902933,0.946905,0.983975,0.993421,0.983701,1.022212
500,0.800000,0.300000,0.7,0.3,0.0,21,1.072141,1.007412,0.939627,1.086191,1.019199,0.000016,1.179795,0.000021,1.038746,0.902933,0.944020,0.979857,0.993421,0.982635,1.019938
500,0.800000,0.300000,0.7,0.3,0.0,22,1.072141,1.008175,0.940338,1.086191,1.019915,0.000016,1.179795,0.000023,1.040205,0.902933,0.941256,0.975913,0.993421,0.981682,1.017829
500,0.800000,0.300000,0.7,0.3,0.0,23,1.072141,1.008925,0.941037,1.086191,1.020647,0.000016,1.179795,0.000024,1.041696,0.902933,0.938617,0.972160,0.993421,0.980850,1.015903
500,0.800000,0.300000,0.7,0.3,0.0,24,1.072141,1.009669,0.941732,1.086191,1.021379,0.000016,1.179795,0.000024,1.043191,0.902933,0.936094,0.968599,0.993421,0.980128,1.014162
500,0.800000,0.300000,0.7,0.3,0.0,25,1.072141,1.010731,0.942722,1.086191,1.022424,0.000016,1.179795,0.000027,1.045324,0.902933,0.933677,0.965181,0.993421,0.979507,1.012558
500,0.800000,0.300000,0.7,0.3,0.0,26,1.072141,1.011583,0.943517,1.086191,1.023245,0.000016,1.179795,0.000027,1.047002,0.902933,0.931353,0.961887,0.993421,0.978973,1.011069
500,0.800000,0.300000,0.7,0.3,0.0,27,1.072141,1.012516,0.944387,1.086191,1.024166,0.000016,1.179795,0.000029,1.048886,0.902933,0.929135,0.958735,0.993421,0.978543,1.009717
500,0.800000,0.300000,0.7,0.3,0.0,28,1.072141,1.013706,0.945497,1.086191,1.025322,0.000016,1.179795,0.000031,1.051254,0.902933,0.927002,0.955674,0.993421,0.978192,1.008448
500,0.800000,0.300000,0.7,0.3,0.0,29,1.072141,1.014768,0.946487,1.086191,1.026387,0.000016,1.179795,0.000032,1.053439,0.902933,0.924963,0.952716,0.993421,0.977932,1.007275
500,0.800000,0.300000,0.7,0.3,0.0,30,1.072141,1.015735,0.947389,1.086191,1.027329,0.000016,1.179795,0.000034,1.055371,0.902933,0.923018,0.949849,0.993421,0.977763,1.006186
500,0.800000,0.300000,0.7,0.3,0.0,31,1.072141,1.016950,0.948523,1.086191,1.028533,0.000016,1.179795,0.000036,1.057845,0.902933,0.921149,0.947053,0.993421,0.977668,1.005161
500,0.800000,0.300000,0.7,0.3,0.0,32,1.072141,1.018169,0.949660,1.086191,1.029756,0.000016,1.179795,0.000039,1.060358,0.902933,0.919373,0.944339,0.993421,0.977663,1.004212
500,0.800000,0.300000,0.7,0.3,0.0,33,1.072141,1.019263,0.950680,1.086191,1.030839,0.000016,1.179795,0.000041,1.062587,0.902933,0.917690,0.941694,0.993421,0.977750,1.003326
500,0.800000,0.300000,0.7,0.3,0.0,34,1.072141,1.020684,0.952006,1.086191,1.032241,0.000016,1.179795,0.000045,1.065476,0.902933,0.916077,0.939090,0.993421,0.977906,1.002471
500,0.800000,0.300000,0.7,0.3,0.0,35,1.072141,1.022006,0.953238,1.086191,1.033551,0.000016,1.179795,0.000045,1.068184,0.902933,0.914562,0.936557,0.993421,0.978158,1.001683
500,0.800000,0.300000,0.7,0.3,0.0,36,1.072141,1.023434,0.954571,1.086191,1.034985,0.000016,1.179795,0.000048,1.071146,0.902933,0.913133,0.934072,0.993421,0.978497,1.000935
500,0.800000,0.300000,0.7,0.3,0.0,37,1.072141,1.024738,0.955787,1.086191,1.036278,0.000016,1.179795,0.000050,1.073822,0.902933,0.911792,0.931635,0.993421,0.978925,1.000229
500,0.800000,0.300000,0.7,0.3,0.0,38,1.072141,1.026143,0.957097,1.086191,1.037675,0.000016,1.179795,0.000053,1.076716,0.902933,0.910537,0.929243,0.993421,0.979440,0.999562
500,0.800000,0.300000,0.7,0.3,0.0,39,1.072141,1.027605,0.958460,1.086191,1.039133,0.000016,1.179795,0.000056,1.079742,0.902933,0.909369,0.926878,0.993421,0.980044,0.998914
500,0.800000,0.300000,0.7,0.3,0.0,40,1.072141,1.029247,0.959992,1.086191,1.040778,0.000016,1.179795,0.000059,1.083160,0.902933,0.908294,0.924558,0.993421,0.980742,0.998304
500,0.800000,0.300000,0.7,0.3,0.0,41,1.072141,1.030840,0.961478,1.086191,1.042371,0.000016,1.179795,0.000063,1.086475,0.902933,0.907312,0.922278,0.993421,0.981538,0.997729
500,0.800000,0.300000,0.7,0.3,0.0,42,1.072141,1.032487,0.963014,1.086191,1.044024,0.000016,1.179795,0.000066,1.089919,0.902933,0.906422,0.920020,0.993421,0.982429,0.997168
500,0.800000,0.300000,0.7,0.3,0.0,43,1.072141,1.034234,0.964644,1.086191,1.045779,0.000016,1.179795,0.000070,1.093584,0.902933,0.905629,0.917800,0.993421,0.983422,0.996638
500,0.800000,0.300000,0.7,0.3,0.0,44,1.072141,1.035981,0.966273,1.086191,1.047524,0.000016,1.179795,0.000072,1.097234,0.902933,0.904932,0.915603,0.993421,0.984515,0.996125
500,0.800000,0.300000,0.7,0.3,0.0,45,1.072141,1.037778,0.967949,1.086191,1.049344,0.000016,1.179795,0.000077,1.101047,0.902933,0.904335,0.913433,0.993421,0.985716,0.995632
500,0.800000,0.300000,0.7,0.3,0.0,46,1.072141,1.039583,0.969632,1.086191,1.051154,0.000016,1.179795,0.000081,1.104844,0.902933,0.903841,0.911291,0.993421,0.987025,0.995161
500,0.800000,0.300000,0.7,0.3,0.0,47,1.072141,1.041506,0.971426,1.086191,1.053086,0.000016,1.179795,0.000087,1.108904,0.902933,0.903450,0.909168,0.993421,0.988446,0.994703
500,0.800000,0.300000,0.7,0.3,0.0,48,1.072141,1.043551,0.973334,1.086191,1.055146,0.000016,1.179795,0.000091,1.113241,0.902933,0.903166,0.907070,0.993421,0.989983,0.994262
500,0.800000,0.300000,0.7,0.3,0.0,49,1.072141,1.045564,0.975211,1.086191,1.057173,0.000016,1.179795,0.000096,1.117518,0.902933,0.902993,0.904991,0.993421,0.991640,0.993835
500,0.800000,0.300000,0.7,0.3,0.0,50,1.072141,1.047695,0.977199,1.086191,1.059319,0.000016,1.179795,0.000101,1.122056,0.902933,nan,nan,0.993421,nan,nan
500,0.800000,0.500000,0.3,0.7,0.0,2,1.291664,1.233986,0.955346,1.310578,1.251324,0.000614,1.717001,0.000470,1.565341,0.902816,1.543402,1.771451,0.993292,1.546558,1.775074
500,0.800000,0.500000,0.3,0.7,0.0,3,1.291664,1.181316,0.914569,1.310578,1.197347,0.000614,1.717001,0.000334,1.433307,0.902816,1.404298,1.647227,0.993292,1.410042,1.653965
500,0.800000,0.500000,0.3,0.7,0.0,4,1.291664,1.140546,0.883005,1.310578,1.155622,0.000614,1.717001,0.000246,1.335216,0.902816,1.301164,1.550733,0.993292,1.309148,1.560248
500,0.800000,0.500000,0.3,0.7,0.0,5,1.291664,1.109784,0.859189,1.310578,1.124235,0.000614,1.717001,0.000175,1.263728,0.902816,1.224704,1.472040,0.993292,1.234723,1.484082
500,0.800000,0.500000,0.3,0.7,0.0,6,1.291664,1.086214,0.840942,1.310578,1.100223,0.000614,1.717001,0.000124,1.210367,0.902816,1.167387,1.406541,0.993292,1.179325,1.420924
500,0.800000,0.500000,0.3,0.7,0.0,7,1.291664,1.068480,0.827212,1.310578,1.082223,0.000614,1.717001,0.000093,1.171114,0.902816,1.123837,1.351265,0.993292,1.137628,1.367847
500,0.800000,0.500000,0.3,0.7,0.0,8,1.291664,1.054592,0.816460,1.310578,1.068105,0.000614,1.717001,0.000072,1.140775,0.902816,1.090225,1.304150,0.993292,1.105833,1.322821
500,0.800000,0.500000,0.3,0.7,0.0,9,1.291664,1.044338,0.808521,1.310578,1.057675,0.000614,1.717001,0.000058,1.118619,0.902816,1.063909,1.263577,0.993292,1.081316,1.284252
500,0.800000,0.500000,0.3,0.7,0.0,10,1.291664,1.036144,0.802178,1.310578,1.049380,0.000614,1.717001,0.000044,1.101155,0.902816,1.043129,1.228646,0.993292,1.062330,1.251262
500,0.800000,0.500000,0.3,0.7,0.0,11,1.291664,1.029866,0.797317,1.310578,1.043054,0.000614,1.717001,0.000036,1.087926,0.902816,1.026412,1.198260,0.993292,1.047405,1.222767
500,0.800000,0.500000,0.3,0.7,0.0,12,1.291664,1.025189,0.793697,1.310578,1.038278,0.000614,1.717001,0.000029,1.077993,0.902816,1.012766,1.171666,0.993292,1.035551,1.198026
500,0.800000,0.500000,0.3,0.7,0.0,13,1.291664,1.021389,0.790755,1.310578,1.034446,0.000614,1.717001,0.000025,1.070053,0.902816,1.001536,1.148374,0.993292,1.026116,1.176559
500,0.800000,0.500000,0.3,0.7,0.0,14,1.291664,1.018520,0.788533,1.310578,1.031529,0.000614,1.717001,0.000020,1.064033,0.902816,0.992069,1.127739,0.993292,1.018446,1.157723
500,0.800000,0.500000,0.3,0.7,0.0,15,1.291664,1.016325,0.786834,1.310578,1.029298,0.000614,1.717001,0.000018,1.059436,0.902816,0.983979,1.109365,0.993292,1.012154,1.141129
500,0.800000,0.500000,0.3,0.7,0.0,16,1.291664,1.014834,0.785679,1.310578,1.027807,0.000614,1.717001,0.000015,1.056372,0.902816,0.977044,1.093072,0.993292,1.007018,1.126606
500,0.800000,0.500000,0.3,0.7,0.0,17,1.291664,1.014009,0.785041,1.310578,1.026941,0.000614,1.717001,0.000014,1.054594,0.902816,0.970938,1.078360,0.993292,1.002710,1.113648
500,0.800000,0.500000,0.3,0.7,0.0,18,1.291664,1.013146,0.784373,1.310578,1.026070,0.000614,1.717001,0.000011,1.052809,0.902816,0.965534,1.065145,0.993292,0.999104,1.102179
500,0.800000,0.500000,0.3,0.7,0.0,19,1.291664,1.012594,0.783946,1.310578,1.025478,0.000614,1.717001,0.000009,1.051597,0.902816,0.960683,1.053165,0.993292,0.996049,1.091937
500,0.800000,0.500000,0.3,0.7,0.0,20,1.291664,1.012572,0.783929,1.310578,1.025484,0.000614,1.717001,0.000009,1.051609,0.902816,0.956321,1.042364,0.993292,0.993483,1.082870
500,0.800000,0.500000,0.3,0.7,0.0,21,1.291664,1.012663,0.783999,1.310578,1.025569,0.000614,1.717001,0.000007,1.051784,0.902816,0.952300,1.032456,0.993292,0.991254,1.074688
500,0.800000,0.500000,0.3,0.7,0.0,22,1.291664,1.012701,0.784028,1.310578,1.025564,0.000614,1.717001,0.000006,1.051775,0.902816,0.948610,1.023352,0.993292,0.989353,1.067305
500,0.800000,0.500000,0.3,0.7,0.0,23,1.291664,1.012901,0.784183,1.310578,1.025761,0.000614,1.717001,0.000005,1.052180,0.902816,0.945196,1.015071,0.993292,0.987725,1.060744
500,0.800000,0.500000,0.3,0.7,0.0,24,1.291664,1.013603,0.784726,1.310578,1.026468,0.000614,1.717001,0.000006,1.053631,0.902816,0.941991,1.007385,0.993292,0.986303,1.054772
500,0.800000,0.500000,0.3,0.7,0.0,25,1.291664,1.014052,0.785074,1.310578,1.026933,0.000614,1.717001,0.000005,1.054587,0.902816,0.938986,1.000221,0.993292,0.985076,1.049317
500,0.800000,0.500000,0.3,0.7,0.0,26,1.291664,1.014610,0.785506,1.310578,1.027509,0.000614,1.717001,0.000005,1.055769,0.902816,0.936163,0.993594,0.993292,0.984029,1.044397
500,0.800000,0.500000,0.3,0.7,0.0,27,1.291664,1.015486,0.786184,1.310578,1.028396,0.000614,1.717001,0.000004,1.057595,0.902816,0.933482,0.987393,0.993292,0.983121,1.039899
500,0.800000,0.500000,0.3,0.7,0.0,28,1.291664,1.016255,0.786780,1.310578,1.029140,0.000614,1.717001,0.000004,1.059125,0.902816,0.930949,0.981609,0.993292,0.982357,1.035815
500,0.800000,0.500000,0.3,0.7,0.0,29,1.291664,1.017262,0.787559,1.310578,1.030137,0.000614,1.717001,0.000003,1.061179,0.902816,0.928546,0.976137,0.993292,0.981721,1.032037
500,0.800000,0.500000,0.3,0.7,0.0,30,1.291664,1.018151,0.788248,1.310578,1.031046,0.000614,1.717001,0.000004,1.063051,0.902816,0.926271,0.971021,0.993292,0.981209,1.028614
500,0.800000,0.500000,0.3,0.7,0.0,31,1.291664,1.019173,0.789039,1.310578,1.032072,0.000614,1.717001,0.000003,1.065169,0.902816,0.924108,0.966166,0.993292,0.980809,1.025447
500,0.800000,0.500000,0.3,0.7,0.0,32,1.291664,1.020360,0.789958,1.310578,1.033267,0.000614,1.717001,0.000003,1.067637,0.902816,0.922048,0.961571,0.993292,0.980508,1.022536
500,0.800000,0.500000,0.3,0.7,0.0,33,1.291664,1.021542,0.790873,1.310578,1.034412,0.000614,1.717001,0.000003,1.070006,0.902816,0.920091,0.957179,0.993292,0.980309,1.019823
500,0.800000,0.500000,0.3,0.7,0.0,34,1.291664,1.022820,0.791862,1.310578,1.035749,0.000614,1.717001,0.000002,1.072774,0.902816,0.918246,0.953015,0.993292,0.980220,1.017336
500,0.800000,0.500000,0.3,0.7,0.0,35,1.291664,1.024328,0.793030,1.310578,1.037257,0.000614,1.717001,0.000002,1.075901,0.902816,0.916496,0.949024,0.993292,0.980227,1.015017
500,0.800000,0.500000,0.3,0.7,0.0,36,1.291664,1.025785,0.794158,1.310578,1.038711,0.000614,1.717001,0.000002,1.078918,0.902816,0.914842,0.945196,0.993292,0.980329,1.012856
500,0.800000,0.500000,0.3,0.7,0.0,37,1.291664,1.027090,0.795168,1.310578,1.040026,0.000614,1.717001,0.000002,1.081653,0.902816,0.913289,0.941524,0.993292,0.980533,1.010847
500,0.800000,0.500000,0.3,0.7,0.0,38,1.291664,1.028587,0.796327,1.310578,1.041557,0.000614,1.717001,0.000002,1.084838,0.902816,0.911832,0.937993,0.993292,0.980833,1.008974
500,0.800000,0.500000,0.3,0.7,0.0,39,1.291664,1.030365,0.797704,1.310578,1.043345,0.000614,1.717001,0.000002,1.088566,0.902816,0.910473,0.934581,0.993292,0.981233,1.007216
500,0.800000,0.500000,0.3,0.7,0.0,40,1.291664,1.031974,0.798949,1.310578,1.044975,0.000614,1.717001,0.000002,1.091970,0.902816,0.909220,0.931292,0.993292,0.981743,1.005575
500,0.800000,0.500000,0.3,0.7,0.0,41,1.291664,1.033689,0.800277,1.310578,1.046706,0.000614,1.717001,0.000001,1.095591,0.902816,0.908066,0.928091,0.993292,0.982353,1.004017
500,0.800000,0.500000,0.3,0.7,0.0,42,1.291664,1.035565,0.801729,1.310578,1.048589,0.000614,1.717001,0.000001,1.099537,0.902816,0.907016,0.924995,0.993292,0.983073,1.002560
500,0.800000,0.500000,0.3,0.7,0.0,43,1.291664,1.037441,0.803181,1.310578,1.050501,0.000614,1.717001,0.000001,1.103551,0.902816,0.906076,0.921989,0.993292,0.983908,1.001187
500,0.800000,0.500000,0.3,0.7,0.0,44,1.291664,1.039440,0.804729,1.310578,1.052532,0.000614,1.717001,0.000001,1.107823,0.902816,0.905246,0.919059,0.993292,0.984857,0.999885
500,0.800000,0.500000,0.3,0.7,0.0,45,1.291664,1.041502,0.806326,1.310578,1.054614,0.000614,1.717001,0.000001,1.112210,0.902816,0.904528,0.916198,0.993292,0.985926,0.998646
500,0.800000,0.500000,0.3,0.7,0.0,46,1.291664,1.043772,0.808083,1.310578,1.056928,0.000614,1.717001,0.000001,1.117097,0.902816,0.903930,0.913410,0.993292,0.987123,0.997475
500,0.800000,0.500000,0.3,0.7,0.0,47,1.291664,1.046022,0.809825,1.310578,1.059203,0.000614,1.717001,0.000001,1.121910,0.902816,0.903453,0.910677,0.993292,0.988450,0.996353
500,0.800000,0.500000,0.3,0.7,0.0,48,1.291664,1.048370,0.811643,1.310578,1.061585,0.000614,1.717001,0.000001,1.126962,0.902816,0.903105,0.908008,0.993292,0.989917,0.995290
500,0.800000,0.500000,0.3,0.7,0.0,49,1.291664,1.050879,0.813585,1.310578,1.064136,0.000614,1.717001,0.000000,1.132384,0.902816,0.902891,0.905387,0.993292,0.991528,0.994269
500,0.800000,0.500000,0.3,0.7,0.0,50,1.291664,1.053479,0.815598,1.310578,1.066771,0.000614,1.717001,0.000000,1.137999,0.902816,nan,nan,0.993292,nan,nan
500,0.800000,0.500000,0.7,0.3,0.0,2,1.155526,1.121868,0.970872,1.172497,1.137926,0.000235,1.374513,0.000227,1.294650,0.903775,1.307594,1.504792,0.994347,1.310269,1.507870
500,0.800000,0.500000,0.7,0.3,0.0,3,1.155526,1.092808,0.945723,1.172497,1.108113,0.000235,1.374513,0.000215,1.227700,0.903775,1.233142,1.408277,0.994347,1.238187,1.414038
500,0.800000,0.500000,0.7,0.3,0.0,4,1.155526,1.070218,0.926173,1.172497,1.084855,0.000235,1.374513,0.000204,1.176706,0.903775,1.176031,1.341667,0.994347,1.183247,1.349899
500,0.800000,0.500000,0.7,0.3,0.0,5,1.155526,1.052841,0.911136,1.172497,1.066938,0.000235,1.374513,0.000192,1.138165,0.903775,1.132328,1.290337,0.994347,1.141592,1.300894
500,0.800000,0.500000,0.7,0.3,0.0,6,1.155526,1.039986,0.900010,1.172497,1.053732,0.000235,1.374513,0.000191,1.110161,0.903775,1.098660,1.248876,0.994347,1.109896,1.261647
500,0.800000,0.500000,0.7,0.3,0.0,7,1.155526,1.030045,0.891408,1.172497,1.043485,0.000235,1.374513,0.000177,1.088685,0.903775,1.072348,1.214329,0.994347,1.085508,1.229231
500,0.800000,0.500000,0.7,0.3,0.0,8,1.155526,1.022536,0.884910,1.172497,1.035653,0.000235,1.374513,0.000170,1.072407,0.903775,1.051516,1.185107,0.994347,1.066571,1.202074
500,0.800000,0.500000,0.7,0.3,0.0,9,1.155526,1.017098,0.880203,1.172497,1.030058,0.000235,1.374513,0.000159,1.060862,0.903775,1.034772,1.160024,0.994347,1.051703,1.179004
500,0.800000,0.500000,0.7,0.3,0.0,10,1.155526,1.012709,0.876405,1.172497,1.025554,0.000235,1.374513,0.000159,1.051601,0.903775,1.021092,1.138244,0.994347,1.039887,1.159196
500,0.800000,0.500000,0.7,0.3,0.0,11,1.155526,1.009673,0.873778,1.172497,1.022414,0.000235,1.374513,0.000152,1.045177,0.903775,1.009795,1.119241,0.994347,1.030448,1.142133
500,0.800000,0.500000,0.7,0.3,0.0,12,1.155526,1.007180,0.871620,1.172497,1.019814,0.000235,1.374513,0.000147,1.039873,0.903775,1.000258,1.102474,0.994347,1.022762,1.127277
500,0.800000,0.500000,0.7,0.3,0.0,13,1.155526,1.005632,0.870280,1.172497,1.018192,0.000235,1.374513,0.000140,1.036574,0.903775,0.992117,1.087594,0.994347,1.016466,1.114287
500,0.800000,0.500000,0.7,0.3,0.0,14,1.155526,1.004510,0.869310,1.172497,1.016997,0.000235,1.374513,0.000138,1.034144,0.903775,0.985062,1.074335,0.994347,1.011253,1.102900
500,0.800000,0.500000,0.7,0.3,0.0,15,1.155526,1.003618,0.868538,1.172497,1.016063,0.000235,1.374513,0.000133,1.032251,0.903775,0.978897,1.062508,0.994347,1.006927,1.092931
500,0.800000,0.500000,0.7,0.3,0.0,16,1.155526,1.002969,0.867976,1.172497,1.015356,0.000235,1.374513,0.000130,1.030819,0.903775,0.973368,1.051736,0.994347,1.003230,1.084002
500,0.800000,0.500000,0.7,0.3,0.0,17,1.155526,1.003086,0.868077,1.172497,1.015467,0.000235,1.374513,0.000126,1.031049,0.903775,0.968397,1.041997,0.994347,1.000087,1.076095
500,0.800000,0.500000,0.7,0.3,0.0,18,1.155526,1.003001,0.868004,1.172497,1.015343,0.000235,1.374513,0.000119,1.030803,0.903775,0.963877,1.033150,0.994347,0.997390,1.069072
500,0.800000,0.500000,0.7,0.3,0.0,19,1.155526,1.003131,0.868116,1.172497,1.015432,0.000235,1.374513,0.000120,1.030983,0.903775,0.959708,1.025021,0.994347,0.995039,1.062757
500,0.800000,0.500000,0.7,0.3,0.0,20,1.155526,1.003596,0.868518,1.172497,1.015885,0.000235,1.374513,0.000118,1.031905,0.903775,0.955848,1.017528,0.994347,0.992991,1.057069
500,0.800000,0.500000,0.7,0.3,0.0,21,1.155526,1.004051,0.868912,1.172497,1.016320,0.000235,1.374513,0.000111,1.032796,0.903775,0.952245,1.010627,0.994347,0.991196,1.051966
500,0.800000,0.500000,0.7,0.3,0.0,22,1.155526,1.004701,0.869475,1.172497,1.016951,0.000235,1.374513,0.000110,1.034080,0.903775,0.948839,1.004169,0.994347,0.989592,1.047298
500,0.800000,0.500000,0.7,0.3,0.0,23,1.155526,1.005339,0.870027,1.172497,1.017586,0.000235,1.374513,0.000112,1.035369,0.903775,0.945649,0.998173,0.994347,0.988198,1.043086
500,0.800000,0.500000,0.7,0.3,0.0,24,1.155526,1.006184,0.870758,1.172497,1.018437,0.000235,1.374513,0.000104,1.037110,0.903775,0.942619,0.992558,0.994347,0.986960,1.039248
500,0.800000,0.500000,0.7,0.3,0.0,25,1.155526,1.007132,0.871578,1.172497,1.019364,0.000235,1.374513,0.000106,1.038998,0.903775,0.939733,0.987256,0.994347,0.985860,1.035716
500,0.800000,0.500000,0.7,0.3,0.0,26,1.155526,1.007864,0.872212,1.172497,1.020126,0.000235,1.374513,0.000102,1.040556,0.903775,0.936997,0.982279,0.994347,0.984906,1.032504
500,0.800000,0.500000,0.7,0.3,0.0,27,1.155526,1.008895,0.873105,1.172497,1.021130,0.000235,1.374513,0.000100,1.042608,0.903775,0.934389,0.977570,0.994347,0.984076,1.029553
500,0.800000,0.500000,0.7,0.3,0.0,28,1.155526,1.009978,0.874041,1.172497,1.022217,0.000235,1.374513,0.000097,1.044831,0.903775,0.931890,0.973068,0.994347,0.983350,1.026802
500,0.800000,0.500000,0.7,0.3,0.0,29,1.155526,1.011047,0.874967,1.172497,1.023293,0.000235,1.374513,0.000096,1.047034,0.903775,0.929510,0.968792,0.994347,0.982739,1.024271
500,0.800000,0.500000,0.7,0.3,0.0,30,1.155526,1.012296,0.876048,1.172497,1.024563,0.000235,1.374513,0.000093,1.049635,0.903775,0.927238,0.964699,0.994347,0.982234,1.021917
500,0.800000,0.500000,0.7,0.3,0.0,31,1.155526,1.013388,0.876992,1.172497,1.025648,0.000235,1.374513,0.000092,1.051861,0.903775,0.925064,0.960766,0.994347,0.981823,1.019715
500,0.800000,0.500000,0.7,0.3,0.0,32,1.155526,1.014884,0.878287,1.172497,1.027141,0.000235,1.374513,0.000088,1.054932,0.903775,0.922992,0.956983,0.994347,0.981511,1.017658
500,0.800000,0.500000,0.7,0.3,0.0,33,1.155526,1.016211,0.879436,1.172497,1.028470,0.000235,1.374513,0.000086,1.057664,0.903775,0.921028,0.953350,0.994347,0.981307,1.015744
500,0.800000,0.500000,0.7,0.3,0.0,34,1.155526,1.017485,0.880538,1.172497,1.029755,0.000235,1.374513,0.000084,1.060312,0.903775,0.919172,0.949843,0.994347,0.981209,1.013951
500,0.800000,0.500000,0.7,0.3,0.0,35,1.155526,1.019024,0.881870,1.172497,1.031313,0.000235,1.374513,0.000080,1.063526,0.903775,0.917402,0.946438,0.994347,0.981196,1.012251
500,0.800000,0.500000,0.7,0.3,0.0,36,1.155526,1.020595,0.883230,1.172497,1.032890,0.000235,1.374513,0.000080,1.066781,0.903775,0.915732,0.943125,0.994347,0.981283,1.010637
500,0.800000,0.500000,0.7,0.3,0.0,37,1.155526,1.022228,0.884643,1.172497,1.034540,0.000235,1.374513,0.000077,1.070196,0.903775,0.914169,0.939922,0.994347,0.981477,1.009127
500,0.800000,0.500000,0.7,0.3,0.0,38,1.155526,1.023804,0.886007,1.172497,1.036130,0.000235,1.374513,0.000074,1.073492,0.903775,0.912706,0.936798,0.994347,0.981774,1.007689
500,0.800000,0.500000,0.7,0.3,0.0,39,1.155526,1.025486,0.887463,1.172497,1.037833,0.000235,1.374513,0.000073,1.077024,0.903775,0.911342,0.933740,0.994347,0.982170,1.006308
500,0.800000,0.500000,0.7,0.3,0.0,40,1.155526,1.027367,0.889090,1.172497,1.039731,0.000235,1.374513,0.000070,1.080970,0.903775,0.910086,0.930762,0.994347,0.982678,1.005003
500,0.800000,0.500000,0.7,0.3,0.0,41,1.155526,1.029163,0.890645,1.172497,1.041535,0.000235,1.374513,0.000068,1.084728,0.903775,0.908936,0.927849,0.994347,0.983294,1.003756
500,0.800000,0.500000,0.7,0.3,0.0,42,1.155526,1.031150,0.892364,1.172497,1.043563,0.000235,1.374513,0.000066,1.088957,0.903775,0.907891,0.924989,0.994347,0.984022,1.002553
500,0.800000,0.500000,0.7,0.3,0.0,43,1.155526,1.033146,0.894091,1.172497,1.045565,0.000235,1.374513,0.000063,1.093143,0.903775,0.906957,0.922181,0.994347,0.984863,1.001396
500,0.800000,0.500000,0.7,0.3,0.0,44,1.155526,1.035172,0.895845,1.172497,1.047625,0.000235,1.374513,0.000059,1.097460,0.903775,0.906138,0.919430,0.994347,0.985828,1.000289
500,0.800000,0.500000,0.7,0.3,0.0,45,1.155526,1.037233,0.897629,1.172497,1.049709,0.000235,1.374513,0.000058,1.101830,0.903775,0.905437,0.916731,0.994347,0.986916,0.999227
500,0.800000,0.500000,0.7,0.3,0.0,46,1.155526,1.039426,0.899526,1.172497,1.051935,0.000235,1.374513,0.000057,1.106511,0.903775,0.904850,0.914062,0.994347,0.988128,0.998187
500,0.800000,0.500000,0.7,0.3,0.0,47,1.155526,1.041677,0.901475,1.172497,1.054226,0.000235,1.374513,0.000053,1.111339,0.903775,0.904388,0.911440,0.994347,0.989473,0.997188
500,0.800000,0.500000,0.7,0.3,0.0,48,1.155526,1.044033,0.903513,1.172497,1.056613,0.000235,1.374513,0.000051,1.116380,0.903775,0.904052,0.908848,0.994347,0.990954,0.996212
500,0.800000,0.500000,0.7,0.3,0.0,49,1.155526,1.046498,0.905646,1.172497,1.059110,0.000235,1.374513,0.000049,1.121665,0.903775,0.903846,0.906296,0.994347,0.992577,0.995268
500,0.800000,0.500000,0.7,0.3,0.0,50,1.155526,1.048999,0.907811,1.172497,1.061655,0.000235,1.374513,0.000046,1.127066,0.903775,nan,nan,0.994347,nan,nan
500,0.800000,0.100000,0.3,0.7,0.0,2,1.027701,1.019013,0.991546,1.042200,1.033433,0.000478,1.085704,0.000409,1.067574,0.920967,1.054611,1.082292,1.013263,1.056768,1.084505
500,0.800000,0.100000,0.3,0.7,0.0,3,1.027701,1.011523,0.984258,1.042200,1.025911,0.000478,1.085704,0.000347,1.052148,0.920967,1.035545,1.066409,1.013263,1.039781,1.070771
500,0.800000,0.100000,0.3,0.7,0.0,4,1.027701,1.006113,0.978993,1.042200,1.020479,0.000478,1.085704,0.000298,1.041080,0.920967,1.020784,1.053553,1.013263,1.027047,1.060018
500,0.800000,0.100000,0.3,0.7,0.0,5,1.027701,1.002440,0.975420,1.042200,1.016815,0.000478,1.085704,0.000260,1.033653,0.920967,1.009382,1.042765,1.013263,1.017640,1.051296
500,0.800000,0.100000,0.3,0.7,0.0,6,1.027701,0.999887,0.972935,1.042200,1.014240,0.000478,1.085704,0.000224,1.028459,0.920967,1.000435,1.033579,1.013263,1.010666,1.044149
500,0.800000,0.100000,0.3,0.7,0.0,7,1.027701,0.997937,0.971038,1.042200,1.012322,0.000478,1.085704,0.000195,1.024600,0.920967,0.993242,1.025643,1.013263,1.005430,1.038229
500,0.800000,0.100000,0.3,0.7,0.0,8,1.027701,0.996974,0.970101,1.042200,1.011381,0.000478,1.085704,0.000179,1.022712,0.920967,0.987319,1.018707,1.013263,1.001454,1.033291
500,0.800000,0.100000,0.3,0.7,0.0,9,1.027701,0.996135,0.969284,1.042200,1.010564,0.000478,1.085704,0.000160,1.021079,0.920967,0.982338,1.012584,1.013263,0.998411,1.029152
500,0.800000,0.100000,0.3,0.7,0.0,10,1.027701,0.995774,0.968934,1.042200,1.010226,0.000478,1.085704,0.000145,1.020411,0.920967,0.978048,1.007126,1.013263,0.996052,1.025665
500,0.800000,0.100000,0.3,0.7,0.0,11,1.027701,0.995519,0.968685,1.042200,1.009966,0.000478,1.085704,0.000135,1.019896,0.920967,0.974303,1.002238,1.013263,0.994230,1.022736
500,0.800000,0.100000,0.3,0.7,0.0,12,1.027701,0.995603,0.968767,1.042200,1.010082,0.000478,1.085704,0.000125,1.020141,0.920967,0.970969,0.997808,1.013263,0.992814,1.020256
500,0.800000,0.100000,0.3,0.7,0.0,13,1.027701,0.995581,0.968745,1.042200,1.010054,0.000478,1.085704,0.000116,1.020092,0.920967,0.967944,0.993766,1.013263,0.991701,1.018156
500,0.800000,0.100000,0.3,0.7,0.0,14,1.027701,0.995991,0.969144,1.042200,1.010466,0.000478,1.085704,0.000111,1.020930,0.920967,0.965184,0.990061,1.013263,0.990847,1.016385
500,0.800000,0.100000,0.3,0.7,0.0,15,1.027701,0.996248,0.969394,1.042200,1.010750,0.000478,1.085704,0.000107,1.021508,0.920967,0.962626,0.986633,1.013263,0.990190,1.014884
500,0.800000,0.100000,0.3,0.7,0.0,16,1.027701,0.996683,0.969817,1.042200,1.011198,0.000478,1.085704,0.000098,1.022424,0.920967,0.960231,0.983447,1.013263,0.989690,1.013618
500,0.800000,0.100000,0.3,0.7,0.0,17,1.027701,0.997123,0.970246,1.042200,1.011634,0.000478,1.085704,0.000094,1.023310,0.920967,0.957990,0.980479,1.013263,0.989339,1.012564
500,0.800000,0.100000,0.3,0.7,0.0,18,1.027701,0.997688,0.970796,1.042200,1.012215,0.000478,1.085704,0.000090,1.024488,0.920967,0.955858,0.977675,1.013263,0.989092,1.011668
500,0.800000,0.100000,0.3,0.7,0.0,19,1.027701,0.998257,0.971349,1.042200,1.012773,0.000478,1.085704,0.000086,1.025624,0.920967,0.953826,0.975037,1.013263,0.988940,1.010932
500,0.800000,0.100000,0.3,0.7,0.0,20,1.027701,0.998906,0.971981,1.042200,1.013452,0.000478,1.085704,0.000082,1.027004,0.920967,0.951891,0.972540,1.013263,0.988881,1.010333
500,0.800000,0.100000,0.3,0.7,0.0,21,1.027701,0.999488,0.972547,1.042200,1.014022,0.000478,1.085704,0.000079,1.028161,0.920967,0.950029,0.970152,1.013263,0.988890,1.009836
500,0.800000,0.100000,0.3,0.7,0.0,22,1.027701,1.000146,0.973187,1.042200,1.014688,0.000478,1.085704,0.000078,1.029513,0.920967,0.948245,0.967875,1.013263,0.988972,1.009446
500,0.800000,0.100000,0.3,0.7,0.0,23,1.027701,1.000935,0.973955,1.042200,1.015462,0.000478,1.085704,0.000076,1.031088,0.920967,0.946516,0.965681,1.013263,0.989105,1.009132
500,0.800000,0.100000,0.3,0.7,0.0,24,1.027701,1.001656,0.974656,1.042200,1.016190,0.000478,1.085704,0.000074,1.032568,0.920967,0.944858,0.963580,1.013263,0.989305,1.008908
500,0.800000,0.100000,0.3,0.7,0.0,25,1.027701,1.002402,0.975383,1.042200,1.016943,0.000478,1.085704,0.000072,1.034102,0.920967,0.943250,0.961541,1.013263,0.989550,1.008739
500,0.800000,0.100000,0.3,0.7,0.0,26,1.027701,1.003138,0.976099,1.042200,1.017665,0.000478,1.085704,0.000069,1.035574,0.920967,0.941696,0.959571,1.013263,0.989846,1.008634
500,0.800000,0.100000,0.3,0.7,0.0,27,1.027701,1.004027,0.976964,1.042200,1.018559,0.000478,1.085704,0.000069,1.037394,0.920967,0.940199,0.957653,1.013263,0.990195,1.008578
500,0.800000,0.100000,0.3,0.7,0.0,28,1.027701,1.004796,0.977712,1.042200,1.019328,0.000478,1.085704,0.000067,1.038963,0.920967,0.938746,0.955787,1.013263,0.990585,1.008567
500,0.800000,0.100000,0.3,0.7,0.0,29,1.027701,1.005679,0.978571,1.042200,1.020215,0.000478,1.085704,0.000066,1.040773,0.920967,0.937353,0.953975,1.013263,0.991032,1.008606
500,0.800000,0.100000,0.3,0.7,0.0,30,1.027701,1.006667,0.979532,1.042200,1.021203,0.000478,1.085704,0.000063,1.042793,0.920967,0.936001,0.952193,1.013263,0.991516,1.008670
500,0.800000,0.100000,0.3,0.7,0.0,31,1.027701,1.007610,0.980450,1.042200,1.022125,0.000478,1.085704,0.000063,1.044675,0.920967,0.934703,0.950455,1.013263,0.992053,1.008772
500,0.800000,0.100000,0.3,0.7,0.0,32,1.027701,1.008545,0.981360,1.042200,1.023073,0.000478,1.085704,0.000063,1.046616,0.920967,0.933447,0.948742,1.013263,0.992630,1.008894
500,0.800000,0.100000,0.3,0.7,0.0,33,1.027701,1.009601,0.982388,1.042200,1.024131,0.000478,1.085704,0.000062,1.048781,0.920967,0.932244,0.947063,1.013263,0.993257,1.009046
500,0.800000,0.100000,0.3,0.7,0.0,34,1.027701,1.010602,0.983362,1.042200,1.025135,0.000478,1.085704,0.000062,1.050839,0.920967,0.931090,0.945405,1.013263,0.993932,1.009213
500,0.800000,0.100000,0.3,0.7,0.0,35,1.027701,1.011826,0.984552,1.042200,1.026343,0.000478,1.085704,0.000060,1.053321,0.920967,0.929987,0.943773,1.013263,0.994656,1.009401
500,0.800000,0.100000,0.3,0.7,0.0,36,1.027701,1.013017,0.985712,1.042200,1.027519,0.000478,1.085704,0.000059,1.055735,0.920967,0.928935,0.942160,1.013263,0.995431,1.009603
500,0.800000,0.100000,0.3,0.7,0.0,37,1.027701,1.014131,0.986795,1.042200,1.028629,0.000478,1.085704,0.000060,1.058017,0.920967,0.927939,0.940569,1.013263,0.996261,1.009821
500,0.800000,0.100000,0.3,0.7,0.0,38,1.027701,1.015398,0.988028,1.042200,1.029891,0.000478,1.085704,0.000059,1.060615,0.920967,0.926997,0.938996,1.013263,0.997146,1.010053
500,0.800000,0.100000,0.3,0.7,0.0,39,1.027701,1.016654,0.989251,1.042200,1.031132,0.000478,1.085704,0.000059,1.063174,0.920967,0.926113,0.937437,1.013263,0.998089,1.010294
500,0.800000,0.100000,0.3,0.7,0.0,40,1.027701,1.017969,0.990530,1.042200,1.032448,0.000478,1.085704,0.000057,1.065891,0.920967,0.925287,0.935890,1.013263,0.999092,1.010541
500,0.800000,0.100000,0.3,0.7,0.0,41,1.027701,1.019395,0.991918,1.042200,1.033863,0.000478,1.085704,0.000058,1.068814,0.920967,0.924525,0.934360,1.013263,1.000159,1.010800
500,0.800000,0.100000,0.3,0.7,0.0,42,1.027701,1.020837,0.993321,1.042200,1.035285,0.000478,1.085704,0.000057,1.071758,0.920967,0.923828,0.932842,1.013263,1.001295,1.011065
500,0.800000,0.100000,0.3,0.7,0.0,43,1.027701,1.022365,0.994807,1.042200,1.036805,0.000478,1.085704,0.000057,1.074907,0.920967,0.923196,0.931332,1.013263,1.002498,1.011333
500,0.800000,0.100000,0.3,0.7,0.0,44,1.027701,1.023909,0.996310,1.042200,1.038340,0.000478,1.085704,0.000056,1.078094,0.920967,0.922633,0.929827,1.013263,1.003773,1.011600
500,0.800000,0.100000,0.3,0.7,0.0,45,1.027701,1.025554,0.997911,1.042200,1.039980,0.000478,1.085704,0.000055,1.081504,0.920967,0.922146,0.928335,1.013263,1.005130,1.011876
500,0.800000,0.100000,0.3,0.7,0.0,46,1.027701,1.027291,0.999601,1.042200,1.041710,0.000478,1.085704,0.000054,1.085106,0.920967,0.921736,0.926848,1.013263,1.006568,1.012151
500,0.800000,0.100000,0.3,0.7,0.0,47,1.027701,1.028957,1.001222,1.042200,1.043373,0.000478,1.085704,0.000054,1.088573,0.920967,0.921409,0.925371,1.013263,1.008095,1.012430
500,0.800000,0.100000,0.3,0.7,0.0,48,1.027701,1.030890,1.003103,1.042200,1.045291,0.000478,1.085704,0.000054,1.092579,0.920967,0.921168,0.923899,1.013263,1.009716,1.012709
500,0.800000,0.100000,0.3,0.7,0.0,49,1.027701,1.032793,1.004954,1.042200,1.047184,0.000478,1.085704,0.000053,1.096541,0.920967,0.921019,0.922431,1.013263,1.011436,1.012987
500,0.800000,0.100000,0.3,0.7,0.0,50,1.027701,1.034810,1.006917,1.042200,1.049196,0.000478,1.085704,0.000052,1.100761,0.920967,nan,nan,1.013263,nan,nan
500,0.800000,0.100000,0.7,0.3,0.0,2,1.004369,1.000055,0.995705,1.017436,1.013028,0.000248,1.034929,0.000225,1.026001,0.922477,1.029553,1.053906,1.014924,1.031658,1.056061
500,0.800000,0.100000,0.7,0.3,0.0,3,1.004369,0.996374,0.992040,1.017436,1.009274,0.000248,1.034929,0.000201,1.018432,0.922477,1.017586,1.041052,1.014924,1.021749,1.045310
500,0.800000,0.100000,0.7,0.3,0.0,4,1.004369,0.993817,0.989493,1.017436,1.006638,0.000248,1.034929,0.000183,1.013137,0.922477,1.007818,1.031508,1.014924,1.014002,1.037837
500,0.800000,0.100000,0.7,0.3,0.0,5,1.004369,0.991979,0.987663,1.017436,1.004764,0.000248,1.034929,0.000164,1.009386,0.922477,0.999849,1.023736,1.014924,1.008029,1.032111
500,0.800000,0.100000,0.7,0.3,0.0,6,1.004369,0.990828,0.986518,1.017436,1.003598,0.000248,1.034929,0.000153,1.007056,0.922477,0.993223,1.017118,1.014924,1.003380,1.027519
500,0.800000,0.100000,0.7,0.3,0.0,7,1.004369,0.989925,0.985619,1.017436,1.002665,0.000248,1.034929,0.000139,1.005198,0.922477,0.987629,1.011361,1.014924,0.999749,1.023772
500,0.800000,0.100000,0.7,0.3,0.0,8,1.004369,0.989367,0.985063,1.017436,1.002099,0.000248,1.034929,0.000130,1.004073,0.922477,0.982793,1.006243,1.014924,0.996863,1.020649
500,0.800000,0.100000,0.7,0.3,0.0,9,1.004369,0.989075,0.984772,1.017436,1.001786,0.000248,1.034929,0.000121,1.003454,0.922477,0.978558,1.001658,1.014924,0.994569,1.018047
500,0.800000,0.100000,0.7,0.3,0.0,10,1.004369,0.989081,0.984778,1.017436,1.001781,0.000248,1.034929,0.000114,1.003450,0.922477,0.974774,0.997488,1.014924,0.992717,1.015849
500,0.800000,0.100000,0.7,0.3,0.0,11,1.004369,0.989104,0.984802,1.017436,1.001809,0.000248,1.034929,0.000108,1.003513,0.922477,0.971357,0.993679,1.014924,0.991224,1.014002
500,0.800000,0.100000,0.7,0.3,0.0,12,1.004369,0.989355,0.985051,1.017436,1.002046,0.000248,1.034929,0.000102,1.003993,0.922477,0.968234,0.990159,1.014924,0.990016,1.012435
500,0.800000,0.100000,0.7,0.3,0.0,13,1.004369,0.989660,0.985355,1.017436,1.002340,0.000248,1.034929,0.000097,1.004588,0.922477,0.965349,0.986895,1.014924,0.989042,1.011116
500,0.800000,0.100000,0.7,0.3,0.0,14,1.004369,0.989944,0.985638,1.017436,1.002635,0.000248,1.034929,0.000092,1.005185,0.922477,0.962671,0.983852,1.014924,0.988267,1.010011
500,0.800000,0.100000,0.7,0.3,0.0,15,1.004369,0.990420,0.986111,1.017436,1.003109,0.000248,1.034929,0.000089,1.006139,0.922477,0.960157,0.980985,1.014924,0.987650,1.009074
500,0.800000,0.100000,0.7,0.3,0.0,16,1.004369,0.990844,0.986533,1.017436,1.003539,0.000248,1.034929,0.000083,1.007006,0.922477,0.957789,0.978286,1.014924,0.987173,1.008298
500,0.800000,0.100000,0.7,0.3,0.0,17,1.004369,0.991365,0.987052,1.017436,1.004054,0.000248,1.034929,0.000081,1.008045,0.922477,0.955551,0.975719,1.014924,0.986820,1.007648
500,0.800000,0.100000,0.7,0.3,0.0,18,1.004369,0.991941,0.987626,1.017436,1.004626,0.000248,1.034929,0.000077,1.009196,0.922477,0.953432,0.973282,1.014924,0.986582,1.007122
500,0.800000,0.100000,0.7,0.3,0.0,19,1.004369,0.992438,0.988121,1.017436,1.005136,0.000248,1.034929,0.000075,1.010223,0.922477,0.951419,0.970958,1.014924,0.986444,1.006703
500,0.800000,0.100000,0.7,0.3,0.0,20,1.004369,0.993054,0.988734,1.017436,1.005756,0.000248,1.034929,0.000073,1.011473,0.922477,0.949496,0.968723,1.014924,0.986393,1.006368
500,0.800000,0.100000,0.7,0.3,0.0,21,1.004369,0.993719,0.989397,1.017436,1.006414,0.000248,1.034929,0.000070,1.012798,0.922477,0.947658,0.966576,1.014924,0.986421,1.006113
500,0.800000,0.100000,0.7,0.3,0.0,22,1.004369,0.994375,0.990050,1.017436,1.007069,0.000248,1.034929,0.000066,1.014121,0.922477,0.945913,0.964515,1.014924,0.986540,1.005941
500,0.800000,0.100000,0.7,0.3,0.0,23,1.004369,0.995104,0.990775,1.017436,1.007802,0.000248,1.034929,0.000066,1.015600,0.922477,0.944241,0.962519,1.014924,0.986728,1.005828
500,0.800000,0.100000,0.7,0.3,0.0,24,1.004369,0.995743,0.991411,1.017436,1.008456,0.000248,1.034929,0.000063,1.016920,0.922477,0.942642,0.960588,1.014924,0.986984,1.005774
500,0.800000,0.100000,0.7,0.3,0.0,25,1.004369,0.996494,0.992159,1.017436,1.009217,0.000248,1.034929,0.000061,1.018459,0.922477,0.941115,0.958712,1.014924,0.987310,1.005771
500,0.800000,0.100000,0.7,0.3,0.0,26,1.004369,0.997288,0.992950,1.017436,1.010028,0.000248,1.034929,0.000058,1.020097,0.922477,0.939662,0.956895,1.014924,0.987707,1.005822
500,0.800000,0.100000,0.7,0.3,0.0,27,1.004369,0.998082,0.993741,1.017436,1.010819,0.000248,1.034929,0.000056,1.021698,0.922477,0.938265,0.955121,1.014924,0.988158,1.005911
500,0.800000,0.100000,0.7,0.3,0.0,28,1.004369,0.998808,0.994463,1.017436,1.011558,0.000248,1.034929,0.000054,1.023195,0.922477,0.936938,0.953396,1.014924,0.988677,1.006044
500,0.800000,0.100000,0.7,0.3,0.0,29,1.004369,0.999733,0.995385,1.017436,1.012475,0.000248,1.034929,0.000052,1.025054,0.922477,0.935673,0.951711,1.014924,0.989255,1.006212
500,0.800000,0.100000,0.7,0.3,0.0,30,1.004369,1.000539,0.996187,1.017436,1.013303,0.000248,1.034929,0.000051,1.026732,0.922477,0.934464,0.950061,1.014924,0.989888,1.006410
500,0.800000,0.100000,0.7,0.3,0.0,31,1.004369,1.001481,0.997125,1.017436,1.014251,0.000248,1.034929,0.000049,1.028655,0.922477,0.933321,0.948456,1.014924,0.990587,1.006650
500,0.800000,0.100000,0.7,0.3,0.0,32,1.004369,1.002322,0.997962,1.017436,1.015111,0.000248,1.034929,0.000048,1.030403,0.922477,0.932235,0.946880,1.014924,0.991341,1.006914
500,0.800000,0.100000,0.7,0.3,0.0,33,1.004369,1.003290,0.998925,1.017436,1.016091,0.000248,1.034929,0.000046,1.032396,0.922477,0.931208,0.945335,1.014924,0.992153,1.007205
500,0.800000,0.100000,0.7,0.3,0.0,34,1.004369,1.004093,0.999725,1.017436,1.016890,0.000248,1.034929,0.000043,1.034022,0.922477,0.930235,0.943816,1.014924,0.993019,1.007517
500,0.800000,0.100000,0.7,0.3,0.0,35,1.004369,1.005098,1.000726,1.017436,1.017922,0.000248,1.034929,0.000042,1.036123,0.922477,0.929322,0.942331,1.014924,0.993946,1.007859
500,0.800000,0.100000,0.7,0.3,0.0,36,1.004369,1.006104,1.001728,1.017436,1.018931,0.000248,1.034929,0.000041,1.038180,0.922477,0.928466,0.940871,1.014924,0.994928,1.008221
500,0.800000,0.100000,0.7,0.3,0.0,37,1.004369,1.006988,1.002608,1.017436,1.019839,0.000248,1.034929,0.000039,1.040033,0.922477,0.927663,0.939431,1.014924,0.995965,1.008600
500,0.800000,0.100000,0.7,0.3,0.0,38,1.004369,1.008045,1.003660,1.017436,1.020913,0.000248,1.034929,0.000037,1.042225,0.922477,0.926916,0.938014,1.014924,0.997059,1.008997
500,0.800000,0.100000,0.7,0.3,0.0,39,1.004369,1.009039,1.004650,1.017436,1.021923,0.000248,1.034929,0.000036,1.044291,0.922477,0.926227,0.936620,1.014924,0.998212,1.009413
500,0.800000,0.100000,0.7,0.3,0.0,40,1.004369,1.010156,1.005762,1.017436,1.023065,0.000248,1.034929,0.000035,1.046627,0.922477,0.925594,0.935250,1.014924,0.999424,1.009849
500,0.800000,0.100000,0.7,0.3,0.0,41,1.004369,1.011271,1.006872,1.017436,1.024197,0.000248,1.034929,0.000032,1.048946,0.922477,0.925017,0.933898,1.014924,1.000692,1.010299
500,0.800000,0.100000,0.7,0.3,0.0,42,1.004369,1.012375,1.007971,1.017436,1.025313,0.000248,1.034929,0.000032,1.051234,0.922477,0.924497,0.932564,1.014924,1.002021,1.010764
500,0.800000,0.100000,0.7,0.3,0.0,43,1.004369,1.013461,1.009053,1.017436,1.026422,0.000248,1.034929,0.000030,1.053513,0.922477,0.924036,0.931251,1.014924,1.003410,1.011246
500,0.800000,0.100000,0.7,0.3,0.0,44,1.004369,1.014570,1.010156,1.017436,1.027559,0.000248,1.034929,0.000029,1.055849,0.922477,0.923631,0.929954,1.014924,1.004860,1.011739
500,0.800000,0.100000,0.7,0.3,0.0,45,1.004369,1.015810,1.011391,1.017436,1.028809,0.000248,1.034929,0.000029,1.058419,0.922477,0.923285,0.928668,1.014924,1.006371,1.012240
500,0.800000,0.100000,0.7,0.3,0.0,46,1.004369,1.017005,1.012581,1.017436,1.030024,0.000248,1.034929,0.000027,1.060922,0.922477,0.922999,0.927401,1.014924,1.007947,1.012754
500,0.800000,0.100000,0.7,0.3,0.0,47,1.004369,1.018277,1.013848,1.017436,1.031323,0.000248,1.034929,0.000025,1.063602,0.922477,0.922774,0.926150,1.014924,1.009589,1.013283
500,0.800000,0.100000,0.7,0.3,0.0,48,1.004369,1.019596,1.015161,1.017436,1.032668,0.000248,1.034929,0.000024,1.066379,0.922477,0.922611,0.924911,1.014924,1.011298,1.013819
500,0.800000,0.100000,0.7,0.3,0.0,49,1.004369,1.020896,1.016455,1.017436,1.033990,0.000248,1.034929,0.000023,1.069112,0.922477,0.922511,0.923689,1.014924,1.013075,1.014368
500,0.800000,0.100000,0.7,0.3,0.0,50,1.004369,1.022237,1.017791,1.017436,1.035357,0.000248,1.034929,0.000022,1.071942,0.922477,nan,nan,1.014924,nan,nan
100,0.000000,0.300000,0.3,0.7,0.0,2,1.097533,1.087280,0.990658,1.112716,1.102198,0.000098,1.238039,0.000094,1.214747,0.468646,1.160282,1.244834,0.726491,1.173366,1.258873
100,0.000000,0.300000,0.3,0.7,0.0,3,1.097533,1.075070,0.979533,1.112716,1.089693,0.000098,1.238039,0.000089,1.187343,0.468646,1.106842,1.198503,0.726491,1.131802,1.225533
100,0.000000,0.300000,0.3,0.7,0.0,4,1.097533,1.064053,0.969495,1.112716,1.078472,0.000098,1.238039,0.000085,1.163017,0.468646,1.057876,1.160041,0.726491,1.093655,1.199282
100,0.000000,0.300000,0.3,0.7,0.0,5,1.097533,1.055526,0.961727,1.112716,1.069762,0.000098,1.238039,0.000082,1.144310,0.468646,1.014956,1.126071,0.726491,1.060723,1.176857
100,0.000000,0.300000,0.3,0.7,0.0,6,1.097533,1.048694,0.955501,1.112716,1.062806,0.000098,1.238039,0.000084,1.129472,0.468646,0.977638,1.095353,0.726491,1.032739,1.157100
100,0.000000,0.300000,0.3,0.7,0.0,7,1.097533,1.043403,0.950681,1.112716,1.057399,0.000098,1.238039,0.000077,1.118015,0.468646,0.945138,1.067369,0.726491,1.009057,1.139569
100,0.000000,0.300000,0.3,0.7,0.0,8,1.097533,1.039961,0.947545,1.112716,1.053882,0.000098,1.238039,0.000081,1.110586,0.468646,0.916482,1.041554,0.726491,0.988789,1.123745
100,0.000000,0.300000,0.3,0.7,0.0,9,1.097533,1.037319,0.945137,1.112716,1.051174,0.000098,1.238039,0.000084,1.104884,0.468646,0.890895,1.017562,0.726491,0.971221,1.109327
100,0.000000,0.300000,0.3,0.7,0.0,10,1.097533,1.035779,0.943734,1.112716,1.049554,0.000098,1.238039,0.000083,1.101481,0.468646,0.867963,0.995273,0.726491,0.955999,1.096242
100,0.000000,0.300000,0.3,0.7,0.0,11,1.097533,1.035189,0.943197,1.112716,1.048984,0.000098,1.238039,0.000085,1.100282,0.468646,0.847100,0.974370,0.726491,0.942561,1.084197
100,0.000000,0.300000,0.3,0.7,0.0,12,1.097533,1.035085,0.943102,1.112716,1.048875,0.000098,1.238039,0.000084,1.100054,0.468646,0.827874,0.954661,0.726491,0.930493,1.073021
100,0.000000,0.300000,0.3,0.7,0.0,13,1.097533,1.035818,0.943770,1.112716,1.049628,0.000098,1.238039,0.000087,1.101632,0.468646,0.810104,0.936051,0.726491,0.919642,1.062649
100,0.000000,0.300000,0.3,0.7,0.0,14,1.097533,1.037253,0.945077,1.112716,1.051112,0.000098,1.238039,0.000091,1.104746,0.468646,0.793374,0.918270,0.726491,0.909583,1.052806
100,0.000000,0.300000,0.3,0.7,0.0,15,1.097533,1.039359,0.946996,1.112716,1.053161,0.000098,1.238039,0.000088,1.109060,0.468646,0.777606,0.901320,0.726491,0.900259,1.043524
100,0.000000,0.300000,0.3,0.7,0.0,16,1.097533,1.041954,0.949361,1.112716,1.055805,0.000098,1.238039,0.000092,1.114632,0.468646,0.762705,0.885147,0.726491,0.891593,1.034769
100,0.000000,0.300000,0.3,0.7,0.0,17,1.097533,1.044954,0.952094,1.112716,1.058862,0.000098,1.238039,0.000093,1.121096,0.468646,0.748384,0.869494,0.726491,0.883273,1.026259
100,0.000000,0.300000,0.3,0.7,0.0,18,1.097533,1.048407,0.955239,1.112716,1.062373,0.000098,1.238039,0.000104,1.128533,0.468646,0.734705,0.854457,0.726491,0.875395,1.018132
100,0.000000,0.300000,0.3,0.7,0.0,19,1.097533,1.052180,0.958678,1.112716,1.066211,0.000098,1.238039,0.000104,1.136701,0.468646,0.721472,0.839845,0.726491,0.867743,1.010175
100,0.000000,0.300000,0.3,0.7,0.0,20,1.097533,1.057128,0.963186,1.112716,1.071199,0.000098,1.238039,0.000111,1.147356,0.468646,0.708705,0.825725,0.726491,0.860358,1.002486
100,0.000000,0.300000,0.3,0.7,0.0,21,1.097533,1.062019,0.967643,1.112716,1.076216,0.000098,1.238039,0.000117,1.158123,0.468646,0.696281,0.811910,0.726491,0.853103,0.994849
100,0.000000,0.300000,0.3,0.7,0.0,22,1.097533,1.067543,0.972676,1.112716,1.081794,0.000098,1.238039,0.000124,1.170154,0.468646,0.684217,0.798446,0.726491,0.846014,0.987336
100,0.000000,0.300000,0.3,0.7,0.0,23,1.097533,1.073275,0.977898,1.112716,1.087655,0.000098,1.238039,0.000130,1.182863,0.468646,0.672477,0.785289,0.726491,0.839054,0.979901
100,0.000000,0.300000,0.3,0.7,0.0,24,1.097533,1.079599,0.983660,1.112716,1.094093,0.000098,1.238039,0.000134,1.196906,0.468646,0.660985,0.772364,0.726491,0.832141,0.972461
100,0.000000,0.300000,0.3,0.7,0.0,25,1.097533,1.086515,0.989962,1.112716,1.101125,0.000098,1.238039,0.000149,1.212328,0.468646,0.649737,0.759635,0.726491,0.825280,0.964977
100,0.000000,0.300000,0.3,0.7,0.0,26,1.097533,1.094350,0.997100,1.112716,1.109170,0.000098,1.238039,0.000147,1.230112,0.468646,0.638786,0.747141,0.726491,0.818543,0.957506
100,0.000000,0.300000,0.3,0.7,0.0,27,1.097533,1.102179,1.004234,1.112716,1.117130,0.000098,1.238039,0.000162,1.247817,0.468646,0.628040,0.734793,0.726491,0.811824,0.949941
100,0.000000,0.300000,0.3,0.7,0.0,28,1.097533,1.110898,1.012178,1.112716,1.125980,0.000098,1.238039,0.000171,1.267661,0.468646,0.617556,0.722603,0.726491,0.805202,0.942303
100,0.000000,0.300000,0.3,0.7,0.0,29,1.097533,1.120471,1.020900,1.112716,1.135828,0.000098,1.238039,0.000182,1.289924,0.468646,0.607296,0.710559,0.726491,0.798638,0.934580
100,0.000000,0.300000,0.3,0.7,0.0,30,1.097533,1.130605,1.030134,1.112716,1.146073,0.000098,1.238039,0.000195,1.313289,0.468646,0.597240,0.698600,0.726491,0.792113,0.926696
100,0.000000,0.300000,0.3,0.7,0.0,31,1.097533,1.141666,1.040212,1.112716,1.157367,0.000098,1.238039,0.000205,1.339293,0.468646,0.587451,0.686774,0.726491,0.785717,0.918723
100,0.000000,0.300000,0.3,0.7,0.0,32,1.097533,1.153226,1.050744,1.112716,1.169157,0.000098,1.238039,0.000216,1.366713,0.468646,0.577890,0.674997,0.726491,0.779407,0.910545
100,0.000000,0.300000,0.3,0.7,0.0,33,1.097533,1.165721,1.062129,1.112716,1.181880,0.000098,1.238039,0.000231,1.396608,0.468646,0.568578,0.663324,0.726491,0.773220,0.902243
100,0.000000,0.300000,0.3,0.7,0.0,34,1.097533,1.179360,1.074555,1.112716,1.195735,0.000098,1.238039,0.000249,1.429534,0.468646,0.559503,0.651673,0.726491,0.767147,0.893706
100,0.000000,0.300000,0.3,0.7,0.0,35,1.097533,1.193835,1.087744,1.112716,1.210437,0.000098,1.238039,0.000254,1.464904,0.468646,0.550690,0.640093,0.726491,0.761232,0.885005
100,0.000000,0.300000,0.3,0.7,0.0,36,1.097533,1.209379,1.101907,1.112716,1.226353,0.000098,1.238039,0.000279,1.503663,0.468646,0.542207,0.628617,0.726491,0.755577,0.876185
100,0.000000,0.300000,0.3,0.7,0.0,37,1.097533,1.225991,1.117043,1.112716,1.243270,0.000098,1.238039,0.000280,1.545439,0.468646,0.533969,0.617125,0.726491,0.750075,0.867084
100,0.000000,0.300000,0.3,0.7,0.0,38,1.097533,1.244338,1.133760,1.112716,1.261918,0.000098,1.238039,0.000330,1.592108,0.468646,0.526054,0.605655,0.726491,0.744844,0.857753
100,0.000000,0.300000,0.3,0.7,0.0,39,1.097533,1.263599,1.151309,1.112716,1.281569,0.000098,1.238039,0.000346,1.642074,0.468646,0.518456,0.594212,0.726491,0.739887,0.848200
100,0.000000,0.300000,0.3,0.7,0.0,40,1.097533,1.284666,1.170504,1.112716,1.302961,0.000098,1.238039,0.000355,1.697351,0.468646,0.511233,0.582807,0.726491,0.735299,0.838444
100,0.000000,0.300000,0.3,0.7,0.0,41,1.097533,1.307707,1.191497,1.112716,1.326410,0.000098,1.238039,0.000391,1.758973,0.468646,0.504396,0.571402,0.726491,0.731106,0.828428
100,0.000000,0.300000,0.3,0.7,0.0,42,1.097533,1.331978,1.213612,1.112716,1.351021,0.000098,1.238039,0.000411,1.824846,0.468646,0.497976,0.560014,0.726491,0.727370,0.818180
100,0.000000,0.300000,0.3,0.7,0.0,43,1.097533,1.358729,1.237985,1.112716,1.378334,0.000098,1.238039,0.000435,1.899370,0.468646,0.491989,0.548600,0.726491,0.724127,0.807634
100,0.000000,0.300000,0.3,0.7,0.0,44,1.097533,1.387843,1.264512,1.112716,1.407924,0.000098,1.238039,0.000479,1.981770,0.468646,0.486527,0.537214,0.726491,0.721528,0.796872
100,0.000000,0.300000,0.3,0.7,0.0,45,1.097533,1.419533,1.293386,1.112716,1.440236,0.000098,1.238039,0.000522,2.073757,0.468646,0.481637,0.525841,0.726491,0.719662,0.785871
100,0.000000,0.300000,0.3,0.7,0.0,46,1.097533,1.454305,1.325067,1.112716,1.475601,0.000098,1.238039,0.000542,2.176855,0.468646,0.477358,0.514430,0.726491,0.718607,0.774556
100,0.000000,0.300000,0.3,0.7,0.0,47,1.097533,1.492727,1.360075,1.112716,1.514724,0.000098,1.238039,0.000598,2.293790,0.468646,0.473802,0.503011,0.726491,0.718555,0.762971
100,0.000000,0.300000,0.3,0.7,0.0,48,1.097533,1.535097,1.398680,1.112716,1.557828,0.000098,1.238039,0.000632,2.426196,0.468646,0.471069,0.491570,0.726491,0.719684,0.751091
100,0.000000,0.300000,0.3,0.7,0.0,49,1.097533,1.581578,1.441030,1.112716,1.605147,0.000098,1.238039,0.000681,2.575817,0.468646,0.469293,0.480125,0.726491,0.722229,0.738948
100,0.000000,0.300000,0.3,0.7,0.0,50,1.097533,1.634022,1.488814,1.112716,1.658573,0.000098,1.238039,0.000729,2.750137,0.468646,nan,nan,0.726491,nan,nan
100,0.000000,0.300000,0.7,0.3,0.0,2,1.050227,1.045216,0.995228,1.063800,1.058670,0.000012,1.131658,0.000016,1.120766,0.485466,1.072718,1.178704,0.752731,1.084815,1.191997
100,0.000000,0.300000,0.7,0.3,0.0,3,1.050227,1.039738,0.990013,1.063800,1.053139,0.000012,1.131658,0.000022,1.109079,0.485466,1.035258,1.129630,0.752731,1.058604,1.155107
100,0.000000,0.300000,0.7,0.3,0.0,4,1.050227,1.034839,0.985348,1.063800,1.048144,0.000012,1.131658,0.000029,1.098578,0.485466,0.999751,1.094898,0.752731,1.033565,1.131937
100,0.000000,0.300000,0.7,0.3,0.0,5,1.050227,1.031101,0.981788,1.063800,1.044357,0.000012,1.131658,0.000039,1.090641,0.485466,0.966861,1.066380,0.752731,1.010459,1.114476
100,0.000000,0.300000,0.7,0.3,0.0,6,1.050227,1.028081,0.978913,1.063800,1.041318,0.000012,1.131658,0.000044,1.084299,0.485466,0.936500,1.041278,0.752731,0.989281,1.099979
100,0.000000,0.300000,0.7,0.3,0.0,7,1.050227,1.025796,0.976737,1.063800,1.039054,0.000012,1.131658,0.000055,1.079579,0.485466,0.908692,1.018553,0.752731,0.970143,1.087453
100,0.000000,0.300000,0.7,0.3,0.0,8,1.050227,1.023845,0.974879,1.063800,1.037092,0.000012,1.131658,0.000059,1.075500,0.485466,0.882988,0.997435,0.752731,0.952647,1.076147
100,0.000000,0.300000,0.7,0.3,0.0,9,1.050227,1.022781,0.973866,1.063800,1.036024,0.000012,1.131658,0.000066,1.073280,0.485466,0.859267,0.977642,0.752731,0.936733,1.065808
100,0.000000,0.300000,0.7,0.3,0.0,10,1.050227,1.022074,0.973193,1.063800,1.035390,0.000012,1.131658,0.000073,1.071959,0.485466,0.837303,0.958907,0.752731,0.922219,1.056189
100,0.000000,0.300000,0.7,0.3,0.0,11,1.050227,1.022085,0.973203,1.063800,1.035429,0.000012,1.131658,0.000082,1.072030,0.485466,0.816908,0.941092,0.752731,0.908954,1.047168
100,0.000000,0.300000,0.7,0.3,0.0,12,1.050227,1.022555,0.973651,1.063800,1.035945,0.000012,1.131658,0.000092,1.073090,0.485466,0.797864,0.924012,0.752731,0.896748,1.038572
100,0.000000,0.300000,0.7,0.3,0.0,13,1.050227,1.023234,0.974298,1.063800,1.036675,0.000012,1.131658,0.000095,1.074599,0.485466,0.780070,0.907630,0.752731,0.885532,1.030383
100,0.000000,0.300000,0.7,0.3,0.0,14,1.050227,1.024752,0.975743,1.063800,1.038258,0.000012,1.131658,0.000108,1.077872,0.485466,0.763381,0.891829,0.752731,0.875180,1.022490
100,0.000000,0.300000,0.7,0.3,0.0,15,1.050227,1.026641,0.977542,1.063800,1.040217,0.000012,1.131658,0.000112,1.081940,0.485466,0.747651,0.876552,0.752731,0.865562,1.014846
100,0.000000,0.300000,0.7,0.3,0.0,16,1.050227,1.028743,0.979543,1.063800,1.042439,0.000012,1.131658,0.000120,1.086559,0.485466,0.732855,0.861796,0.752731,0.856681,1.007467
100,0.000000,0.300000,0.7,0.3,0.0,17,1.050227,1.030979,0.981672,1.063800,1.044706,0.000012,1.131658,0.000131,1.091280,0.485466,0.718859,0.847501,0.752731,0.848410,1.000298
100,0.000000,0.300000,0.7,0.3,0.0,18,1.050227,1.034259,0.984796,1.063800,1.048112,0.000012,1.131658,0.000137,1.098401,0.485466,0.705589,0.833593,0.752731,0.840688,0.993267
100,0.000000,0.300000,0.7,0.3,0.0,19,1.050227,1.037775,0.988143,1.063800,1.051729,0.000012,1.131658,0.000145,1.105989,0.485466,0.692961,0.820047,0.752731,0.833439,0.986358
100,0.000000,0.300000,0.7,0.3,0.0,20,1.050227,1.041228,0.991431,1.063800,1.055203,0.000012,1.131658,0.000151,1.113303,0.485466,0.680947,0.806856,0.752731,0.826648,0.979574
100,0.000000,0.300000,0.7,0.3,0.0,21,1.050227,1.045088,0.995106,1.063800,1.059124,0.000012,1.131658,0.000164,1.121580,0.485466,0.669508,0.794014,0.752731,0.820291,0.972920
100,0.000000,0.300000,0.7,0.3,0.0,22,1.050227,1.049326,0.999142,1.063800,1.063480,0.000012,1.131658,0.000173,1.130817,0.485466,0.658534,0.781422,0.752731,0.814252,0.966285
100,0.000000,0.300000,0.7,0.3,0.0,23,1.050227,1.054340,1.003916,1.063800,1.068621,0.000012,1.131658,0.000178,1.141773,0.485466,0.647979,0.769073,0.752731,0.808486,0.959667
100,0.000000,0.300000,0.7,0.3,0.0,24,1.050227,1.059316,1.008654,1.063800,1.073712,0.000012,1.131658,0.000176,1.152682,0.485466,0.637880,0.757005,0.752731,0.803058,0.953124
100,0.000000,0.300000,0.7,0.3,0.0,25,1.050227,1.064887,1.013958,1.063800,1.079303,0.000012,1.131658,0.000194,1.164702,0.485466,0.628159,0.745146,0.752731,0.797880,0.946575
100,0.000000,0.300000,0.7,0.3,0.0,26,1.050227,1.070630,1.019427,1.063800,1.085135,0.000012,1.131658,0.000196,1.177321,0.485466,0.618830,0.733520,0.752731,0.792984,0.940057
100,0.000000,0.300000,0.7,0.3,0.0,27,1.050227,1.077140,1.025626,1.063800,1.091767,0.000012,1.131658,0.000206,1.191748,0.485466,0.609822,0.722083,0.752731,0.788292,0.933519
100,0.000000,0.300000,0.7,0.3,0.0,28,1.050227,1.084429,1.032566,1.063800,1.099156,0.000012,1.131658,0.000202,1.207942,0.485466,0.601129,0.710817,0.752731,0.783808,0.926946
100,0.000000,0.300000,0.7,0.3,0.0,29,1.050227,1.091538,1.039335,1.063800,1.106316,0.000012,1.131658,0.000208,1.223727,0.485466,0.592708,0.699686,0.752731,0.779485,0.920296
100,0.000000,0.300000,0.7,0.3,0.0,30,1.050227,1.099807,1.047208,1.063800,1.114723,0.000012,1.131658,0.000224,1.242383,0.485466,0.584597,0.688729,0.752731,0.775382,0.913625
100,0.000000,0.300000,0.7,0.3,0.0,31,1.050227,1.108442,1.055431,1.063800,1.123458,0.000012,1.131658,0.000221,1.261938,0.485466,0.576770,0.677928,0.752731,0.771475,0.906914
100,0.000000,0.300000,0.7,0.3,0.0,32,1.050227,1.117492,1.064048,1.063800,1.132546,0.000012,1.131658,0.000228,1.282433,0.485466,0.569163,0.667203,0.752731,0.767687,0.900062
100,0.000000,0.300000,0.7,0.3,0.0,33,1.050227,1.127026,1.073126,1.063800,1.142228,0.000012,1.131658,0.000234,1.304450,0.485466,0.561863,0.656654,0.752731,0.764146,0.893207
100,0.000000,0.300000,0.7,0.3,0.0,34,1.050227,1.137798,1.083383,1.063800,1.153099,0.000012,1.131658,0.000238,1.329399,0.485466,0.554774,0.646128,0.752731,0.760728,0.886145
100,0.000000,0.300000,0.7,0.3,0.0,35,1.050227,1.148833,1.093889,1.063800,1.164223,0.000012,1.131658,0.000249,1.355166,0.485466,0.547969,0.635772,0.752731,0.757542,0.879079
100,0.000000,0.300000,0.7,0.3,0.0,36,1.050227,1.161230,1.105694,1.063800,1.176757,0.000012,1.131658,0.000244,1.384512,0.485466,0.541404,0.625480,0.752731,0.754537,0.871868
100,0.000000,0.300000,0.7,0.3,0.0,37,1.050227,1.174439,1.118271,1.063800,1.190077,0.000012,1.131658,0.000248,1.416035,0.485466,0.535087,0.615254,0.752731,0.751731,0.864516
100,0.000000,0.300000,0.7,0.3,0.0,38,1.050227,1.188427,1.131591,1.063800,1.204203,0.000012,1.131658,0.000262,1.449843,0.485466,0.529029,0.605077,0.752731,0.749149,0.857002
100,0.000000,0.300000,0.7,0.3,0.0,39,1.050227,1.203576,1.146015,1.063800,1.219500,0.000012,1.131658,0.000255,1.486925,0.485466,0.523248,0.594977,0.752731,0.746825,0.849368
100,0.000000,0.300000,0.7,0.3,0.0,40,1.050227,1.219868,1.161527,1.063800,1.235892,0.000012,1.131658,0.000267,1.527162,0.485466,0.517735,0.584888,0.752731,0.744757,0.841521
100,0.000000,0.300000,0.7,0.3,0.0,41,1.050227,1.237767,1.178571,1.063800,1.253970,0.000012,1.131658,0.000277,1.572165,0.485466,0.512557,0.574908,0.752731,0.743048,0.833603
100,0.000000,0.300000,0.7,0.3,0.0,42,1.050227,1.256745,1.196641,1.063800,1.273152,0.000012,1.131658,0.000272,1.620644,0.485466,0.507685,0.564937,0.752731,0.741671,0.825471
100,0.000000,0.300000,0.7,0.3,0.0,43,1.050227,1.277549,1.216450,1.063800,1.294158,0.000012,1.131658,0.000278,1.674566,0.485466,0.503156,0.554969,0.752731,0.740688,0.817117
100,0.000000,0.300000,0.7,0.3,0.0,44,1.050227,1.300031,1.237857,1.063800,1.316879,0.000012,1.131658,0.000279,1.733891,0.485466,0.499010,0.545021,0.752731,0.740172,0.808567
100,0.000000,0.300000,0.7,0.3,0.0,45,1.050227,1.324903,1.261540,1.063800,1.342029,0.000012,1.131658,0.000280,1.800763,0.485466,0.495302,0.535117,0.752731,0.740219,0.799857
100,0.000000,0.300000,0.7,0.3,0.0,46,1.050227,1.351860,1.287207,1.063800,1.369283,0.000012,1.131658,0.000284,1.874653,0.485466,0.492065,0.525197,0.752731,0.740892,0.790899
100,0.000000,0.300000,0.7,0.3,0.0,47,1.050227,1.381209,1.315153,1.063800,1.399094,0.000012,1.131658,0.000295,1.957170,0.485466,0.489371,0.515272,0.752731,0.742317,0.781707
100,0.000000,0.300000,0.7,0.3,0.0,48,1.050227,1.413695,1.346085,1.063800,1.432080,0.000012,1.131658,0.000303,2.050550,0.485466,0.487301,0.505356,0.752731,0.744638,0.772304
100,0.000000,0.300000,0.7,0.3,0.0,49,1.050227,1.449613,1.380285,1.063800,1.468557,0.000012,1.131658,0.000307,2.156354,0.485466,0.485957,0.495426,0.752731,0.748035,0.762654
100,0.000000,0.300000,0.7,0.3,0.0,50,1.050227,1.489665,1.418422,1.063800,1.509357,0.000012,1.131658,0.000328,2.277831,0.485466,nan,nan,0.752731,nan,nan
100,0.000000,0.500000,0.3,0.7,0.0,2,1.219770,1.203891,0.986982,1.236395,1.220174,0.001072,1.527601,0.001013,1.487812,0.454115,1.422663,1.589464,0.703930,1.438705,1.607389
100,0.000000,0.500000,0.3,0.7,0.0,3,1.219770,1.184146,0.970795,1.236395,1.200051,0.001072,1.527601,0.000923,1.439200,0.454115,1.339029,1.504307,0.703930,1.369222,1.538233
100,0.000000,0.500000,0.3,0.7,0.0,4,1.219770,1.165913,0.955847,1.236395,1.181461,0.001072,1.527601,0.000832,1.395019,0.454115,1.261356,1.437615,0.703930,1.304013,1.486243
100,0.000000,0.500000,0.3,0.7,0.0,5,1.219770,1.149623,0.942491,1.236395,1.164894,0.001072,1.527601,0.000756,1.356223,0.454115,1.192576,1.380223,0.703930,1.246344,1.442467
100,0.000000,0.500000,0.3,0.7,0.0,6,1.219770,1.136200,0.931487,1.236395,1.151221,0.001072,1.527601,0.000699,1.324611,0.454115,1.132344,1.329042,0.703930,1.196152,1.403956
100,0.000000,0.500000,0.3,0.7,0.0,7,1.219770,1.124809,0.922149,1.236395,1.139686,0.001072,1.527601,0.000632,1.298252,0.454115,1.079670,1.282700,0.703930,1.152671,1.369455
100,0.000000,0.500000,0.3,0.7,0.0,8,1.219770,1.115404,0.914438,1.236395,1.130164,0.001072,1.527601,0.000581,1.276690,0.454115,1.033142,1.240059,0.703930,1.114633,1.337901
100,0.000000,0.500000,0.3,0.7,0.0,9,1.219770,1.107214,0.907724,1.236395,1.121895,0.001072,1.527601,0.000531,1.258118,0.454115,0.991973,1.200676,0.703930,1.081387,1.308937
100,0.000000,0.500000,0.3,0.7,0.0,10,1.219770,1.100849,0.902505,1.236395,1.115440,0.001072,1.527601,0.000505,1.243702,0.454115,0.955214,1.164081,0.703930,1.052071,1.282154
100,0.000000,0.500000,0.3,0.7,0.0,11,1.219770,1.096044,0.898566,1.236395,1.110588,0.001072,1.527601,0.000457,1.232948,0.454115,0.922202,1.129939,0.703930,1.026095,1.257276
100,0.000000,0.500000,0.3,0.7,0.0,12,1.219770,1.092265,0.895468,1.236395,1.106792,0.001072,1.527601,0.000402,1.224587,0.454115,0.892302,1.097921,0.703930,1.002873,1.234014
100,0.000000,0.500000,0.3,0.7,0.0,13,1.219770,1.090021,0.893628,1.236395,1.104553,0.001072,1.527601,0.000357,1.219681,0.454115,0.865049,1.067852,0.703930,0.981981,1.212242
100,0.000000,0.500000,0.3,0.7,0.0,14,1.219770,1.087927,0.891912,1.236395,1.102487,0.001072,1.527601,0.000344,1.215134,0.454115,0.840030,1.039508,0.703930,0.963035,1.191769
100,0.000000,0.500000,0.3,0.7,0.0,15,1.219770,1.087487,0.891550,1.236395,1.102013,0.001072,1.527601,0.000312,1.214120,0.454115,0.816926,1.012674,0.703930,0.945742,1.172405
100,0.000000,0.500000,0.3,0.7,0.0,16,1.219770,1.087085,0.891221,1.236395,1.101704,0.001072,1.527601,0.000289,1.213462,0.454115,0.795348,0.987101,0.703930,0.929711,1.153910
100,0.000000,0.500000,0.3,0.7,0.0,17,1.219770,1.087891,0.891882,1.236395,1.102573,0.001072,1.527601,0.000268,1.215399,0.454115,0.775261,0.962874,0.703930,0.914953,1.136427
100,0.000000,0.500000,0.3,0.7,0.0,18,1.219770,1.089406,0.893124,1.236395,1.104128,0.001072,1.527601,0.000260,1.218839,0.454115,0.756365,0.939725,0.703930,0.901160,1.119682
100,0.000000,0.500000,0.3,0.7,0.0,19,1.219770,1.091592,0.894916,1.236395,1.106432,0.001072,1.527601,0.000233,1.223958,0.454115,0.738480,0.917517,0.703930,0.888157,1.103546
100,0.000000,0.500000,0.3,0.7,0.0,20,1.219770,1.094135,0.897001,1.236395,1.109000,0.001072,1.527601,0.000232,1.229650,0.454115,0.721643,0.896349,0.703930,0.876022,1.088172
100,0.000000,0.500000,0.3,0.7,0.0,21,1.219770,1.097946,0.900125,1.236395,1.112897,0.001072,1.527601,0.000206,1.238334,0.454115,0.705576,0.875960,0.703930,0.864451,1.073275
100,0.000000,0.500000,0.3,0.7,0.0,22,1.219770,1.102178,0.903595,1.236395,1.117215,0.001072,1.527601,0.000203,1.247966,0.454115,0.690218,0.856274,0.703930,0.853394,1.058787
100,0.000000,0.500000,0.3,0.7,0.0,23,1.219770,1.106343,0.907010,1.236395,1.121444,0.001072,1.527601,0.000185,1.257453,0.454115,0.675517,0.837237,0.703930,0.842808,1.044662
100,0.000000,0.500000,0.3,0.7,0.0,24,1.219770,1.111909,0.911573,1.236395,1.127163,0.001072,1.527601,0.000198,1.270297,0.454115,0.661480,0.818914,0.703930,0.832726,1.031010
100,0.000000,0.500000,0.3,0.7,0.0,25,1.219770,1.117736,0.916350,1.236395,1.133056,0.001072,1.527601,0.000172,1.283644,0.454115,0.647960,0.801121,0.703930,0.822985,1.017616
100,0.000000,0.500000,0.3,0.7,0.0,26,1.219770,1.124349,0.921772,1.236395,1.139834,0.001072,1.527601,0.000177,1.299045,0.454115,0.634935,0.783832,0.703930,0.813571,1.004465
100,0.000000,0.500000,0.3,0.7,0.0,27,1.219770,1.131258,0.927435,1.236395,1.146828,0.001072,1.527601,0.000165,1.315051,0.454115,0.622430,0.767057,0.703930,0.804535,0.991590
100,0.000000,0.500000,0.3,0.7,0.0,28,1.219770,1.139796,0.934435,1.236395,1.155434,0.001072,1.527601,0.000160,1.334869,0.454115,0.610405,0.750742,0.703930,0.795843,0.978936
100,0.000000,0.500000,0.3,0.7,0.0,29,1.219770,1.147999,0.941160,1.236395,1.163757,0.001072,1.527601,0.000158,1.354174,0.454115,0.598714,0.734736,0.703930,0.787317,0.966318
100,0.000000,0.500000,0.3,0.7,0.0,30,1.219770,1.157928,0.949300,1.236395,1.173893,0.001072,1.527601,0.000158,1.377867,0.454115,0.587497,0.719190,0.703930,0.779157,0.953950
100,0.000000,0.500000,0.3,0.7,0.0,31,1.219770,1.168312,0.957813,1.236395,1.184399,0.001072,1.527601,0.000161,1.402639,0.454115,0.576632,0.703917,0.703930,0.771213,0.941595
100,0.000000,0.500000,0.3,0.7,0.0,32,1.219770,1.179420,0.966920,1.236395,1.195656,0.001072,1.527601,0.000160,1.429432,0.454115,0.566189,0.688978,0.703930,0.763592,0.929346
100,0.000000,0.500000,0.3,0.7,0.0,33,1.219770,1.191104,0.976499,1.236395,1.207493,0.001072,1.527601,0.000168,1.457871,0.454115,0.556098,0.674343,0.703930,0.756216,0.917175
100,0.000000,0.500000,0.3,0.7,0.0,34,1.219770,1.204865,0.987781,1.236395,1.221388,0.001072,1.527601,0.000159,1.491630,0.454115,0.546384,0.659949,0.703930,0.749128,0.905000
100,0.000000,0.500000,0.3,0.7,0.0,35,1.219770,1.218858,0.999252,1.236395,1.235536,0.001072,1.527601,0.000160,1.526390,0.454115,0.537076,0.645851,0.703930,0.742380,0.892912
100,0.000000,0.500000,0.3,0.7,0.0,36,1.219770,1.234028,1.011689,1.236395,1.250930,0.001072,1.527601,0.000167,1.564660,0.454115,0.528108,0.631926,0.703930,0.735897,0.880744
100,0.000000,0.500000,0.3,0.7,0.0,37,1.219770,1.250026,1.024804,1.236395,1.267071,0.001072,1.527601,0.000167,1.605303,0.454115,0.519527,0.618220,0.703930,0.729755,0.868570
100,0.000000,0.500000,0.3,0.7,0.0,38,1.219770,1.268278,1.039768,1.236395,1.285587,0.001072,1.527601,0.000181,1.652552,0.454115,0.511378,0.604760,0.703930,0.724031,0.856433
100,0.000000,0.500000,0.3,0.7,0.0,39,1.219770,1.287147,1.055237,1.236395,1.304637,0.001072,1.527601,0.000192,1.701887,0.454115,0.503593,0.591453,0.703930,0.718642,0.844212
100,0.000000,0.500000,0.3,0.7,0.0,40,1.219770,1.308021,1.072350,1.236395,1.325833,0.001072,1.527601,0.000191,1.757643,0.454115,0.496231,0.578302,0.703930,0.713687,0.831913
100,0.000000,0.500000,0.3,0.7,0.0,41,1.219770,1.330413,1.090708,1.236395,1.348417,0.001072,1.527601,0.000205,1.818024,0.454115,0.489314,0.565322,0.703930,0.709210,0.819565
100,0.000000,0.500000,0.3,0.7,0.0,42,1.219770,1.354782,1.110686,1.236395,1.373072,0.001072,1.527601,0.000208,1.885120,0.454115,0.482869,0.552488,0.703930,0.705270,0.807138
100,0.000000,0.500000,0.3,0.7,0.0,43,1.219770,1.380843,1.132052,1.236395,1.399417,0.001072,1.527601,0.000221,1.958146,0.454115,0.476925,0.539791,0.703930,0.701919,0.794620
100,0.000000,0.500000,0.3,0.7,0.0,44,1.219770,1.409586,1.155616,1.236395,1.428439,0.001072,1.527601,0.000224,2.040213,0.454115,0.471525,0.527237,0.703930,0.699244,0.782028
100,0.000000,0.500000,0.3,0.7,0.0,45,1.219770,1.440635,1.181071,1.236395,1.459852,0.001072,1.527601,0.000243,2.130927,0.454115,0.466693,0.514768,0.703930,0.697297,0.769280
100,0.000000,0.500000,0.3,0.7,0.0,46,1.219770,1.474417,1.208766,1.236395,1.494041,0.001072,1.527601,0.000249,2.231908,0.454115,0.462526,0.502459,0.703930,0.696243,0.756491
100,0.000000,0.500000,0.3,0.7,0.0,47,1.219770,1.511487,1.239157,1.236395,1.531516,0.001072,1.527601,0.000260,2.345281,0.454115,0.459077,0.490238,0.703930,0.696188,0.743555
100,0.000000,0.500000,0.3,0.7,0.0,48,1.219770,1.552440,1.272731,1.236395,1.573020,0.001072,1.527601,0.000273,2.474117,0.454115,0.456435,0.478102,0.703930,0.697291,0.730474
100,0.000000,0.500000,0.3,0.7,0.0,49,1.219770,1.597038,1.309294,1.236395,1.618250,0.001072,1.527601,0.000285,2.618448,0.454115,0.454732,0.466065,0.703930,0.699785,0.717270
100,0.000000,0.500000,0.3,0.7,0.0,50,1.219770,1.646876,1.350153,1.236395,1.668887,0.001072,1.527601,0.000298,2.784887,0.454115,nan,nan,0.703930,nan,nan
100,0.000000,0.500000,0.7,0.3,0.0,2,1.142117,1.135160,0.993908,1.158573,1.151424,0.000001,1.342291,0.000000,1.325777,0.453099,1.242850,1.465460,0.702354,1.256864,1.481986
100,0.000000,0.500000,0.7,0.3,0.0,3,1.142117,1.127710,0.987386,1.158573,1.143736,0.000001,1.342291,0.000000,1.308132,0.453099,1.195131,1.371586,0.702354,1.222080,1.402519
100,0.000000,0.500000,0.7,0.3,0.0,4,1.142117,1.120686,0.981236,1.158573,1.136494,0.000001,1.342291,0.000000,1.291619,0.453099,1.149361,1.311663,0.702354,1.188231,1.356032
100,0.000000,0.500000,0.7,0.3,0.0,5,1.142117,1.114181,0.975540,1.158573,1.129790,0.000001,1.342291,0.000001,1.276424,0.453099,1.106346,1.265724,0.702354,1.156228,1.322807
100,0.000000,0.500000,0.7,0.3,0.0,6,1.142117,1.108662,0.970708,1.158573,1.124120,0.000001,1.342291,0.000002,1.263643,0.453099,1.066139,1.227171,0.702354,1.126218,1.296346
100,0.000000,0.500000,0.7,0.3,0.0,7,1.142117,1.103530,0.966215,1.158573,1.118873,0.000001,1.342291,0.000003,1.251874,0.453099,1.028583,1.193121,0.702354,1.098131,1.273821
100,0.000000,0.500000,0.7,0.3,0.0,8,1.142117,1.099584,0.962760,1.158573,1.114799,0.000001,1.342291,0.000005,1.242773,0.453099,0.993591,1.162154,0.702354,1.071962,1.253855
100,0.000000,0.500000,0.7,0.3,0.0,9,1.142117,1.096027,0.959644,1.158573,1.111244,0.000001,1.342291,0.000007,1.234855,0.453099,0.960816,1.133362,0.702354,1.047420,1.235560
100,0.000000,0.500000,0.7,0.3,0.0,10,1.142117,1.093342,0.957294,1.158573,1.108410,0.000001,1.342291,0.000011,1.228562,0.453099,0.930188,1.106336,0.702354,1.024503,1.218560
100,0.000000,0.500000,0.7,0.3,0.0,11,1.142117,1.090700,0.954981,1.158573,1.105741,0.000001,1.342291,0.000012,1.222652,0.453099,0.901523,1.080704,0.702354,1.003079,1.202500
100,0.000000,0.500000,0.7,0.3,0.0,12,1.142117,1.089145,0.953619,1.158573,1.104156,0.000001,1.342291,0.000015,1.219146,0.453099,0.874564,1.056193,0.702354,0.982925,1.187121
100,0.000000,0.500000,0.7,0.3,0.0,13,1.142117,1.087916,0.952543,1.158573,1.102840,0.000001,1.342291,0.000020,1.216236,0.453099,0.849300,1.032750,0.702354,0.964087,1.172401
100,0.000000,0.500000,0.7,0.3,0.0,14,1.142117,1.086813,0.951578,1.158573,1.101786,0.000001,1.342291,0.000025,1.213907,0.453099,0.825436,1.010125,0.702354,0.946285,1.158091
100,0.000000,0.500000,0.7,0.3,0.0,15,1.142117,1.086857,0.951616,1.158573,1.101830,0.000001,1.342291,0.000027,1.214002,0.453099,0.803007,0.988299,0.702354,0.929604,1.144193
100,0.000000,0.500000,0.7,0.3,0.0,16,1.142117,1.086985,0.951728,1.158573,1.102012,0.000001,1.342291,0.000033,1.214397,0.453099,0.781798,0.967148,0.702354,0.913845,1.130592
100,0.000000,0.500000,0.7,0.3,0.0,17,1.142117,1.087619,0.952283,1.158573,1.102632,0.000001,1.342291,0.000036,1.215761,0.453099,0.761715,0.946617,0.702354,0.898936,1.117245
100,0.000000,0.500000,0.7,0.3,0.0,18,1.142117,1.089039,0.953526,1.158573,1.104072,0.000001,1.342291,0.000041,1.218935,0.453099,0.742725,0.926683,0.702354,0.884875,1.104146
100,0.000000,0.500000,0.7,0.3,0.0,19,1.142117,1.090393,0.954712,1.158573,1.105523,0.000001,1.342291,0.000049,1.222132,0.453099,0.724697,0.907273,0.702354,0.871544,1.091227
100,0.000000,0.500000,0.7,0.3,0.0,20,1.142117,1.092640,0.956679,1.158573,1.107836,0.000001,1.342291,0.000054,1.227248,0.453099,0.707608,0.888384,0.702354,0.858947,1.078503
100,0.000000,0.500000,0.7,0.3,0.0,21,1.142117,1.095134,0.958863,1.158573,1.110377,0.000001,1.342291,0.000059,1.232877,0.453099,0.691373,0.869949,0.702354,0.847009,1.065907
100,0.000000,0.500000,0.7,0.3,0.0,22,1.142117,1.098484,0.961796,1.158573,1.113820,0.000001,1.342291,0.000065,1.240530,0.453099,0.675893,0.851953,0.702354,0.835640,1.053439
100,0.000000,0.500000,0.7,0.3,0.0,23,1.142117,1.102168,0.965022,1.158573,1.117625,0.000001,1.342291,0.000069,1.249015,0.453099,0.661089,0.834296,0.702354,0.824763,1.040987
100,0.000000,0.500000,0.7,0.3,0.0,24,1.142117,1.106201,0.968553,1.158573,1.121685,0.000001,1.342291,0.000081,1.258098,0.453099,0.647054,0.817095,0.702354,0.814522,1.028712
100,0.000000,0.500000,0.7,0.3,0.0,25,1.142117,1.110887,0.972656,1.158573,1.126496,0.000001,1.342291,0.000084,1.268909,0.453099,0.633598,0.800218,0.702354,0.804698,1.016459
100,0.000000,0.500000,0.7,0.3,0.0,26,1.142117,1.115730,0.976896,1.158573,1.131472,0.000001,1.342291,0.000096,1.280133,0.453099,0.620814,0.783748,0.702354,0.795432,1.004345
100,0.000000,0.500000,0.7,0.3,0.0,27,1.142117,1.121639,0.982070,1.158573,1.137472,0.000001,1.342291,0.000108,1.293736,0.453099,0.608514,0.767504,0.702354,0.786504,0.992155
100,0.000000,0.500000,0.7,0.3,0.0,28,1.142117,1.127571,0.987263,1.158573,1.143498,0.000001,1.342291,0.000107,1.307480,0.453099,0.596796,0.751625,0.702354,0.778056,0.980071
100,0.000000,0.500000,0.7,0.3,0.0,29,1.142117,1.134600,0.993418,1.158573,1.150716,0.000001,1.342291,0.000119,1.324029,0.453099,0.585540,0.735972,0.702354,0.769951,0.967926
100,0.000000,0.500000,0.7,0.3,0.0,30,1.142117,1.141705,0.999639,1.158573,1.157906,0.000001,1.342291,0.000132,1.340614,0.453099,0.574772,0.720615,0.702354,0.762240,0.955822
100,0.000000,0.500000,0.7,0.3,0.0,31,1.142117,1.149595,1.006547,1.158573,1.165966,0.000001,1.342291,0.000139,1.359338,0.453099,0.564454,0.705486,0.702354,0.754886,0.943675
100,0.000000,0.500000,0.7,0.3,0.0,32,1.142117,1.158447,1.014297,1.158573,1.174993,0.000001,1.342291,0.000143,1.380465,0.453099,0.554585,0.690632,0.702354,0.747907,0.931559
100,0.000000,0.500000,0.7,0.3,0.0,33,1.142117,1.167998,1.022660,1.158573,1.184684,0.000001,1.342291,0.000159,1.403316,0.453099,0.545191,0.676072,0.702354,0.741350,0.919504
100,0.000000,0.500000,0.7,0.3,0.0,34,1.142117,1.178440,1.031803,1.158573,1.195257,0.000001,1.342291,0.000162,1.428476,0.453099,0.536146,0.661619,0.702354,0.735057,0.907269
100,0.000000,0.500000,0.7,0.3,0.0,35,1.142117,1.188951,1.041006,1.158573,1.205994,0.000001,1.342291,0.000187,1.454235,0.453099,0.527544,0.647447,0.702354,0.729175,0.895096
100,0.000000,0.500000,0.7,0.3,0.0,36,1.142117,1.200992,1.051549,1.158573,1.218173,0.000001,1.342291,0.000184,1.483761,0.453099,0.519306,0.633418,0.702354,0.723606,0.882802
100,0.000000,0.500000,0.7,0.3,0.0,37,1.142117,1.214537,1.063409,1.158573,1.231994,0.000001,1.342291,0.000206,1.517602,0.453099,0.511488,0.619593,0.702354,0.718439,0.870478
100,0.000000,0.500000,0.7,0.3,0.0,38,1.142117,1.228291,1.075451,1.158573,1.246020,0.000001,1.342291,0.000212,1.552353,0.453099,0.504052,0.605943,0.702354,0.713636,0.858089
100,0.000000,0.500000,0.7,0.3,0.0,39,1.142117,1.243523,1.088787,1.158573,1.261556,0.000001,1.342291,0.000224,1.591298,0.453099,0.497034,0.592480,0.702354,0.709264,0.845658
100,0.000000,0.500000,0.7,0.3,0.0,40,1.142117,1.259710,1.102960,1.158573,1.277966,0.000001,1.342291,0.000243,1.632955,0.453099,0.490409,0.579157,0.702354,0.705298,0.833126
100,0.000000,0.500000,0.7,0.3,0.0,41,1.142117,1.277485,1.118524,1.158573,1.296067,0.000001,1.342291,0.000263,1.679526,0.453099,0.484217,0.565992,0.702354,0.701811,0.820522
100,0.000000,0.500000,0.7,0.3,0.0,42,1.142117,1.296908,1.135529,1.158573,1.315789,0.000001,1.342291,0.000278,1.731023,0.453099,0.478474,0.552974,0.702354,0.698840,0.807834
100,0.000000,0.500000,0.7,0.3,0.0,43,1.142117,1.317811,1.153831,1.158573,1.337133,0.000001,1.342291,0.000283,1.787643,0.453099,0.473181,0.540080,0.702354,0.696401,0.795032
100,0.000000,0.500000,0.7,0.3,0.0,44,1.142117,1.340293,1.173516,1.158573,1.360094,0.000001,1.342291,0.000307,1.849549,0.453099,0.468385,0.527307,0.702354,0.694581,0.782122
100,0.000000,0.500000,0.7,0.3,0.0,45,1.142117,1.365176,1.195303,1.158573,1.385465,0.000001,1.342291,0.000326,1.919188,0.453099,0.464124,0.514661,0.702354,0.693453,0.769110
100,0.000000,0.500000,0.7,0.3,0.0,46,1.142117,1.392294,1.219047,1.158573,1.413067,0.000001,1.342291,0.000337,1.996421,0.453099,0.460451,0.502129,0.702354,0.693117,0.755986
100,0.000000,0.500000,0.7,0.3,0.0,47,1.142117,1.421980,1.245039,1.158573,1.443369,0.000001,1.342291,0.000358,2.082956,0.453099,0.457426,0.489731,0.702354,0.693682,0.742781
100,0.000000,0.500000,0.7,0.3,0.0,48,1.142117,1.454799,1.273774,1.158573,1.476941,0.000001,1.342291,0.000373,2.180981,0.453099,0.455121,0.477430,0.702354,0.695283,0.729444
100,0.000000,0.500000,0.7,0.3,0.0,49,1.142117,1.491083,1.305543,1.158573,1.514102,0.000001,1.342291,0.000401,2.292104,0.453099,0.453635,0.465210,0.702354,0.698096,0.715952
100,0.000000,0.500000,0.7,0.3,0.0,50,1.142117,1.531333,1.340784,1.158573,1.555408,0.000001,1.342291,0.000419,2.418874,0.453099,nan,nan,0.702354,nan,nan
100,0.000000,0.100000,0.3,0.7,0.0,2,1.023193,1.018356,0.995273,1.036728,1.031781,0.000039,1.074766,0.000034,1.064538,0.480168,1.020957,1.055683,0.744224,1.032470,1.067588
100,0.000000,0.100000,0.3,0.7,0.0,3,1.023193,1.013691,0.990714,1.036728,1.027021,0.000039,1.074766,0.000029,1.054744,0.480168,0.991841,1.034632,0.744224,1.014208,1.057966
100,0.000000,0.100000,0.3,0.7,0.0,4,1.023193,1.010578,0.987671,1.036728,1.023826,0.000039,1.074766,0.000026,1.048194,0.480168,0.965688,1.015857,0.744224,0.998353,1.050222
100,0.000000,0.100000,0.3,0.7,0.0,5,1.023193,1.008896,0.986028,1.036728,1.022096,0.000039,1.074766,0.000023,1.044658,0.480168,0.942825,0.998767,0.744224,0.985344,1.043814
100,0.000000,0.100000,0.3,0.7,0.0,6,1.023193,1.008529,0.985668,1.036728,1.021706,0.000039,1.074766,0.000020,1.043862,0.480168,0.922547,0.982980,0.744224,0.974550,1.038397
100,0.000000,0.100000,0.3,0.7,0.0,7,1.023193,1.008692,0.985827,1.036728,1.021831,0.000039,1.074766,0.000019,1.044119,0.480168,0.904238,0.968275,0.744224,0.965399,1.033778
100,0.000000,0.100000,0.3,0.7,0.0,8,1.023193,1.009858,0.986968,1.036728,1.023015,0.000039,1.074766,0.000016,1.046544,0.480168,0.887355,0.954415,0.744224,0.957372,1.029738
100,0.000000,0.100000,0.3,0.7,0.0,9,1.023193,1.011183,0.988262,1.036728,1.024290,0.000039,1.074766,0.000015,1.049154,0.480168,0.871571,0.941248,0.744224,0.950162,1.026140
100,0.000000,0.100000,0.3,0.7,0.0,10,1.023193,1.013203,0.990237,1.036728,1.026353,0.000039,1.074766,0.000015,1.053385,0.480168,0.856495,0.928555,0.744224,0.943374,1.022766
100,0.000000,0.100000,0.3,0.7,0.0,11,1.023193,1.015628,0.992607,1.036728,1.028810,0.000039,1.074766,0.000014,1.058436,0.480168,0.842111,0.916353,0.744224,0.937015,1.019651
100,0.000000,0.100000,0.3,0.7,0.0,12,1.023193,1.018406,0.995322,1.036728,1.031669,0.000039,1.074766,0.000015,1.064326,0.480168,0.828134,0.904441,0.744224,0.930787,1.016586
100,0.000000,0.100000,0.3,0.7,0.0,13,1.023193,1.021636,0.998479,1.036728,1.034885,0.000039,1.074766,0.000013,1.070974,0.480168,0.814534,0.892799,0.744224,0.924671,1.013558
100,0.000000,0.100000,0.3,0.7,0.0,14,1.023193,1.024862,1.001631,1.036728,1.038166,0.000039,1.074766,0.000013,1.077775,0.480168,0.801228,0.881357,0.744224,0.918583,1.010495
100,0.000000,0.100000,0.3,0.7,0.0,15,1.023193,1.029105,1.005778,1.036728,1.042496,0.000039,1.074766,0.000013,1.086785,0.480168,0.788196,0.870094,0.744224,0.912512,1.007380
100,0.000000,0.100000,0.3,0.7,0.0,16,1.023193,1.033134,1.009716,1.036728,1.046576,0.000039,1.074766,0.000012,1.095310,0.480168,0.775399,0.858974,0.744224,0.906420,1.004178
100,0.000000,0.100000,0.3,0.7,0.0,17,1.023193,1.037864,1.014338,1.036728,1.051337,0.000039,1.074766,0.000014,1.105295,0.480168,0.762785,0.847938,0.744224,0.900254,1.000823
100,0.000000,0.100000,0.3,0.7,0.0,18,1.023193,1.042749,1.019113,1.036728,1.056318,0.000039,1.074766,0.000014,1.115795,0.480168,0.750301,0.836935,0.744224,0.893958,0.997256
100,0.000000,0.100000,0.3,0.7,0.0,19,1.023193,1.047997,1.024242,1.036728,1.061646,0.000039,1.074766,0.000013,1.127079,0.480168,0.737996,0.826004,0.744224,0.887594,0.993527
100,0.000000,0.100000,0.3,0.7,0.0,20,1.023193,1.053690,1.029805,1.036728,1.067420,0.000039,1.074766,0.000013,1.139372,0.480168,0.725870,0.815122,0.744224,0.881168,0.989611
100,0.000000,0.100000,0.3,0.7,0.0,21,1.023193,1.059940,1.035914,1.036728,1.073799,0.000039,1.074766,0.000011,1.153034,0.480168,0.713912,0.804261,0.744224,0.874675,0.985473
100,0.000000,0.100000,0.3,0.7,0.0,22,1.023193,1.066666,1.042487,1.036728,1.080534,0.000039,1.074766,0.000012,1.167542,0.480168,0.702111,0.793410,0.744224,0.868103,0.981101
100,0.000000,0.100000,0.3,0.7,0.0,23,1.023193,1.073740,1.049401,1.036728,1.087734,0.000039,1.074766,0.000011,1.183155,0.480168,0.690449,0.782542,0.744224,0.861440,0.976462
100,0.000000,0.100000,0.3,0.7,0.0,24,1.023193,1.081704,1.057184,1.036728,1.095850,0.000039,1.074766,0.000012,1.200874,0.480168,0.678948,0.771673,0.744224,0.854714,0.971576
100,0.000000,0.100000,0.3,0.7,0.0,25,1.023193,1.089568,1.064871,1.036728,1.103782,0.000039,1.074766,0.000013,1.218322,0.480168,0.667632,0.760823,0.744224,0.847962,0.966466
100,0.000000,0.100000,0.3,0.7,0.0,26,1.023193,1.098153,1.073261,1.036728,1.112556,0.000039,1.074766,0.000012,1.237768,0.480168,0.656481,0.749933,0.744224,0.841166,0.961060
100,0.000000,0.100000,0.3,0.7,0.0,27,1.023193,1.107489,1.082386,1.036728,1.121977,0.000039,1.074766,0.000011,1.258822,0.480168,0.645485,0.739010,0.744224,0.834319,0.955365
100,0.000000,0.100000,0.3,0.7,0.0,28,1.023193,1.118151,1.092805,1.036728,1.132788,0.000039,1.074766,0.000011,1.283197,0.480168,0.634708,0.728078,0.744224,0.827509,0.949410
100,0.000000,0.100000,0.3,0.7,0.0,29,1.023193,1.128246,1.102671,1.036728,1.142988,0.000039,1.074766,0.000010,1.306412,0.480168,0.624158,0.717159,0.744224,0.820753,0.943224
100,0.000000,0.100000,0.3,0.7,0.0,30,1.023193,1.139513,1.113683,1.036728,1.154420,0.000039,1.074766,0.000011,1.332674,0.480168,0.613757,0.706159,0.744224,0.813955,0.936685
100,0.000000,0.100000,0.3,0.7,0.0,31,1.023193,1.151639,1.125534,1.036728,1.166714,0.000039,1.074766,0.000009,1.361212,0.480168,0.603618,0.695176,0.744224,0.807273,0.929918
100,0.000000,0.100000,0.3,0.7,0.0,32,1.023193,1.164673,1.138273,1.036728,1.179943,0.000039,1.074766,0.000008,1.392258,0.480168,0.593701,0.684141,0.744224,0.800661,0.922831
100,0.000000,0.100000,0.3,0.7,0.0,33,1.023193,1.178460,1.151747,1.036728,1.193862,0.000039,1.074766,0.000008,1.425299,0.480168,0.583994,0.673056,0.744224,0.794111,0.915427
100,0.000000,0.100000,0.3,0.7,0.0,34,1.023193,1.193488,1.166435,1.036728,1.209067,0.000039,1.074766,0.000005,1.461839,0.480168,0.574574,0.661968,0.744224,0.787735,0.907768
100,0.000000,0.100000,0.3,0.7,0.0,35,1.023193,1.209459,1.182044,1.036728,1.225297,0.000039,1.074766,0.000006,1.501347,0.480168,0.565422,0.650856,0.744224,0.781517,0.899824
100,0.000000,0.100000,0.3,0.7,0.0,36,1.023193,1.226098,1.198306,1.036728,1.242089,0.000039,1.074766,0.000004,1.542782,0.480168,0.556557,0.639702,0.744224,0.775492,0.891570
100,0.000000,0.100000,0.3,0.7,0.0,37,1.023193,1.244533,1.216323,1.036728,1.260777,0.000039,1.074766,0.000002,1.589557,0.480168,0.547995,0.628518,0.744224,0.769691,0.883021
100,0.000000,0.100000,0.3,0.7,0.0,38,1.023193,1.263735,1.235090,1.036728,1.280168,0.000039,1.074766,0.000002,1.638829,0.480168,0.539755,0.617304,0.744224,0.764154,0.874176
100,0.000000,0.100000,0.3,0.7,0.0,39,1.023193,1.284964,1.255837,1.036728,1.301663,0.000039,1.074766,0.000001,1.694326,0.480168,0.531856,0.606046,0.744224,0.758918,0.865015
100,0.000000,0.100000,0.3,0.7,0.0,40,1.023193,1.307559,1.277920,1.036728,1.324560,0.000039,1.074766,0.000000,1.754458,0.480168,0.524340,0.594773,0.744224,0.754055,0.855575
100,0.000000,0.100000,0.3,0.7,0.0,41,1.023193,1.331674,1.301489,1.036728,1.348925,0.000039,1.074766,0.000000,1.819597,0.480168,0.517230,0.583463,0.744224,0.749610,0.845828
100,0.000000,0.100000,0.3,0.7,0.0,42,1.023193,1.358520,1.327726,1.036728,1.376041,0.000039,1.074766,0.000000,1.893490,0.480168,0.510534,0.572092,0.744224,0.745611,0.835735
100,0.000000,0.100000,0.3,0.7,0.0,43,1.023193,1.386947,1.355509,1.036728,1.404864,0.000039,1.074766,0.000001,1.973641,0.480168,0.504352,0.560742,0.744224,0.742217,0.825415
100,0.000000,0.100000,0.3,0.7,0.0,44,1.023193,1.417841,1.385702,1.036728,1.436157,0.000039,1.074766,0.000002,2.062545,0.480168,0.498679,0.549326,0.744224,0.739440,0.814739
100,0.000000,0.100000,0.3,0.7,0.0,45,1.023193,1.451360,1.418462,1.036728,1.470111,0.000039,1.074766,0.000006,2.161220,0.480168,0.493608,0.537912,0.744224,0.737435,0.803807
100,0.000000,0.100000,0.3,0.7,0.0,46,1.023193,1.487959,1.454231,1.036728,1.507231,0.000039,1.074766,0.000008,2.271737,0.480168,0.489184,0.526426,0.744224,0.736294,0.792509
100,0.000000,0.100000,0.3,0.7,0.0,47,1.023193,1.528343,1.493700,1.036728,1.548198,0.000039,1.074766,0.000013,2.396905,0.480168,0.485508,0.514935,0.744224,0.736189,0.780943
100,0.000000,0.100000,0.3,0.7,0.0,48,1.023193,1.572581,1.536935,1.036728,1.593059,0.000039,1.074766,0.000021,2.537815,0.480168,0.482675,0.503382,0.744224,0.737293,0.769021
100,0.000000,0.100000,0.3,0.7,0.0,49,1.023193,1.621579,1.584822,1.036728,1.642811,0.000039,1.074766,0.000029,2.698798,0.480168,0.480837,0.491793,0.744224,0.739868,0.756782
100,0.000000,0.100000,0.3,0.7,0.0,50,1.023193,1.676062,1.638070,1.036728,1.698266,0.000039,1.074766,0.000040,2.884067,0.480168,nan,nan,0.744224,nan,nan
100,0.000000,0.100000,0.7,0.3,0.0,2,1.009159,1.005658,0.996530,1.023354,1.019705,0.000134,1.047121,0.000124,1.039675,0.602011,0.987879,1.027491,0.933576,0.999019,1.039078
100,0.000000,0.100000,0.7,0.3,0.0,3,1.009159,1.002460,0.993362,1.023354,1.016365,0.000134,1.047121,0.000109,1.032889,0.602011,0.962575,1.005653,0.933576,0.984283,1.028334
100,0.000000,0.100000,0.7,0.3,0.0,4,1.009159,1.000866,0.991782,1.023354,1.014658,0.000134,1.047121,0.000093,1.029438,0.602011,0.939919,0.988069,0.933576,0.971711,1.021493
100,0.000000,0.100000,0.7,0.3,0.0,5,1.009159,0.999872,0.990797,1.023354,1.013597,0.000134,1.047121,0.000080,1.027300,0.602011,0.919961,0.972755,0.933576,0.961449,1.016629
100,0.000000,0.100000,0.7,0.3,0.0,6,1.009159,0.999854,0.990779,1.023354,1.013488,0.000134,1.047121,0.000066,1.027092,0.602011,0.902376,0.959032,0.933576,0.953241,1.013099
100,0.000000,0.100000,0.7,0.3,0.0,7,1.009159,1.000231,0.991153,1.023354,1.013782,0.000134,1.047121,0.000058,1.027696,0.602011,0.886662,0.946434,0.933576,0.946635,1.010460
100,0.000000,0.100000,0.7,0.3,0.0,8,1.009159,1.001179,0.992092,1.023354,1.014685,0.000134,1.047121,0.000048,1.029537,0.602011,0.872490,0.934750,0.933576,0.941337,1.008522
100,0.000000,0.100000,0.7,0.3,0.0,9,1.009159,1.002539,0.993440,1.023354,1.016032,0.000134,1.047121,0.000040,1.032282,0.602011,0.859576,0.923806,0.933576,0.937090,1.007126
100,0.000000,0.100000,0.7,0.3,0.0,10,1.009159,1.004350,0.995235,1.023354,1.017798,0.000134,1.047121,0.000032,1.035882,0.602011,0.847731,0.913509,0.933576,0.933729,1.006197
100,0.000000,0.100000,0.7,0.3,0.0,11,1.009159,1.006206,0.997074,1.023354,1.019605,0.000134,1.047121,0.000026,1.039569,0.602011,0.836717,0.903709,0.933576,0.931024,1.005587
100,0.000000,0.100000,0.7,0.3,0.0,12,1.009159,1.008601,0.999447,1.023354,1.021977,0.000134,1.047121,0.000019,1.044419,0.602011,0.826422,0.894371,0.933576,0.928879,1.005276
100,0.000000,0.100000,0.7,0.3,0.0,13,1.009159,1.010871,1.001697,1.023354,1.024232,0.000134,1.047121,0.000016,1.049036,0.602011,0.816699,0.885399,0.933576,0.927149,1.005169
100,0.000000,0.100000,0.7,0.3,0.0,14,1.009159,1.013623,1.004423,1.023354,1.026993,0.000134,1.047121,0.000011,1.054703,0.602011,0.807476,0.876761,0.933576,0.925773,1.005240
100,0.000000,0.100000,0.7,0.3,0.0,15,1.009159,1.016298,1.007074,1.023354,1.029653,0.000134,1.047121,0.000009,1.060175,0.602011,0.798647,0.868374,0.933576,0.924644,1.005407
100,0.000000,0.100000,0.7,0.3,0.0,16,1.009159,1.019508,1.010255,1.023354,1.032845,0.000134,1.047121,0.000006,1.066761,0.602011,0.790209,0.860259,0.933576,0.923773,1.005704
100,0.000000,0.100000,0.7,0.3,0.0,17,1.009159,1.022824,1.013541,1.023354,1.036196,0.000134,1.047121,0.000004,1.073699,0.602011,0.782031,0.852325,0.933576,0.923016,1.006029
100,0.000000,0.100000,0.7,0.3,0.0,18,1.009159,1.026411,1.017095,1.023354,1.039825,0.000134,1.047121,0.000001,1.081235,0.602011,0.774117,0.844566,0.933576,0.922390,1.006383
100,0.000000,0.100000,0.7,0.3,0.0,19,1.009159,1.030017,1.020669,1.023354,1.043428,0.000134,1.047121,0.000001,1.088741,0.602011,0.766405,0.836942,0.933576,0.921826,1.006725
100,0.000000,0.100000,0.7,0.3,0.0,20,1.009159,1.033823,1.024441,1.023354,1.047245,0.000134,1.047121,0.000000,1.096721,0.602011,0.758941,0.829496,0.933576,0.921388,1.007110
100,0.000000,0.100000,0.7,0.3,0.0,21,1.009159,1.037734,1.028316,1.023354,1.051189,0.000134,1.047121,0.000000,1.104999,0.602011,0.751584,0.822101,0.933576,0.920913,1.007387
100,0.000000,0.100000,0.7,0.3,0.0,22,1.009159,1.042061,1.032604,1.023354,1.055563,0.000134,1.047121,0.000000,1.114214,0.602011,0.744445,0.814845,0.933576,0.920540,1.007669
100,0.000000,0.100000,0.7,0.3,0.0,23,1.009159,1.046855,1.037354,1.023354,1.060429,0.000134,1.047121,0.000001,1.124509,0.602011,0.737380,0.807610,0.933576,0.920097,1.007814
100,0.000000,0.100000,0.7,0.3,0.0,24,1.009159,1.051665,1.042120,1.023354,1.065255,0.000134,1.047121,0.000003,1.134765,0.602011,0.730466,0.800468,0.933576,0.919684,1.007911
100,0.000000,0.100000,0.7,0.3,0.0,25,1.009159,1.057012,1.047418,1.023354,1.070676,0.000134,1.047121,0.000005,1.146341,0.602011,0.723602,0.793304,0.933576,0.919178,1.007818
100,0.000000,0.100000,0.7,0.3,0.0,26,1.009159,1.062483,1.052841,1.023354,1.076222,0.000134,1.047121,0.000009,1.158245,0.602011,0.716908,0.786238,0.933576,0.918734,1.007688
100,0.000000,0.100000,0.7,0.3,0.0,27,1.009159,1.068149,1.058454,1.023354,1.081971,0.000134,1.047121,0.000012,1.170649,0.602011,0.710261,0.779139,0.933576,0.918199,1.007355
100,0.000000,0.100000,0.7,0.3,0.0,28,1.009159,1.074482,1.064730,1.023354,1.088413,0.000134,1.047121,0.000016,1.184628,0.602011,0.703720,0.772054,0.933576,0.917650,1.006879
100,0.000000,0.100000,0.7,0.3,0.0,29,1.009159,1.081403,1.071588,1.023354,1.095431,0.000134,1.047121,0.000022,1.199947,0.602011,0.697286,0.764992,0.933576,0.917093,1.006272
100,0.000000,0.100000,0.7,0.3,0.0,30,1.009159,1.088462,1.078584,1.023354,1.102608,0.000134,1.047121,0.000029,1.215716,0.602011,0.690945,0.757909,0.933576,0.916515,1.005477
100,0.000000,0.100000,0.7,0.3,0.0,31,1.009159,1.096054,1.086107,1.023354,1.110334,0.000134,1.047121,0.000035,1.232807,0.602011,0.684675,0.750784,0.933576,0.915886,1.004465
100,0.000000,0.100000,0.7,0.3,0.0,32,1.009159,1.104347,1.094324,1.023354,1.118749,0.000134,1.047121,0.000046,1.251553,0.602011,0.678539,0.743684,0.933576,0.915295,1.003324
100,0.000000,0.100000,0.7,0.3,0.0,33,1.009159,1.113182,1.103079,1.023354,1.127739,0.000134,1.047121,0.000058,1.271738,0.602011,0.672462,0.736501,0.933576,0.914646,1.001908
100,0.000000,0.100000,0.7,0.3,0.0,34,1.009159,1.122589,1.112400,1.023354,1.137251,0.000134,1.047121,0.000069,1.293271,0.602011,0.666474,0.729254,0.933576,0.913981,1.000242
100,0.000000,0.100000,0.7,0.3,0.0,35,1.009159,1.132628,1.122349,1.023354,1.147458,0.000134,1.047121,0.000085,1.316574,0.602011,0.660645,0.721994,0.933576,0.913400,0.998393
100,0.000000,0.100000,0.7,0.3,0.0,36,1.009159,1.144176,1.133792,1.023354,1.159261,0.000134,1.047121,0.000099,1.343788,0.602011,0.654921,0.714671,0.933576,0.912833,0.996290
100,0.000000,0.100000,0.7,0.3,0.0,37,1.009159,1.155850,1.145360,1.023354,1.171100,0.000134,1.047121,0.000115,1.371361,0.602011,0.649315,0.707251,0.933576,0.912300,0.993884
100,0.000000,0.100000,0.7,0.3,0.0,38,1.009159,1.168830,1.158222,1.023354,1.184306,0.000134,1.047121,0.000136,1.402446,0.602011,0.643883,0.699787,0.933576,0.911889,0.991248
100,0.000000,0.100000,0.7,0.3,0.0,39,1.009159,1.182849,1.172114,1.023354,1.198539,0.000134,1.047121,0.000159,1.436338,0.602011,0.638602,0.692223,0.933576,0.911568,0.988298
100,0.000000,0.100000,0.7,0.3,0.0,40,1.009159,1.198001,1.187128,1.023354,1.213884,0.000134,1.047121,0.000178,1.473337,0.602011,0.633518,0.684585,0.933576,0.911411,0.985069
100,0.000000,0.100000,0.7,0.3,0.0,41,1.009159,1.214575,1.203552,1.023354,1.230749,0.000134,1.047121,0.000201,1.514543,0.602011,0.628640,0.676846,0.933576,0.911439,0.981519
100,0.000000,0.100000,0.7,0.3,0.0,42,1.009159,1.232731,1.221543,1.023354,1.249156,0.000134,1.047121,0.000231,1.560160,0.602011,0.624006,0.669011,0.933576,0.911712,0.977653
100,0.000000,0.100000,0.7,0.3,0.0,43,1.009159,1.252628,1.241260,1.023354,1.269416,0.000134,1.047121,0.000260,1.611157,0.602011,0.619658,0.661075,0.933576,0.912303,0.973460
100,0.000000,0.100000,0.7,0.3,0.0,44,1.009159,1.274530,1.262962,1.023354,1.291613,0.000134,1.047121,0.000298,1.667967,0.602011,0.615625,0.653036,0.933576,0.913263,0.968931
100,0.000000,0.100000,0.7,0.3,0.0,45,1.009159,1.298721,1.286934,1.023354,1.316211,0.000134,1.047121,0.000335,1.732075,0.602011,0.611961,0.644857,0.933576,0.914684,0.964011
100,0.000000,0.100000,0.7,0.3,0.0,46,1.009159,1.324936,1.312911,1.023354,1.342810,0.000134,1.047121,0.000366,1.802772,0.602011,0.608740,0.636579,0.933576,0.916692,0.958755
100,0.000000,0.100000,0.7,0.3,0.0,47,1.009159,1.354247,1.341956,1.023354,1.372599,0.000134,1.047121,0.000414,1.883613,0.602011,0.606025,0.628162,0.933576,0.919396,0.953097
100,0.000000,0.100000,0.7,0.3,0.0,48,1.009159,1.387134,1.374545,1.023354,1.406013,0.000134,1.047121,0.000461,1.976411,0.602011,0.603909,0.619592,0.933576,0.922958,0.947014
100,0.000000,0.100000,0.7,0.3,0.0,49,1.009159,1.423441,1.410523,1.023354,1.442949,0.000134,1.047121,0.000510,2.081593,0.602011,0.602522,0.610885,0.933576,0.927600,0.940525
100,0.000000,0.100000,0.7,0.3,0.0,50,1.009159,1.464665,1.451372,1.023354,1.484910,0.000134,1.047121,0.000565,2.204393,0.602011,nan,nan,0.933576,nan,nan
100,0.800000,0.300000,0.3,0.7,0.0,2,1.135971,1.105513,0.973188,1.153176,1.121844,0.000014,1.329801,0.000010,1.258524,0.465553,1.186887,1.299153,0.721596,1.200270,1.313803
100,0.800000,0.300000,0.3,0.7,0.0,3,1.135971,1.079364,0.950169,1.153176,1.094967,0.000014,1.329801,0.000010,1.198943,0.465553,1.108153,1.231232,0.721596,1.133142,1.259000
100,0.800000,0.300000,0.3,0.7,0.0,4,1.135971,1.061159,0.934143,1.153176,1.076289,0.000014,1.329801,0.000012,1.158386,0.465553,1.048840,1.176516,0.721596,1.084317,1.216314
100,0.800000,0.300000,0.3,0.7,0.0,5,1.135971,1.049063,0.923495,1.153176,1.063832,0.000014,1.329801,0.000013,1.131725,0.465553,1.003706,1.131059,0.721596,1.048971,1.182070
100,0.800000,0.300000,0.3,0.7,0.0,6,1.135971,1.041017,0.916412,1.153176,1.055600,0.000014,1.329801,0.000014,1.114277,0.465553,0.968139,1.092536,0.721596,1.022712,1.154126
100,0.800000,0.300000,0.3,0.7,0.0,7,1.135971,1.035814,0.911831,1.153176,1.050212,0.000014,1.329801,0.000015,1.102931,0.465553,0.939115,1.059374,0.721596,1.002636,1.131036
100,0.800000,0.300000,0.3,0.7,0.0,8,1.135971,1.032913,0.909278,1.153176,1.047142,0.000014,1.329801,0.000015,1.096490,0.465553,0.914484,1.030285,0.721596,0.986644,1.111592
100,0.800000,0.300000,0.3,0.7,0.0,9,1.135971,1.031606,0.908127,1.153176,1.045813,0.000014,1.329801,0.000015,1.093709,0.465553,0.892930,1.004434,0.721596,0.973450,1.095021
100,0.800000,0.300000,0.3,0.7,0.0,10,1.135971,1.031532,0.908062,1.153176,1.045674,0.000014,1.329801,0.000015,1.093418,0.465553,0.873597,0.981180,0.721596,0.962216,1.080727
100,0.800000,0.300000,0.3,0.7,0.0,11,1.135971,1.032548,0.908957,1.153176,1.046653,0.000014,1.329801,0.000014,1.095469,0.465553,0.855877,0.960028,0.721596,0.952338,1.068247
100,0.800000,0.300000,0.3,0.7,0.0,12,1.135971,1.034127,0.910347,1.153176,1.048227,0.000014,1.329801,0.000013,1.098768,0.465553,0.839296,0.940505,0.721596,0.943340,1.057119
100,0.800000,0.300000,0.3,0.7,0.0,13,1.135971,1.036681,0.912595,1.153176,1.050776,0.000014,1.329801,0.000013,1.104117,0.465553,0.823607,0.922359,0.721596,0.934980,1.047113
100,0.800000,0.300000,0.3,0.7,0.0,14,1.135971,1.039575,0.915143,1.153176,1.053615,0.000014,1.329801,0.000012,1.110093,0.465553,0.808644,0.905363,0.721596,0.927097,1.038017
100,0.800000,0.300000,0.3,0.7,0.0,15,1.135971,1.043126,0.918268,1.153176,1.057183,0.000014,1.329801,0.000013,1.117623,0.465553,0.794194,0.889296,0.721596,0.919470,1.029611
100,0.800000,0.300000,0.3,0.7,0.0,16,1.135971,1.046928,0.921615,1.153176,1.061027,0.000014,1.329801,0.000012,1.125766,0.465553,0.780197,0.873982,0.721596,0.912045,1.021723
100,0.800000,0.300000,0.3,0.7,0.0,17,1.135971,1.051501,0.925641,1.153176,1.065606,0.000014,1.329801,0.000012,1.135504,0.465553,0.766499,0.859299,0.721596,0.904656,1.014233
100,0.800000,0.300000,0.3,0.7,0.0,18,1.135971,1.056520,0.930059,1.153176,1.070662,0.000014,1.329801,0.000012,1.146304,0.465553,0.753058,0.845092,0.721596,0.897263,1.006978
100,0.800000,0.300000,0.3,0.7,0.0,19,1.135971,1.061532,0.934472,1.153176,1.075690,0.000014,1.329801,0.000012,1.157097,0.465553,0.739984,0.831442,0.721596,0.890007,1.000072
100,0.800000,0.300000,0.3,0.7,0.0,20,1.135971,1.067346,0.939590,1.153176,1.081547,0.000014,1.329801,0.000011,1.169733,0.465553,0.727069,0.818079,0.721596,0.882649,0.993205
100,0.800000,0.300000,0.3,0.7,0.0,21,1.135971,1.073680,0.945165,1.153176,1.087879,0.000014,1.329801,0.000012,1.183470,0.465553,0.714388,0.805054,0.721596,0.875284,0.986450
100,0.800000,0.300000,0.3,0.7,0.0,22,1.135971,1.080300,0.950993,1.153176,1.094541,0.000014,1.329801,0.000014,1.198005,0.465553,0.701877,0.792285,0.721596,0.867843,0.979717
100,0.800000,0.300000,0.3,0.7,0.0,23,1.135971,1.087273,0.957131,1.153176,1.101612,0.000014,1.329801,0.000015,1.213534,0.465553,0.689589,0.779750,0.721596,0.860396,0.972986
100,0.800000,0.300000,0.3,0.7,0.0,24,1.135971,1.095209,0.964117,1.153176,1.109572,0.000014,1.329801,0.000014,1.231136,0.465553,0.677471,0.767382,0.721596,0.852886,0.966182
100,0.800000,0.300000,0.3,0.7,0.0,25,1.135971,1.103147,0.971105,1.153176,1.117571,0.000014,1.329801,0.000013,1.248951,0.465553,0.665544,0.755178,0.721596,0.845343,0.959306
100,0.800000,0.300000,0.3,0.7,0.0,26,1.135971,1.111483,0.978443,1.153176,1.125988,0.000014,1.329801,0.000015,1.267833,0.465553,0.653842,0.743147,0.721596,0.837821,0.952376
100,0.800000,0.300000,0.3,0.7,0.0,27,1.135971,1.121104,0.986913,1.153176,1.135727,0.000014,1.329801,0.000016,1.289859,0.465553,0.642301,0.731197,0.721596,0.830239,0.945278
100,0.800000,0.300000,0.3,0.7,0.0,28,1.135971,1.130787,0.995437,1.153176,1.145441,0.000014,1.329801,0.000017,1.312019,0.465553,0.630943,0.719348,0.721596,0.822637,0.938042
100,0.800000,0.300000,0.3,0.7,0.0,29,1.135971,1.141025,1.004450,1.153176,1.155801,0.000014,1.329801,0.000015,1.335861,0.465553,0.619775,0.707547,0.721596,0.815027,0.930599
100,0.800000,0.300000,0.3,0.7,0.0,30,1.135971,1.152411,1.014473,1.153176,1.167295,0.000014,1.329801,0.000022,1.362557,0.465553,0.608814,0.695819,0.721596,0.807438,0.922985
100,0.800000,0.300000,0.3,0.7,0.0,31,1.135971,1.164364,1.024995,1.153176,1.179328,0.000014,1.329801,0.000016,1.390799,0.465553,0.598049,0.684112,0.721596,0.799864,0.915136
100,0.800000,0.300000,0.3,0.7,0.0,32,1.135971,1.176916,1.036044,1.153176,1.192094,0.000014,1.329801,0.000016,1.421071,0.465553,0.587570,0.672521,0.721596,0.792432,0.907177
100,0.800000,0.300000,0.3,0.7,0.0,33,1.135971,1.190139,1.047684,1.153176,1.205520,0.000014,1.329801,0.000021,1.453258,0.465553,0.577309,0.660944,0.721596,0.785060,0.898974
100,0.800000,0.300000,0.3,0.7,0.0,34,1.135971,1.204200,1.060063,1.153176,1.219690,0.000014,1.329801,0.000021,1.487623,0.465553,0.567279,0.649371,0.721596,0.777773,0.890515
100,0.800000,0.300000,0.3,0.7,0.0,35,1.135971,1.219582,1.073603,1.153176,1.235238,0.000014,1.329801,0.000021,1.525793,0.465553,0.557531,0.637837,0.721596,0.770648,0.881847
100,0.800000,0.300000,0.3,0.7,0.0,36,1.135971,1.235497,1.087613,1.153176,1.251361,0.000014,1.329801,0.000025,1.565880,0.465553,0.548080,0.626333,0.721596,0.763719,0.872961
100,0.800000,0.300000,0.3,0.7,0.0,37,1.135971,1.253143,1.103147,1.153176,1.269327,0.000014,1.329801,0.000029,1.611162,0.465553,0.538931,0.614839,0.721596,0.756998,0.863826
100,0.800000,0.300000,0.3,0.7,0.0,38,1.135971,1.271807,1.119577,1.153176,1.288301,0.000014,1.329801,0.000024,1.659695,0.465553,0.530100,0.603341,0.721596,0.750522,0.854426
100,0.800000,0.300000,0.3,0.7,0.0,39,1.135971,1.291768,1.137149,1.153176,1.308543,0.000014,1.329801,0.000031,1.712255,0.465553,0.521617,0.591840,0.721596,0.744343,0.844762
100,0.800000,0.300000,0.3,0.7,0.0,40,1.135971,1.313017,1.155854,1.153176,1.330205,0.000014,1.329801,0.000030,1.769417,0.465553,0.513524,0.580360,0.721596,0.738533,0.834865
100,0.800000,0.300000,0.3,0.7,0.0,41,1.135971,1.336172,1.176238,1.153176,1.353640,0.000014,1.329801,0.000034,1.832307,0.465553,0.505857,0.568897,0.721596,0.733159,0.824735
100,0.800000,0.300000,0.3,0.7,0.0,42,1.135971,1.361045,1.198134,1.153176,1.378929,0.000014,1.329801,0.000038,1.901408,0.465553,0.498631,0.557403,0.721596,0.728258,0.814299
100,0.800000,0.300000,0.3,0.7,0.0,43,1.135971,1.388220,1.222056,1.153176,1.406557,0.000014,1.329801,0.000038,1.978365,0.465553,0.491908,0.545911,0.721596,0.723933,0.803605
100,0.800000,0.300000,0.3,0.7,0.0,44,1.135971,1.417405,1.247748,1.153176,1.436191,0.000014,1.329801,0.000040,2.062605,0.465553,0.485764,0.534445,0.721596,0.720317,0.792692
100,0.800000,0.300000,0.3,0.7,0.0,45,1.135971,1.449311,1.275835,1.153176,1.468716,0.000014,1.329801,0.000043,2.157084,0.465553,0.480244,0.522979,0.721596,0.717498,0.781517
100,0.800000,0.300000,0.3,0.7,0.0,46,1.135971,1.484506,1.306817,1.153176,1.504479,0.000014,1.329801,0.000039,2.263419,0.465553,0.475412,0.511482,0.721596,0.715591,0.770034
100,0.800000,0.300000,0.3,0.7,0.0,47,1.135971,1.523291,1.340960,1.153176,1.543959,0.000014,1.329801,0.000045,2.383764,0.465553,0.471388,0.499994,0.721596,0.714803,0.758306
100,0.800000,0.300000,0.3,0.7,0.0,48,1.135971,1.565273,1.377917,1.153176,1.586634,0.000014,1.329801,0.000037,2.517372,0.465553,0.468298,0.488505,0.721596,0.715356,0.746317
100,0.800000,0.300000,0.3,0.7,0.0,49,1.135971,1.612783,1.419740,1.153176,1.635099,0.000014,1.329801,0.000038,2.673512,0.465553,0.466284,0.477018,0.721596,0.717501,0.734069
100,0.800000,0.300000,0.3,0.7,0.0,50,1.135971,1.665213,1.465894,1.153176,1.688576,0.000014,1.329801,0.000034,2.851255,0.465553,nan,nan,0.721596,nan,nan
100,0.800000,0.300000,0.7,0.3,0.0,2,1.083561,1.064537,0.982443,1.097004,1.077705,0.000325,1.203094,0.000302,1.161146,0.530574,1.088585,1.186107,0.822702,1.100860,1.199482
100,0.800000,0.300000,0.7,0.3,0.0,3,1.083561,1.048872,0.967986,1.097004,1.061834,0.000325,1.203094,0.000279,1.127212,0.530574,1.035962,1.131914,0.822702,1.059324,1.157442
100,0.800000,0.300000,0.7,0.3,0.0,4,1.083561,1.037797,0.957765,1.097004,1.050662,0.000325,1.203094,0.000255,1.103634,0.530574,0.993671,1.090999,0.822702,1.027282,1.127905
100,0.800000,0.300000,0.7,0.3,0.0,5,1.083561,1.030443,0.950979,1.097004,1.043233,0.000325,1.203094,0.000240,1.088095,0.530574,0.959618,1.057542,0.822702,1.002894,1.105239
100,0.800000,0.300000,0.7,0.3,0.0,6,1.083561,1.025892,0.946779,1.097004,1.038637,0.000325,1.203094,0.000231,1.078535,0.530574,0.931488,1.029044,0.822702,0.983994,1.087056
100,0.800000,0.300000,0.7,0.3,0.0,7,1.083561,1.023307,0.944393,1.097004,1.036080,0.000325,1.203094,0.000221,1.073241,0.530574,0.907698,1.004196,0.822702,0.969093,1.072127
100,0.800000,0.300000,0.7,0.3,0.0,8,1.083561,1.022287,0.943451,1.097004,1.035064,0.000325,1.203094,0.000208,1.071150,0.530574,0.887118,0.982159,0.822702,0.957118,1.059669
100,0.800000,0.300000,0.7,0.3,0.0,9,1.083561,1.022260,0.943426,1.097004,1.035102,0.000325,1.203094,0.000201,1.071235,0.530574,0.868851,0.962303,0.822702,0.947199,1.049093
100,0.800000,0.300000,0.7,0.3,0.0,10,1.083561,1.023065,0.944169,1.097004,1.035988,0.000325,1.203094,0.000194,1.073077,0.530574,0.852437,0.944260,0.822702,0.938909,1.040064
100,0.800000,0.300000,0.7,0.3,0.0,11,1.083561,1.024872,0.945837,1.097004,1.037831,0.000325,1.203094,0.000186,1.076907,0.530574,0.837375,0.927662,0.822702,0.931752,1.032237
100,0.800000,0.300000,0.7,0.3,0.0,12,1.083561,1.026414,0.947260,1.097004,1.039487,0.000325,1.203094,0.000177,1.080356,0.530574,0.823390,0.912220,0.822702,0.925466,1.025332
100,0.800000,0.300000,0.7,0.3,0.0,13,1.083561,1.029170,0.949804,1.097004,1.042305,0.000325,1.203094,0.000172,1.086227,0.530574,0.810244,0.897817,0.822702,0.919816,1.019260
100,0.800000,0.300000,0.7,0.3,0.0,14,1.083561,1.032059,0.952470,1.097004,1.045303,0.000325,1.203094,0.000166,1.092492,0.530574,0.797834,0.884240,0.822702,0.914712,1.013808
100,0.800000,0.300000,0.7,0.3,0.0,15,1.083561,1.035425,0.955577,1.097004,1.048802,0.000325,1.203094,0.000164,1.099821,0.530574,0.785984,0.871380,0.822702,0.909976,1.008880
100,0.800000,0.300000,0.7,0.3,0.0,16,1.083561,1.038921,0.958803,1.097004,1.052381,0.000325,1.203094,0.000165,1.107340,0.530574,0.774637,0.859153,0.822702,0.905560,1.004401
100,0.800000,0.300000,0.7,0.3,0.0,17,1.083561,1.042633,0.962229,1.097004,1.056162,0.000325,1.203094,0.000160,1.115320,0.530574,0.763677,0.847394,0.822702,0.901344,1.000197
100,0.800000,0.300000,0.7,0.3,0.0,18,1.083561,1.047141,0.966388,1.097004,1.060823,0.000325,1.203094,0.000160,1.125185,0.530574,0.753065,0.836073,0.822702,0.897294,0.996250
100,0.800000,0.300000,0.7,0.3,0.0,19,1.083561,1.051273,0.970202,1.097004,1.065106,0.000325,1.203094,0.000154,1.134296,0.530574,0.742725,0.825109,0.822702,0.893332,0.992478
100,0.800000,0.300000,0.7,0.3,0.0,20,1.083561,1.055941,0.974510,1.097004,1.069857,0.000325,1.203094,0.000158,1.144435,0.530574,0.732721,0.814519,0.822702,0.889545,0.988910
100,0.800000,0.300000,0.7,0.3,0.0,21,1.083561,1.060651,0.978857,1.097004,1.074715,0.000325,1.203094,0.000153,1.154859,0.530574,0.722913,0.804166,0.822702,0.885770,0.985394
100,0.800000,0.300000,0.7,0.3,0.0,22,1.083561,1.065762,0.983574,1.097004,1.079866,0.000325,1.203094,0.000158,1.165953,0.530574,0.713327,0.794065,0.822702,0.882048,0.981955
100,0.800000,0.300000,0.7,0.3,0.0,23,1.083561,1.071129,0.988527,1.097004,1.085405,0.000325,1.203094,0.000156,1.177947,0.530574,0.703926,0.784157,0.822702,0.878341,0.978528
100,0.800000,0.300000,0.7,0.3,0.0,24,1.083561,1.076804,0.993764,1.097004,1.091256,0.000325,1.203094,0.000145,1.190695,0.530574,0.694710,0.774420,0.822702,0.874652,0.975092
100,0.800000,0.300000,0.7,0.3,0.0,25,1.083561,1.083162,0.999632,1.097004,1.097785,0.000325,1.203094,0.000150,1.204981,0.530574,0.685666,0.764821,0.822702,0.870975,0.971611
100,0.800000,0.300000,0.7,0.3,0.0,26,1.083561,1.089301,1.005298,1.097004,1.104071,0.000325,1.203094,0.000155,1.218817,0.530574,0.676794,0.755361,0.822702,0.867310,0.968089
100,0.800000,0.300000,0.7,0.3,0.0,27,1.083561,1.095619,1.011129,1.097004,1.110515,0.000325,1.203094,0.000148,1.233095,0.530574,0.668079,0.746007,0.822702,0.863649,0.964492
100,0.800000,0.300000,0.7,0.3,0.0,28,1.083561,1.102925,1.017871,1.097004,1.117948,0.000325,1.203094,0.000152,1.249655,0.530574,0.659500,0.736713,0.822702,0.859969,0.960762
100,0.800000,0.300000,0.7,0.3,0.0,29,1.083561,1.110413,1.024782,1.097004,1.125665,0.000325,1.203094,0.000146,1.266975,0.530574,0.651092,0.727506,0.822702,0.856318,0.956934
100,0.800000,0.300000,0.7,0.3,0.0,30,1.083561,1.118367,1.032122,1.097004,1.133778,0.000325,1.203094,0.000153,1.285300,0.530574,0.642798,0.718336,0.822702,0.852628,0.952947
100,0.800000,0.300000,0.7,0.3,0.0,31,1.083561,1.126633,1.039750,1.097004,1.142231,0.000325,1.203094,0.000153,1.304538,0.530574,0.634663,0.709204,0.822702,0.848964,0.948803
100,0.800000,0.300000,0.7,0.3,0.0,32,1.083561,1.136067,1.048457,1.097004,1.151822,0.000325,1.203094,0.000149,1.326544,0.530574,0.626671,0.700084,0.822702,0.845307,0.944468
100,0.800000,0.300000,0.7,0.3,0.0,33,1.083561,1.145533,1.057193,1.097004,1.161445,0.000325,1.203094,0.000158,1.348797,0.530574,0.618881,0.691018,0.822702,0.841744,0.940000
100,0.800000,0.300000,0.7,0.3,0.0,34,1.083561,1.155786,1.066655,1.097004,1.171950,0.000325,1.203094,0.000154,1.373312,0.530574,0.611219,0.681927,0.822702,0.838179,0.935292
100,0.800000,0.300000,0.7,0.3,0.0,35,1.083561,1.167027,1.077029,1.097004,1.183418,0.000325,1.203094,0.000161,1.400317,0.530574,0.603722,0.672820,0.822702,0.834669,0.930356
100,0.800000,0.300000,0.7,0.3,0.0,36,1.083561,1.178467,1.087587,1.097004,1.195097,0.000325,1.203094,0.000152,1.428105,0.530574,0.596422,0.663705,0.822702,0.831264,0.925200
100,0.800000,0.300000,0.7,0.3,0.0,37,1.083561,1.191284,1.099416,1.097004,1.208158,0.000325,1.203094,0.000159,1.459486,0.530574,0.589322,0.654560,0.822702,0.827974,0.919797
100,0.800000,0.300000,0.7,0.3,0.0,38,1.083561,1.204982,1.112058,1.097004,1.222076,0.000325,1.203094,0.000158,1.493312,0.530574,0.582447,0.645400,0.822702,0.824843,0.914164
100,0.800000,0.300000,0.7,0.3,0.0,39,1.083561,1.219554,1.125506,1.097004,1.236911,0.000325,1.203094,0.000157,1.529793,0.530574,0.575804,0.636194,0.822702,0.821885,0.908257
100,0.800000,0.300000,0.7,0.3,0.0,40,1.083561,1.235666,1.140375,1.097004,1.253372,0.000325,1.203094,0.000160,1.570783,0.530574,0.569410,0.626920,0.822702,0.819138,0.902044
100,0.800000,0.300000,0.7,0.3,0.0,41,1.083561,1.253114,1.156477,1.097004,1.271104,0.000325,1.203094,0.000162,1.615544,0.530574,0.563336,0.617628,0.822702,0.816708,0.895593
100,0.800000,0.300000,0.7,0.3,0.0,42,1.083561,1.271708,1.173638,1.097004,1.290051,0.000325,1.203094,0.000160,1.664071,0.530574,0.557575,0.608258,0.822702,0.814599,0.888818
100,0.800000,0.300000,0.7,0.3,0.0,43,1.083561,1.292485,1.192813,1.097004,1.311190,0.000325,1.203094,0.000162,1.719058,0.530574,0.552163,0.598797,0.822702,0.812873,0.881695
100,0.800000,0.300000,0.7,0.3,0.0,44,1.083561,1.315261,1.213832,1.097004,1.334354,0.000325,1.203094,0.000163,1.780339,0.530574,0.547195,0.589302,0.822702,0.811686,0.874306
100,0.800000,0.300000,0.7,0.3,0.0,45,1.083561,1.340127,1.236781,1.097004,1.359650,0.000325,1.203094,0.000159,1.848489,0.530574,0.542697,0.579727,0.822702,0.811087,0.866582
100,0.800000,0.300000,0.7,0.3,0.0,46,1.083561,1.366922,1.261509,1.097004,1.386948,0.000325,1.203094,0.000162,1.923463,0.530574,0.538750,0.570075,0.822702,0.811220,0.858522
100,0.800000,0.300000,0.7,0.3,0.0,47,1.083561,1.397562,1.289786,1.097004,1.418176,0.000325,1.203094,0.000161,2.011063,0.530574,0.535434,0.560330,0.822702,0.812223,0.850102
100,0.800000,0.300000,0.7,0.3,0.0,48,1.083561,1.430992,1.320638,1.097004,1.452233,0.000325,1.203094,0.000164,2.108817,0.530574,0.532867,0.550493,0.822702,0.814300,0.841320
100,0.800000,0.300000,0.7,0.3,0.0,49,1.083561,1.468662,1.355403,1.097004,1.490712,0.000325,1.203094,0.000164,2.222058,0.530574,0.531189,0.540589,0.822702,0.817692,0.832211
100,0.800000,0.300000,0.7,0.3,0.0,50,1.083561,1.510729,1.394227,1.097004,1.533729,0.000325,1.203094,0.000170,2.352155,0.530574,nan,nan,0.822702,nan,nan
100,0.800000,0.500000,0.3,0.7,0.0,2,1.265449,1.204581,0.951899,1.285483,1.222998,0.000143,1.652324,0.000147,1.495577,0.450071,1.453740,1.696078,0.697657,1.470135,1.715206
100,0.800000,0.500000,0.3,0.7,0.0,3,1.265449,1.149479,0.908356,1.285483,1.166768,0.000143,1.652324,0.000150,1.361197,0.450071,1.293073,1.552802,0.697657,1.322235,1.587825
100,0.800000,0.500000,0.3,0.7,0.0,4,1.265449,1.109198,0.876525,1.285483,1.125654,0.000143,1.652324,0.000152,1.266945,0.450071,1.176286,1.439969,0.697657,1.216076,1.488683
100,0.800000,0.500000,0.3,0.7,0.0,5,1.265449,1.080089,0.853522,1.285483,1.095973,0.000143,1.652324,0.000144,1.201013,0.450071,1.091351,1.348425,0.697657,1.140571,1.409245
100,0.800000,0.500000,0.3,0.7,0.0,6,1.265449,1.059651,0.837371,1.285483,1.075273,0.000143,1.652324,0.000139,1.156074,0.450071,1.027728,1.272732,0.697657,1.085664,1.344486
100,0.800000,0.500000,0.3,0.7,0.0,7,1.265449,1.045003,0.825796,1.285483,1.060432,0.000143,1.652324,0.000139,1.124378,0.450071,0.978433,1.208999,0.697657,1.044618,1.290787
100,0.800000,0.500000,0.3,0.7,0.0,8,1.265449,1.034611,0.817584,1.285483,1.049886,0.000143,1.652324,0.000136,1.102123,0.450071,0.939127,1.154875,0.697657,1.013237,1.246020
100,0.800000,0.500000,0.3,0.7,0.0,9,1.265449,1.027647,0.812081,1.285483,1.042870,0.000143,1.652324,0.000130,1.087449,0.450071,0.906688,1.108120,0.697657,0.988454,1.208063
100,0.800000,0.500000,0.3,0.7,0.0,10,1.265449,1.022919,0.808345,1.285483,1.038059,0.000143,1.652324,0.000130,1.077436,0.450071,0.879185,1.067252,0.697657,0.968376,1.175536
100,0.800000,0.500000,0.3,0.7,0.0,11,1.265449,1.020611,0.806521,1.285483,1.035612,0.000143,1.652324,0.000120,1.072372,0.450071,0.855291,1.031345,0.697657,0.951694,1.147608
100,0.800000,0.500000,0.3,0.7,0.0,12,1.265449,1.019725,0.805821,1.285483,1.034728,0.000143,1.652324,0.000122,1.070539,0.450071,0.834073,0.999309,0.697657,0.937478,1.123220
100,0.800000,0.500000,0.3,0.7,0.0,13,1.265449,1.019944,0.805994,1.285483,1.034919,0.000143,1.652324,0.000118,1.070939,0.450071,0.814813,0.970453,0.697657,0.925006,1.101719
100,0.800000,0.500000,0.3,0.7,0.0,14,1.265449,1.021242,0.807019,1.285483,1.036256,0.000143,1.652324,0.000110,1.073716,0.450071,0.797119,0.944421,0.697657,0.913895,1.082805
100,0.800000,0.500000,0.3,0.7,0.0,15,1.265449,1.023307,0.808651,1.285483,1.038311,0.000143,1.652324,0.000112,1.077978,0.450071,0.780537,0.920422,0.697657,0.903670,1.065657
100,0.800000,0.500000,0.3,0.7,0.0,16,1.265449,1.026032,0.810805,1.285483,1.041030,0.000143,1.652324,0.000109,1.083635,0.450071,0.764922,0.898418,0.697657,0.894201,1.050298
100,0.800000,0.500000,0.3,0.7,0.0,17,1.265449,1.029741,0.813736,1.285483,1.044775,0.000143,1.652324,0.000105,1.091450,0.450071,0.750039,0.877927,0.697657,0.885243,1.036230
100,0.800000,0.500000,0.3,0.7,0.0,18,1.265449,1.033766,0.816916,1.285483,1.048877,0.000143,1.652324,0.000105,1.100039,0.450071,0.735736,0.858742,0.697657,0.876639,1.023254
100,0.800000,0.500000,0.3,0.7,0.0,19,1.265449,1.038280,0.820483,1.285483,1.053436,0.000143,1.652324,0.000094,1.109634,0.450071,0.721937,0.840737,0.697657,0.868318,1.011264
100,0.800000,0.500000,0.3,0.7,0.0,20,1.265449,1.043668,0.824741,1.285483,1.058905,0.000143,1.652324,0.000093,1.121186,0.450071,0.708616,0.823716,0.697657,0.860265,1.000062
100,0.800000,0.500000,0.3,0.7,0.0,21,1.265449,1.049207,0.829118,1.285483,1.064528,0.000143,1.652324,0.000089,1.133131,0.450071,0.695613,0.807475,0.697657,0.852300,0.989432
100,0.800000,0.500000,0.3,0.7,0.0,22,1.265449,1.055476,0.834072,1.285483,1.070846,0.000143,1.652324,0.000087,1.146624,0.450071,0.682943,0.791926,0.697657,0.844453,0.979288
100,0.800000,0.500000,0.3,0.7,0.0,23,1.265449,1.062468,0.839598,1.285483,1.077980,0.000143,1.652324,0.000083,1.161958,0.450071,0.670535,0.776952,0.697657,0.836646,0.969512
100,0.800000,0.500000,0.3,0.7,0.0,24,1.265449,1.069329,0.845019,1.285483,1.084918,0.000143,1.652324,0.000086,1.176961,0.450071,0.658421,0.762543,0.697657,0.828928,0.960109
100,0.800000,0.500000,0.3,0.7,0.0,25,1.265449,1.077176,0.851220,1.285483,1.092856,0.000143,1.652324,0.000076,1.194259,0.450071,0.646526,0.748528,0.697657,0.821215,0.950879
100,0.800000,0.500000,0.3,0.7,0.0,26,1.265449,1.085706,0.857961,1.285483,1.101540,0.000143,1.652324,0.000069,1.213322,0.450071,0.634900,0.734923,0.697657,0.813577,0.941859
100,0.800000,0.500000,0.3,0.7,0.0,27,1.265449,1.094532,0.864935,1.285483,1.110512,0.000143,1.652324,0.000067,1.233170,0.450071,0.623477,0.721634,0.697657,0.805938,0.932939
100,0.800000,0.500000,0.3,0.7,0.0,28,1.265449,1.103923,0.872356,1.285483,1.120092,0.000143,1.652324,0.000067,1.254540,0.450071,0.612354,0.708682,0.697657,0.798431,0.924158
100,0.800000,0.500000,0.3,0.7,0.0,29,1.265449,1.114289,0.880548,1.285483,1.130645,0.000143,1.652324,0.000056,1.278301,0.450071,0.601392,0.695923,0.697657,0.790885,0.915338
100,0.800000,0.500000,0.3,0.7,0.0,30,1.265449,1.124399,0.888537,1.285483,1.140887,0.000143,1.652324,0.000050,1.301573,0.450071,0.590644,0.683370,0.697657,0.783375,0.906502
100,0.800000,0.500000,0.3,0.7,0.0,31,1.265449,1.135835,0.897574,1.285483,1.152473,0.000143,1.652324,0.000043,1.328151,0.450071,0.580128,0.670994,0.697657,0.775933,0.897619
100,0.800000,0.500000,0.3,0.7,0.0,32,1.265449,1.148214,0.907357,1.285483,1.165091,0.000143,1.652324,0.000037,1.357400,0.450071,0.569872,0.658798,0.697657,0.768603,0.888699
100,0.800000,0.500000,0.3,0.7,0.0,33,1.265449,1.160726,0.917244,1.285483,1.177847,0.000143,1.652324,0.000031,1.387293,0.450071,0.559840,0.646733,0.697657,0.761345,0.879680
100,0.800000,0.500000,0.3,0.7,0.0,34,1.265449,1.174430,0.928074,1.285483,1.191747,0.000143,1.652324,0.000025,1.420237,0.450071,0.550061,0.634765,0.697657,0.754209,0.870522
100,0.800000,0.500000,0.3,0.7,0.0,35,1.265449,1.189229,0.939768,1.285483,1.206757,0.000143,1.652324,0.000021,1.456241,0.450071,0.540579,0.622926,0.697657,0.747261,0.861270
100,0.800000,0.500000,0.3,0.7,0.0,36,1.265449,1.204831,0.952097,1.285483,1.222550,0.000143,1.652324,0.000014,1.494615,0.450071,0.531359,0.611178,0.697657,0.740464,0.851879
100,0.800000,0.500000,0.3,0.7,0.0,37,1.265449,1.221921,0.965603,1.285483,1.239884,0.000143,1.652324,0.000009,1.537304,0.450071,0.522403,0.599464,0.697657,0.733829,0.842267
100,0.800000,0.500000,0.3,0.7,0.0,38,1.265449,1.239542,0.979527,1.285483,1.257827,0.000143,1.652324,0.000005,1.582124,0.450071,0.513778,0.587816,0.697657,0.727462,0.832484
100,0.800000,0.500000,0.3,0.7,0.0,39,1.265449,1.259210,0.995069,1.285483,1.277752,0.000143,1.652324,0.000003,1.632649,0.450071,0.505517,0.576274,0.697657,0.721419,0.822590
100,0.800000,0.500000,0.3,0.7,0.0,40,1.265449,1.280407,1.011820,1.285483,1.299184,0.000143,1.652324,0.000001,1.687880,0.450071,0.497587,0.564716,0.697657,0.715666,0.812410
100,0.800000,0.500000,0.3,0.7,0.0,41,1.265449,1.302451,1.029240,1.285483,1.321580,0.000143,1.652324,0.000000,1.746573,0.450071,0.490078,0.553231,0.697657,0.710343,0.802074
100,0.800000,0.500000,0.3,0.7,0.0,42,1.265449,1.327021,1.048656,1.285483,1.346522,0.000143,1.652324,0.000002,1.813121,0.450071,0.482985,0.541749,0.697657,0.705461,0.791483
100,0.800000,0.500000,0.3,0.7,0.0,43,1.265449,1.353359,1.069469,1.285483,1.373188,0.000143,1.652324,0.000006,1.885639,0.450071,0.476383,0.530313,0.697657,0.701141,0.780700
100,0.800000,0.500000,0.3,0.7,0.0,44,1.265449,1.382036,1.092131,1.285483,1.402237,0.000143,1.652324,0.000011,1.966259,0.450071,0.470301,0.518859,0.697657,0.697444,0.769630
100,0.800000,0.500000,0.3,0.7,0.0,45,1.265449,1.413449,1.116954,1.285483,1.434153,0.000143,1.652324,0.000022,2.056773,0.450071,0.464821,0.507427,0.697657,0.694511,0.758333
100,0.800000,0.500000,0.3,0.7,0.0,46,1.265449,1.448131,1.144361,1.285483,1.469427,0.000143,1.652324,0.000035,2.159181,0.450071,0.460016,0.495981,0.697657,0.692474,0.746756
100,0.800000,0.500000,0.3,0.7,0.0,47,1.265449,1.486178,1.174427,1.285483,1.507992,0.000143,1.652324,0.000053,2.273986,0.450071,0.455989,0.484529,0.697657,0.691509,0.734911
100,0.800000,0.500000,0.3,0.7,0.0,48,1.265449,1.528651,1.207990,1.285483,1.551133,0.000143,1.652324,0.000075,2.405940,0.450071,0.452871,0.473078,0.697657,0.691847,0.722807
100,0.800000,0.500000,0.3,0.7,0.0,49,1.265449,1.575563,1.245062,1.285483,1.598942,0.000143,1.652324,0.000107,2.556509,0.450071,0.450821,0.461584,0.697657,0.693764,0.710378
100,0.800000,0.500000,0.3,0.7,0.0,50,1.265449,1.628533,1.286921,1.285483,1.652910,0.000143,1.652324,0.000149,2.731962,0.450071,nan,nan,0.697657,nan,nan
100,0.800000,0.500000,0.7,0.3,0.0,2,1.192999,1.157524,0.970264,1.208638,1.172456,0.000001,1.460805,0.000001,1.374651,0.468607,1.254872,1.461955,0.726476,1.269020,1.478440
100,0.800000,0.500000,0.7,0.3,0.0,3,1.192999,1.127084,0.944748,1.208638,1.141566,0.000001,1.460805,0.000001,1.303173,0.468607,1.159918,1.352620,0.726476,1.186072,1.383123
100,0.800000,0.500000,0.7,0.3,0.0,4,1.192999,1.104160,0.925533,1.208638,1.118339,0.000001,1.460805,0.000001,1.250680,0.468607,1.085615,1.273678,0.726476,1.122330,1.316758
100,0.800000,0.500000,0.7,0.3,0.0,5,1.192999,1.087696,0.911732,1.208638,1.101646,0.000001,1.460805,0.000001,1.213624,0.468607,1.027343,1.211058,0.726476,1.073665,1.265672
100,0.800000,0.500000,0.7,0.3,0.0,6,1.192999,1.075857,0.901809,1.208638,1.089721,0.000001,1.460805,0.000001,1.187491,0.468607,0.980734,1.159121,0.726476,1.036005,1.224457
100,0.800000,0.500000,0.7,0.3,0.0,7,1.192999,1.067054,0.894430,1.208638,1.080874,0.000001,1.460805,0.000001,1.168288,0.468607,0.942420,1.114730,0.726476,1.006150,1.190126
100,0.800000,0.500000,0.7,0.3,0.0,8,1.192999,1.061076,0.889420,1.208638,1.074825,0.000001,1.460805,0.000001,1.155248,0.468607,0.910276,1.076160,0.726476,0.982087,1.161075
100,0.800000,0.500000,0.7,0.3,0.0,9,1.192999,1.057568,0.886479,1.208638,1.071368,0.000001,1.460805,0.000001,1.147828,0.468607,0.882679,1.042165,0.726476,0.962256,1.136140
100,0.800000,0.500000,0.7,0.3,0.0,10,1.192999,1.054955,0.884288,1.208638,1.068761,0.000001,1.460805,0.000001,1.142249,0.468607,0.858620,1.011973,0.726476,0.945698,1.114627
100,0.800000,0.500000,0.7,0.3,0.0,11,1.192999,1.053902,0.883406,1.208638,1.067711,0.000001,1.460805,0.000000,1.140006,0.468607,0.837015,0.984604,0.726476,0.931329,1.095576
100,0.800000,0.500000,0.7,0.3,0.0,12,1.192999,1.053728,0.883260,1.208638,1.067605,0.000001,1.460805,0.000000,1.139780,0.468607,0.817525,0.959829,0.726476,0.918847,1.078819
100,0.800000,0.500000,0.7,0.3,0.0,13,1.192999,1.054617,0.884005,1.208638,1.068558,0.000001,1.460805,0.000000,1.141817,0.468607,0.799535,0.937020,0.726476,0.907629,1.063737
100,0.800000,0.500000,0.7,0.3,0.0,14,1.192999,1.056028,0.885188,1.208638,1.070001,0.000001,1.460805,0.000000,1.144902,0.468607,0.782810,0.915920,0.726476,0.897456,1.050100
100,0.800000,0.500000,0.7,0.3,0.0,15,1.192999,1.057459,0.886387,1.208638,1.071505,0.000001,1.460805,0.000000,1.148123,0.468607,0.767155,0.896343,0.726476,0.888142,1.037749
100,0.800000,0.500000,0.7,0.3,0.0,16,1.192999,1.059898,0.888432,1.208638,1.073990,0.000001,1.460805,0.000000,1.153454,0.468607,0.752285,0.877942,0.726476,0.879393,1.026330
100,0.800000,0.500000,0.7,0.3,0.0,17,1.192999,1.062633,0.890724,1.208638,1.076832,0.000001,1.460805,0.000000,1.159566,0.468607,0.738117,0.860571,0.726476,0.871137,1.015712
100,0.800000,0.500000,0.7,0.3,0.0,18,1.192999,1.065996,0.893544,1.208638,1.080220,0.000001,1.460805,0.000000,1.166875,0.468607,0.724586,0.844167,0.726476,0.863319,1.005854
100,0.800000,0.500000,0.7,0.3,0.0,19,1.192999,1.069860,0.896782,1.208638,1.084181,0.000001,1.460805,0.000000,1.175448,0.468607,0.711511,0.828472,0.726476,0.855744,0.996479
100,0.800000,0.500000,0.7,0.3,0.0,20,1.192999,1.073517,0.899848,1.208638,1.087874,0.000001,1.460805,0.000000,1.183470,0.468607,0.698928,0.813501,0.726476,0.848470,0.987627
100,0.800000,0.500000,0.7,0.3,0.0,21,1.192999,1.077877,0.903502,1.208638,1.092283,0.000001,1.460805,0.000000,1.193081,0.468607,0.686727,0.799050,0.726476,0.841380,0.979074
100,0.800000,0.500000,0.7,0.3,0.0,22,1.192999,1.082723,0.907564,1.208638,1.097146,0.000001,1.460805,0.000000,1.203728,0.468607,0.674902,0.785139,0.726476,0.834480,0.970863
100,0.800000,0.500000,0.7,0.3,0.0,23,1.192999,1.087694,0.911731,1.208638,1.102233,0.000001,1.460805,0.000000,1.214917,0.468607,0.663421,0.771682,0.726476,0.827741,0.962905
100,0.800000,0.500000,0.7,0.3,0.0,24,1.192999,1.093132,0.916289,1.208638,1.107736,0.000001,1.460805,0.000000,1.227079,0.468607,0.652235,0.758598,0.726476,0.821113,0.955110
100,0.800000,0.500000,0.7,0.3,0.0,25,1.192999,1.099136,0.921322,1.208638,1.113759,0.000001,1.460805,0.000000,1.240458,0.468607,0.641340,0.745857,0.726476,0.814603,0.947457
100,0.800000,0.500000,0.7,0.3,0.0,26,1.192999,1.105224,0.926426,1.208638,1.119960,0.000001,1.460805,0.000000,1.254310,0.468607,0.630716,0.733387,0.726476,0.808192,0.939862
100,0.800000,0.500000,0.7,0.3,0.0,27,1.192999,1.111586,0.931758,1.208638,1.126409,0.000001,1.460805,0.000000,1.268797,0.468607,0.620350,0.721190,0.726476,0.801876,0.932338
100,0.800000,0.500000,0.7,0.3,0.0,28,1.192999,1.118897,0.937886,1.208638,1.133775,0.000001,1.460805,0.000000,1.285445,0.468607,0.610223,0.709203,0.726476,0.795638,0.924813
100,0.800000,0.500000,0.7,0.3,0.0,29,1.192999,1.126368,0.944149,1.208638,1.141260,0.000001,1.460805,0.000000,1.302474,0.468607,0.600379,0.697437,0.726476,0.789541,0.917307
100,0.800000,0.500000,0.7,0.3,0.0,30,1.192999,1.134358,0.950846,1.208638,1.149260,0.000001,1.460805,0.000000,1.320798,0.468607,0.590759,0.685822,0.726476,0.783519,0.909735
100,0.800000,0.500000,0.7,0.3,0.0,31,1.192999,1.142983,0.958075,1.208638,1.158029,0.000001,1.460805,0.000000,1.341030,0.468607,0.581394,0.674389,0.726476,0.777621,0.902143
100,0.800000,0.500000,0.7,0.3,0.0,32,1.192999,1.151689,0.965374,1.208638,1.166804,0.000001,1.460805,0.000000,1.361431,0.468607,0.572264,0.663069,0.726476,0.771828,0.894445
100,0.800000,0.500000,0.7,0.3,0.0,33,1.192999,1.161673,0.973742,1.208638,1.176850,0.000001,1.460805,0.000000,1.384975,0.468607,0.563389,0.651864,0.726476,0.766174,0.886649
100,0.800000,0.500000,0.7,0.3,0.0,34,1.192999,1.172201,0.982567,1.208638,1.187433,0.000001,1.460805,0.000000,1.409997,0.468607,0.554763,0.640764,0.726476,0.760662,0.878741
100,0.800000,0.500000,0.7,0.3,0.0,35,1.192999,1.183449,0.991995,1.208638,1.198806,0.000001,1.460805,0.000000,1.437136,0.468607,0.546397,0.629739,0.726476,0.755313,0.870686
100,0.800000,0.500000,0.7,0.3,0.0,36,1.192999,1.195445,1.002050,1.208638,1.210807,0.000001,1.460805,0.000000,1.466054,0.468607,0.538286,0.618785,0.726476,0.750133,0.862481
100,0.800000,0.500000,0.7,0.3,0.0,37,1.192999,1.208629,1.013102,1.208638,1.224036,0.000001,1.460805,0.000001,1.498262,0.468607,0.530478,0.607909,0.726476,0.745193,0.854138
100,0.800000,0.500000,0.7,0.3,0.0,38,1.192999,1.222067,1.024366,1.208638,1.237599,0.000001,1.460805,0.000002,1.531649,0.468607,0.522955,0.597055,0.726476,0.740481,0.845578
100,0.800000,0.500000,0.7,0.3,0.0,39,1.192999,1.237346,1.037173,1.208638,1.252915,0.000001,1.460805,0.000003,1.569794,0.468607,0.515778,0.586281,0.726476,0.736092,0.836887
100,0.800000,0.500000,0.7,0.3,0.0,40,1.192999,1.253605,1.050802,1.208638,1.269255,0.000001,1.460805,0.000002,1.611006,0.468607,0.508925,0.575526,0.726476,0.732008,0.827981
100,0.800000,0.500000,0.7,0.3,0.0,41,1.192999,1.271108,1.065473,1.208638,1.286876,0.000001,1.460805,0.000005,1.656045,0.468607,0.502417,0.564775,0.726476,0.728268,0.818835
100,0.800000,0.500000,0.7,0.3,0.0,42,1.192999,1.290226,1.081498,1.208638,1.306112,0.000001,1.460805,0.000008,1.705921,0.468607,0.496326,0.554073,0.726476,0.724993,0.809518
100,0.800000,0.500000,0.7,0.3,0.0,43,1.192999,1.310651,1.098619,1.208638,1.326675,0.000001,1.460805,0.000010,1.760055,0.468607,0.490675,0.543390,0.726476,0.722228,0.799985
100,0.800000,0.500000,0.7,0.3,0.0,44,1.192999,1.333041,1.117387,1.208638,1.349142,0.000001,1.460805,0.000015,1.820169,0.468607,0.485493,0.532694,0.726476,0.720031,0.790192
100,0.800000,0.500000,0.7,0.3,0.0,45,1.192999,1.357856,1.138187,1.208638,1.374160,0.000001,1.460805,0.000018,1.888297,0.468607,0.480848,0.522006,0.726476,0.718522,0.780168
100,0.800000,0.500000,0.7,0.3,0.0,46,1.192999,1.384965,1.160911,1.208638,1.401503,0.000001,1.460805,0.000027,1.964183,0.468607,0.476816,0.511348,0.726476,0.717832,0.769946
100,0.800000,0.500000,0.7,0.3,0.0,47,1.192999,1.414524,1.185687,1.208638,1.431337,0.000001,1.460805,0.000037,2.048688,0.468607,0.473457,0.500663,0.726476,0.718075,0.759443
100,0.800000,0.500000,0.7,0.3,0.0,48,1.192999,1.447314,1.213173,1.208638,1.464479,0.000001,1.460805,0.000046,2.144652,0.468607,0.470881,0.489983,0.726476,0.719441,0.748704
100,0.800000,0.500000,0.7,0.3,0.0,49,1.192999,1.483663,1.243642,1.208638,1.501324,0.000001,1.460805,0.000059,2.253913,0.468607,0.469214,0.479309,0.726476,0.722152,0.737734
100,0.800000,0.500000,0.7,0.3,0.0,50,1.192999,1.524509,1.277880,1.208638,1.542827,0.000001,1.460805,0.000076,2.380238,0.468607,nan,nan,0.726476,nan,nan
100,0.800000,0.100000,0.3,0.7,0.0,2,1.029419,1.021895,0.992691,1.041755,1.034033,0.000111,1.085142,0.000093,1.069133,0.470835,1.021256,1.057765,0.729805,1.032772,1.069694
100,0.800000,0.100000,0.3,0.7,0.0,3,1.029419,1.016358,0.987312,1.041755,1.028304,0.000111,1.085142,0.000079,1.057329,0.470835,0.990777,1.033973,0.729805,1.013122,1.057293
100,0.800000,0.100000,0.3,0.7,0.0,4,1.029419,1.013200,0.984244,1.041755,1.025067,0.000111,1.085142,0.000068,1.050695,0.470835,0.965096,1.013190,0.729805,0.997742,1.047466
100,0.800000,0.100000,0.3,0.7,0.0,5,1.029419,1.012219,0.983291,1.041755,1.024025,0.000111,1.085142,0.000059,1.048568,0.470835,0.943369,0.994696,0.729805,0.985915,1.039562
100,0.800000,0.100000,0.3,0.7,0.0,6,1.029419,1.012425,0.983491,1.041755,1.024244,0.000111,1.085142,0.000051,1.049024,0.470835,0.924325,0.977922,0.729805,0.976431,1.033056
100,0.800000,0.100000,0.3,0.7,0.0,7,1.029419,1.013386,0.984424,1.041755,1.025219,0.000111,1.085142,0.000046,1.051027,0.470835,0.907135,0.962494,0.729805,0.968494,1.027608
100,0.800000,0.100000,0.3,0.7,0.0,8,1.029419,1.015124,0.986113,1.041755,1.026978,0.000111,1.085142,0.000040,1.054644,0.470835,0.891162,0.948059,0.729805,0.961483,1.022882
100,0.800000,0.100000,0.3,0.7,0.0,9,1.029419,1.017196,0.988126,1.041755,1.029085,0.000111,1.085142,0.000036,1.058980,0.470835,0.876086,0.934439,0.729805,0.955087,1.018718
100,0.800000,0.100000,0.3,0.7,0.0,10,1.029419,1.019660,0.990520,1.041755,1.031598,0.000111,1.085142,0.000035,1.064160,0.470835,0.861655,0.921454,0.729805,0.949061,1.014945
100,0.800000,0.100000,0.3,0.7,0.0,11,1.029419,1.022707,0.993480,1.041755,1.034714,0.000111,1.085142,0.000031,1.070603,0.470835,0.847648,0.908934,0.729805,0.943179,1.011396
100,0.800000,0.100000,0.3,0.7,0.0,12,1.029419,1.025996,0.996675,1.041755,1.038068,0.000111,1.085142,0.000027,1.077558,0.470835,0.833998,0.896807,0.729805,0.937382,1.008006
100,0.800000,0.100000,0.3,0.7,0.0,13,1.029419,1.029716,1.000288,1.041755,1.041821,0.000111,1.085142,0.000025,1.085366,0.470835,0.820583,0.884964,0.729805,0.931543,1.004663
100,0.800000,0.100000,0.3,0.7,0.0,14,1.029419,1.033472,1.003936,1.041755,1.045685,0.000111,1.085142,0.000026,1.093432,0.470835,0.807405,0.873364,0.729805,0.925671,1.001331
100,0.800000,0.100000,0.3,0.7,0.0,15,1.029419,1.037574,1.007921,1.041755,1.049884,0.000111,1.085142,0.000023,1.102233,0.470835,0.794362,0.861924,0.729805,0.919658,0.997922
100,0.800000,0.100000,0.3,0.7,0.0,16,1.029419,1.042462,1.012670,1.041755,1.054821,0.000111,1.085142,0.000021,1.112626,0.470835,0.781516,0.850657,0.729805,0.913578,0.994455
100,0.800000,0.100000,0.3,0.7,0.0,17,1.029419,1.047052,1.017129,1.041755,1.059512,0.000111,1.085142,0.000019,1.122547,0.470835,0.768713,0.839435,0.729805,0.907259,0.990786
100,0.800000,0.100000,0.3,0.7,0.0,18,1.029419,1.052143,1.022074,1.041755,1.064689,0.000111,1.085142,0.000019,1.133544,0.470835,0.756107,0.828336,0.729805,0.900886,0.987009
100,0.800000,0.100000,0.3,0.7,0.0,19,1.029419,1.057376,1.027158,1.041755,1.070067,0.000111,1.085142,0.000018,1.145025,0.470835,0.743591,0.817291,0.729805,0.894335,0.983046
100,0.800000,0.100000,0.3,0.7,0.0,20,1.029419,1.063529,1.033135,1.041755,1.076319,0.000111,1.085142,0.000016,1.158445,0.470835,0.731201,0.806283,0.729805,0.887653,0.978878
100,0.800000,0.100000,0.3,0.7,0.0,21,1.029419,1.069471,1.038907,1.041755,1.082388,0.000111,1.085142,0.000016,1.171548,0.470835,0.718926,0.795300,0.729805,0.880832,0.974491
100,0.800000,0.100000,0.3,0.7,0.0,22,1.029419,1.076063,1.045311,1.041755,1.089073,0.000111,1.085142,0.000014,1.186066,0.470835,0.706793,0.784346,0.729805,0.873909,0.969892
100,0.800000,0.100000,0.3,0.7,0.0,23,1.029419,1.083007,1.052056,1.041755,1.096230,0.000111,1.085142,0.000013,1.201707,0.470835,0.694777,0.773396,0.729805,0.866856,0.965048
100,0.800000,0.100000,0.3,0.7,0.0,24,1.029419,1.090220,1.059063,1.041755,1.103550,0.000111,1.085142,0.000012,1.217812,0.470835,0.682883,0.762434,0.729805,0.859687,0.959943
100,0.800000,0.100000,0.3,0.7,0.0,25,1.029419,1.098093,1.066711,1.041755,1.111593,0.000111,1.085142,0.000013,1.235625,0.470835,0.671171,0.751502,0.729805,0.852477,0.954627
100,0.800000,0.100000,0.3,0.7,0.0,26,1.029419,1.106326,1.074709,1.041755,1.119965,0.000111,1.085142,0.000009,1.254312,0.470835,0.659574,0.740528,0.729805,0.845152,0.949008
100,0.800000,0.100000,0.3,0.7,0.0,27,1.029419,1.115234,1.083362,1.041755,1.129103,0.000111,1.085142,0.000010,1.274865,0.470835,0.648138,0.729559,0.729805,0.837772,0.943149
100,0.800000,0.100000,0.3,0.7,0.0,28,1.029419,1.124853,1.092706,1.041755,1.138907,0.000111,1.085142,0.000009,1.297101,0.470835,0.636870,0.718567,0.729805,0.830352,0.937010
100,0.800000,0.100000,0.3,0.7,0.0,29,1.029419,1.134574,1.102149,1.041755,1.148806,0.000111,1.085142,0.000010,1.319746,0.470835,0.625797,0.707569,0.729805,0.822935,0.930616
100,0.800000,0.100000,0.3,0.7,0.0,30,1.029419,1.145465,1.112729,1.041755,1.159882,0.000111,1.085142,0.000008,1.345317,0.470835,0.614878,0.696528,0.729805,0.815470,0.923914
100,0.800000,0.100000,0.3,0.7,0.0,31,1.029419,1.157013,1.123947,1.041755,1.171689,0.000111,1.085142,0.000007,1.372848,0.470835,0.604215,0.685507,0.729805,0.808101,0.916989
100,0.800000,0.100000,0.3,0.7,0.0,32,1.029419,1.168863,1.135458,1.041755,1.183665,0.000111,1.085142,0.000006,1.401057,0.470835,0.593680,0.674397,0.729805,0.800664,0.909694
100,0.800000,0.100000,0.3,0.7,0.0,33,1.029419,1.181736,1.147964,1.041755,1.196781,0.000111,1.085142,0.000007,1.432278,0.470835,0.583425,0.663312,0.729805,0.793370,0.902182
100,0.800000,0.100000,0.3,0.7,0.0,34,1.029419,1.196112,1.161928,1.041755,1.211386,0.000111,1.085142,0.000004,1.467453,0.470835,0.573416,0.652210,0.729805,0.786181,0.894396
100,0.800000,0.100000,0.3,0.7,0.0,35,1.029419,1.210138,1.175553,1.041755,1.225652,0.000111,1.085142,0.000004,1.502219,0.470835,0.563624,0.641034,0.729805,0.779065,0.886255
100,0.800000,0.100000,0.3,0.7,0.0,36,1.029419,1.226221,1.191177,1.041755,1.242024,0.000111,1.085142,0.000005,1.542620,0.470835,0.554152,0.629878,0.729805,0.772176,0.877889
100,0.800000,0.100000,0.3,0.7,0.0,37,1.029419,1.243489,1.207951,1.041755,1.259506,0.000111,1.085142,0.000003,1.586353,0.470835,0.544945,0.618671,0.729805,0.765443,0.869200
100,0.800000,0.100000,0.3,0.7,0.0,38,1.029419,1.261495,1.225443,1.041755,1.277796,0.000111,1.085142,0.000003,1.632760,0.470835,0.536081,0.607455,0.729805,0.758991,0.860243
100,0.800000,0.100000,0.3,0.7,0.0,39,1.029419,1.281147,1.244534,1.041755,1.297748,0.000111,1.085142,0.000004,1.684145,0.470835,0.527532,0.596184,0.729805,0.752787,0.850953
100,0.800000,0.100000,0.3,0.7,0.0,40,1.029419,1.301885,1.264678,1.041755,1.318823,0.000111,1.085142,0.000001,1.739293,0.470835,0.519389,0.584912,0.729805,0.746973,0.841408
100,0.800000,0.100000,0.3,0.7,0.0,41,1.029419,1.324723,1.286864,1.041755,1.342056,0.000111,1.085142,0.000002,1.801113,0.470835,0.511647,0.573594,0.729805,0.741559,0.831541
100,0.800000,0.100000,0.3,0.7,0.0,42,1.029419,1.348834,1.310286,1.041755,1.366437,0.000111,1.085142,0.000001,1.867150,0.470835,0.504368,0.562294,0.729805,0.736646,0.821443
100,0.800000,0.100000,0.3,0.7,0.0,43,1.029419,1.375606,1.336293,1.041755,1.393535,0.000111,1.085142,0.000001,1.941938,0.470835,0.497584,0.550930,0.729805,0.732299,0.810994
100,0.800000,0.100000,0.3,0.7,0.0,44,1.029419,1.404962,1.364810,1.041755,1.423367,0.000111,1.085142,0.000001,2.025972,0.470835,0.491347,0.539539,0.729805,0.728611,0.800250
100,0.800000,0.100000,0.3,0.7,0.0,45,1.029419,1.436648,1.395591,1.041755,1.455465,0.000111,1.085142,0.000001,2.118378,0.470835,0.485754,0.528148,0.729805,0.725746,0.789247
100,0.800000,0.100000,0.3,0.7,0.0,46,1.029419,1.471051,1.429010,1.041755,1.490425,0.000111,1.085142,0.000001,2.221366,0.470835,0.480858,0.516727,0.729805,0.723806,0.777941
100,0.800000,0.100000,0.3,0.7,0.0,47,1.029419,1.509354,1.466218,1.041755,1.529329,0.000111,1.085142,0.000000,2.338846,0.470835,0.476774,0.505283,0.729805,0.722990,0.766340
100,0.800000,0.100000,0.3,0.7,0.0,48,1.029419,1.551134,1.506804,1.041755,1.571761,0.000111,1.085142,0.000000,2.470434,0.470835,0.473629,0.493819,0.729805,0.723519,0.754450
100,0.800000,0.100000,0.3,0.7,0.0,49,1.029419,1.598248,1.552572,1.041755,1.619769,0.000111,1.085142,0.000000,2.623652,0.470835,0.471579,0.482340,0.729805,0.725670,0.742278
100,0.800000,0.100000,0.3,0.7,0.0,50,1.029419,1.650493,1.603324,1.041755,1.673094,0.000111,1.085142,0.000000,2.799243,0.470835,nan,nan,0.729805,nan,nan
100,0.800000,0.100000,0.7,0.3,0.0,2,1.006343,1.001990,0.995675,1.020316,1.015857,0.000037,1.041009,0.000032,1.031934,0.614787,0.998303,1.032757,0.953395,1.009561,1.044404
100,0.800000,0.100000,0.7,0.3,0.0,3,1.006343,0.999290,0.992992,1.020316,1.013077,0.000037,1.041009,0.000026,1.026299,0.614787,0.973491,1.011330,0.953395,0.995446,1.034140
100,0.800000,0.100000,0.7,0.3,0.0,4,1.006343,0.998708,0.992413,1.020316,1.012490,0.000037,1.041009,0.000019,1.025116,0.614787,0.953156,0.993972,0.953395,0.985399,1.027598
100,0.800000,0.100000,0.7,0.3,0.0,5,1.006343,0.999360,0.993062,1.020316,1.013152,0.000037,1.041009,0.000014,1.026463,0.614787,0.936293,0.979125,0.953395,0.978522,1.023290
100,0.800000,0.100000,0.7,0.3,0.0,6,1.006343,1.000624,0.994317,1.020316,1.014407,0.000037,1.041009,0.000011,1.029011,0.614787,0.921916,0.966072,0.953395,0.973889,1.020539
100,0.800000,0.100000,0.7,0.3,0.0,7,1.006343,1.002520,0.996201,1.020316,1.016358,0.000037,1.041009,0.000008,1.032976,0.614787,0.909297,0.954340,0.953395,0.970807,1.018905
100,0.800000,0.100000,0.7,0.3,0.0,8,1.006343,1.004863,0.998530,1.020316,1.018736,0.000037,1.041009,0.000006,1.037816,0.614787,0.897912,0.943623,0.953395,0.968772,1.018101
100,0.800000,0.100000,0.7,0.3,0.0,9,1.006343,1.007086,1.000739,1.020316,1.020968,0.000037,1.041009,0.000006,1.042370,0.614787,0.887428,0.933703,0.953395,0.967463,1.017922
100,0.800000,0.100000,0.7,0.3,0.0,10,1.006343,1.009691,1.003327,1.020316,1.023642,0.000037,1.041009,0.000005,1.047837,0.614787,0.877645,0.924449,0.953395,0.966687,1.018255
100,0.800000,0.100000,0.7,0.3,0.0,11,1.006343,1.012629,1.006247,1.020316,1.026648,0.000037,1.041009,0.000004,1.054002,0.614787,0.868352,0.915691,0.953395,0.966235,1.018928
100,0.800000,0.100000,0.7,0.3,0.0,12,1.006343,1.015542,1.009141,1.020316,1.029612,0.000037,1.041009,0.000004,1.060097,0.614787,0.859427,0.907340,0.953395,0.965987,1.019861
100,0.800000,0.100000,0.7,0.3,0.0,13,1.006343,1.018631,1.012211,1.020316,1.032789,0.000037,1.041009,0.000004,1.066648,0.614787,0.850825,0.899338,0.953395,0.965904,1.021002
100,0.800000,0.100000,0.7,0.3,0.0,14,1.006343,1.021597,1.015158,1.020316,1.035771,0.000037,1.041009,0.000005,1.072818,0.614787,0.842419,0.891574,0.953395,0.965849,1.022233
100,0.800000,0.100000,0.7,0.3,0.0,15,1.006343,1.024864,1.018405,1.020316,1.039138,0.000037,1.041009,0.000005,1.079802,0.614787,0.834193,0.884041,0.953395,0.965814,1.023558
100,0.800000,0.100000,0.7,0.3,0.0,16,1.006343,1.028249,1.021768,1.020316,1.042554,0.000037,1.041009,0.000004,1.086914,0.614787,0.826121,0.876682,0.953395,0.965771,1.024915
100,0.800000,0.100000,0.7,0.3,0.0,17,1.006343,1.031975,1.025471,1.020316,1.046349,0.000037,1.041009,0.000006,1.094841,0.614787,0.818171,0.869474,0.953395,0.965690,1.026283
100,0.800000,0.100000,0.7,0.3,0.0,18,1.006343,1.035578,1.029051,1.020316,1.050021,0.000037,1.041009,0.000005,1.102538,0.614787,0.810292,0.862345,0.953395,0.965512,1.027582
100,0.800000,0.100000,0.7,0.3,0.0,19,1.006343,1.039147,1.032597,1.020316,1.053662,0.000037,1.041009,0.000006,1.110198,0.614787,0.802532,0.855334,0.953395,0.965298,1.028860
100,0.800000,0.100000,0.7,0.3,0.0,20,1.006343,1.043191,1.036616,1.020316,1.057750,0.000037,1.041009,0.000008,1.118828,0.614787,0.794833,0.848386,0.953395,0.964984,1.030057
100,0.800000,0.100000,0.7,0.3,0.0,21,1.006343,1.047392,1.040790,1.020316,1.062053,0.000037,1.041009,0.000007,1.127950,0.614787,0.787162,0.841446,0.953395,0.964528,1.031105
100,0.800000,0.100000,0.7,0.3,0.0,22,1.006343,1.051819,1.045189,1.020316,1.066554,0.000037,1.041009,0.000009,1.137529,0.614787,0.779554,0.834559,0.953395,0.963977,1.032063
100,0.800000,0.100000,0.7,0.3,0.0,23,1.006343,1.056384,1.049726,1.020316,1.071157,0.000037,1.041009,0.000011,1.147367,0.614787,0.771973,0.827649,0.953395,0.963286,1.032834
100,0.800000,0.100000,0.7,0.3,0.0,24,1.006343,1.061097,1.054409,1.020316,1.075936,0.000037,1.041009,0.000011,1.157628,0.614787,0.764454,0.820761,0.953395,0.962501,1.033477
100,0.800000,0.100000,0.7,0.3,0.0,25,1.006343,1.066480,1.059758,1.020316,1.081377,0.000037,1.041009,0.000011,1.169366,0.614787,0.756978,0.813861,0.953395,0.961600,1.033949
100,0.800000,0.100000,0.7,0.3,0.0,26,1.006343,1.071943,1.065187,1.020316,1.086941,0.000037,1.041009,0.000014,1.181427,0.614787,0.749563,0.806947,0.953395,0.960608,1.034245
100,0.800000,0.100000,0.7,0.3,0.0,27,1.006343,1.077832,1.071039,1.020316,1.092880,0.000037,1.041009,0.000014,1.194373,0.614787,0.742134,0.799953,0.953395,0.959429,1.034280
100,0.800000,0.100000,0.7,0.3,0.0,28,1.006343,1.084103,1.077270,1.020316,1.099255,0.000037,1.041009,0.000014,1.208348,0.614787,0.734819,0.792966,0.953395,0.958230,1.034167
100,0.800000,0.100000,0.7,0.3,0.0,29,1.006343,1.090824,1.083949,1.020316,1.106059,0.000037,1.041009,0.000017,1.223349,0.614787,0.727488,0.785881,0.953395,0.956843,1.033765
100,0.800000,0.100000,0.7,0.3,0.0,30,1.006343,1.097833,1.090913,1.020316,1.113186,0.000037,1.041009,0.000016,1.239167,0.614787,0.720251,0.778772,0.953395,0.955416,1.033171
100,0.800000,0.100000,0.7,0.3,0.0,31,1.006343,1.105127,1.098162,1.020316,1.120550,0.000037,1.041009,0.000019,1.255613,0.614787,0.713085,0.771596,0.953395,0.953917,1.032325
100,0.800000,0.100000,0.7,0.3,0.0,32,1.006343,1.113364,1.106347,1.020316,1.128855,0.000037,1.041009,0.000020,1.274293,0.614787,0.705981,0.764357,0.953395,0.952342,1.031230
100,0.800000,0.100000,0.7,0.3,0.0,33,1.006343,1.121910,1.114839,1.020316,1.137532,0.000037,1.041009,0.000020,1.293958,0.614787,0.698951,0.757029,0.953395,0.950704,1.029851
100,0.800000,0.100000,0.7,0.3,0.0,34,1.006343,1.131605,1.124473,1.020316,1.147273,0.000037,1.041009,0.000025,1.316210,0.614787,0.691963,0.749574,0.953395,0.948966,1.028130
100,0.800000,0.100000,0.7,0.3,0.0,35,1.006343,1.141589,1.134394,1.020316,1.157431,0.000037,1.041009,0.000025,1.339623,0.614787,0.685142,0.742087,0.953395,0.947298,1.026196
100,0.800000,0.100000,0.7,0.3,0.0,36,1.006343,1.152868,1.145601,1.020316,1.168798,0.000037,1.041009,0.000025,1.366064,0.614787,0.678408,0.734477,0.953395,0.945597,1.023919
100,0.800000,0.100000,0.7,0.3,0.0,37,1.006343,1.164595,1.157255,1.020316,1.180649,0.000037,1.041009,0.000029,1.393902,0.614787,0.671810,0.726769,0.953395,0.943934,1.021330
100,0.800000,0.100000,0.7,0.3,0.0,38,1.006343,1.177892,1.170468,1.020316,1.194098,0.000037,1.041009,0.000030,1.425841,0.614787,0.665363,0.718957,0.953395,0.942336,1.018419
100,0.800000,0.100000,0.7,0.3,0.0,39,1.006343,1.191994,1.184481,1.020316,1.208364,0.000037,1.041009,0.000031,1.460113,0.614787,0.659087,0.711037,0.953395,0.940836,1.015176
100,0.800000,0.100000,0.7,0.3,0.0,40,1.006343,1.207174,1.199566,1.020316,1.223707,0.000037,1.041009,0.000035,1.497425,0.614787,0.653020,0.702995,0.953395,0.939494,1.011577
100,0.800000,0.100000,0.7,0.3,0.0,41,1.006343,1.224584,1.216866,1.020316,1.241324,0.000037,1.041009,0.000042,1.540843,0.614787,0.647190,0.694839,0.953395,0.938357,1.007629
100,0.800000,0.100000,0.7,0.3,0.0,42,1.006343,1.242955,1.235121,1.020316,1.259865,0.000037,1.041009,0.000040,1.587220,0.614787,0.641618,0.686538,0.953395,0.937466,1.003283
100,0.800000,0.100000,0.7,0.3,0.0,43,1.006343,1.263114,1.255153,1.020316,1.280295,0.000037,1.041009,0.000043,1.639112,0.614787,0.636368,0.678111,0.953395,0.936925,0.998562
100,0.800000,0.100000,0.7,0.3,0.0,44,1.006343,1.285888,1.277784,1.020316,1.303342,0.000037,1.041009,0.000046,1.698654,0.614787,0.631468,0.669529,0.953395,0.936784,0.993418
100,0.800000,0.100000,0.7,0.3,0.0,45,1.006343,1.310796,1.302535,1.020316,1.328590,0.000037,1.041009,0.000053,1.765099,0.614787,0.627012,0.660800,0.953395,0.937196,0.987859
100,0.800000,0.100000,0.7,0.3,0.0,46,1.006343,1.338585,1.330148,1.020316,1.356798,0.000037,1.041009,0.000061,1.840839,0.614787,0.623068,0.651935,0.953395,0.938281,0.981895
100,0.800000,0.100000,0.7,0.3,0.0,47,1.006343,1.369851,1.361217,1.020316,1.388517,0.000037,1.041009,0.000068,1.927913,0.614787,0.619733,0.642896,0.953395,0.940204,0.975466
100,0.800000,0.100000,0.7,0.3,0.0,48,1.006343,1.404191,1.395341,1.020316,1.423426,0.000037,1.041009,0.000077,2.026063,0.614787,0.617135,0.633708,0.953395,0.943180,0.968600
100,0.800000,0.100000,0.7,0.3,0.0,49,1.006343,1.443038,1.433943,1.020316,1.463053,0.000037,1.041009,0.000083,2.140441,0.614787,0.615418,0.624334,0.953395,0.947461,0.961239
100,0.800000,0.100000,0.7,0.3,0.0,50,1.006343,1.486978,1.477606,1.020316,1.507998,0.000037,1.041009,0.000094,2.273965,0.614787,nan,nan,0.953395,nan,nan
